height,weight,chest,waist,hip,thigh,calf,arm,shoulder
166.7,70.8,99.8,89.4,98.3,57.3,37.9,32.0,39.5
165.6,58.8,94.6,74.5,90.1,53.7,34.1,31.1,37.9
172.9,65.6,97.2,83.8,90.7,53.6,33.5,31.7,38.0
168.5,70.4,99.3,88.5,99.8,59.1,38.2,31.8,36.1
160.2,50.1,81.8,71.8,92.2,50.0,33.1,26.0,33.5
164.2,52.2,83.9,71.1,89.4,53.0,34.8,26.3,34.9
158.9,54.1,86.7,73.7,92.8,56.9,34.3,29.2,33.2
153.1,56.4,90.2,81.6,90.9,59.2,34.5,31.3,33.7
153.8,51.2,87.5,77.0,91.3,52.0,33.6,30.1,35.5
163.2,49.0,80.3,70.8,85.0,48.2,34.0,26.2,35.7
165.1,56.5,87.2,79.9,92.3,53.3,33.4,28.3,35.0
174.5,52.7,84.2,68.4,91.8,50.5,32.7,26.8,37.4
153.2,52.8,87.6,80.8,92.0,54.0,34.5,28.1,34.4
158.4,61.0,90.7,86.3,100.0,57.5,35.0,30.5,36.3
158.1,43.9,82.5,65.4,83.2,47.8,32.1,25.0,33.5
171.5,73.3,101.5,89.4,99.8,60.6,40.7,32.0,40.2
164.6,52.1,88.8,72.3,87.0,50.3,36.9,28.8,37.1
175.7,77.0,104.5,85.4,100.4,58.7,38.7,35.0,41.0
174.4,82.5,103.5,97.2,99.3,61.0,39.7,36.2,40.0
169.8,84.2,109.9,96.9,102.0,63.7,41.7,36.8,40.0
166.9,59.8,90.0,75.1,88.8,49.7,35.7,31.9,39.4
173.1,74.5,104.9,86.2,96.4,57.1,37.0,33.5,38.7
171.3,69.0,101.4,78.1,94.2,53.2,38.2,33.1,38.8
156.5,58.4,92.1,84.2,95.4,56.2,35.6,31.4,35.7
167.2,73.8,101.7,89.2,103.6,62.2,38.2,33.3,38.7
157.8,49.4,83.1,69.8,88.3,53.8,33.0,28.0,34.4
156.1,47.0,81.9,68.0,86.9,52.6,35.1,26.6,35.7
163.1,48.9,83.5,64.1,87.4,51.5,33.7,27.0,34.7
161.2,59.7,90.8,79.1,95.4,57.8,35.8,33.0,35.2
161.7,71.0,95.3,84.8,103.9,66.5,38.7,34.8,37.1
166.9,83.3,98.5,88.6,107.2,69.5,43.4,38.1,38.8
162.8,60.2,91.3,77.2,92.5,57.2,37.4,30.0,35.7
159.6,57.5,89.9,74.9,96.8,59.7,33.7,30.5,36.1
163.9,53.9,83.2,67.1,92.8,54.1,35.0,28.5,38.2
169.0,67.2,92.1,83.6,99.8,58.1,38.2,32.0,36.7
153.0,45.3,80.0,63.2,86.5,51.6,34.4,26.2,35.6
170.9,57.6,90.4,76.7,92.0,53.4,34.2,29.6,39.0
159.1,58.8,85.4,74.5,99.3,59.5,38.0,29.8,35.7
168.5,69.2,89.6,81.8,102.1,61.9,38.5,34.0,34.9
161.7,66.0,94.5,81.4,98.3,56.8,37.6,32.1,39.4
169.9,53.6,82.4,63.2,89.3,54.1,36.5,27.2,37.5
157.6,50.6,85.5,67.7,87.9,48.8,34.0,28.3,34.9
167.7,73.7,96.9,87.4,102.1,63.0,28.8,38.4,40.7
158.6,58.8,93.1,81.2,92.0,54.7,35.6,32.9,36.2
162.2,61.6,91.5,71.1,95.5,59.1,37.0,31.5,35.3
156.5,45.2,79.4,64.9,82.7,46.5,32.8,26.5,34.9
159.1,51.9,88.0,74.2,90.3,51.7,30.7,27.9,35.8
164.8,49.3,83.9,64.0,89.2,53.7,32.7,26.4,36.1
165.7,58.8,87.1,71.6,93.0,54.5,37.0,29.1,35.7
166.0,60.4,89.5,68.0,95.0,59.5,35.3,31.0,37.0
160.6,53.5,82.5,69.2,91.8,53.4,35.0,30.0,35.4
154.0,50.5,82.6,70.3,91.5,54.9,36.8,28.2,32.8
155.5,50.5,82.9,67.2,89.0,52.1,35.1,30.6,35.1
169.3,65.2,88.8,74.9,100.8,58.6,37.5,31.3,36.8
163.8,67.2,89.1,80.8,101.3,60.0,39.0,30.7,36.0
160.8,53.4,84.8,65.8,94.0,55.6,35.0,29.1,36.3
162.5,51.1,78.5,67.0,92.0,52.7,34.0,26.0,33.7
153.5,45.4,82.3,62.0,88.5,53.6,33.4,26.5,34.5
161.0,51.4,83.1,68.9,90.8,53.8,33.5,30.0,34.2
160.5,48.6,79.2,64.0,88.3,54.1,32.8,26.5,34.3
154.6,49.3,81.8,67.8,91.5,53.3,33.0,29.0,36.1
156.4,45.1,81.3,66.0,86.0,49.8,30.8,27.5,35.2
158.5,47.4,84.5,70.1,85.5,50.5,31.2,28.1,34.5
160.0,60.6,88.7,76.1,101.3,63.0,36.3,32.0,34.3
154.0,64.4,94.6,88.3,99.8,62.5,36.7,33.7,36.6
177.0,69.0,88.2,73.8,99.7,59.2,42.0,29.0,39.2
162.7,55.4,87.7,73.5,86.5,47.2,35.8,29.5,34.1
159.2,48.4,82.4,66.8,88.8,51.2,33.2,27.5,33.2
165.9,60.4,90.6,74.6,96.5,54.4,36.2,30.0,38.8
153.6,47.6,80.6,68.4,87.9,50.2,35.1,26.0,35.0
170.4,62.7,97.0,77.5,92.9,53.8,35.6,32.9,40.1
164.0,66.2,99.7,85.2,96.0,56.8,36.9,32.3,38.5
172.8,64.5,97.6,81.5,90.2,52.7,34.0,31.4,36.8
172.2,83.8,106.1,91.1,102.0,63.2,41.5,37.8,41.2
175.7,74.8,98.8,86.6,96.5,57.0,38.5,32.1,41.6
178.8,75.2,101.1,77.4,95.8,59.5,40.1,32.0,40.5
170.0,64.8,95.0,72.2,92.8,54.5,39.8,33.8,38.6
175.2,72.4,105.9,81.2,94.4,56.5,40.0,34.5,41.1
173.6,77.3,100.3,81.2,100.8,61.9,39.8,36.1,41.9
176.4,84.4,101.5,89.9,102.2,64.3,41.5,35.3,39.5
177.5,74.9,96.5,89.5,99.2,61.5,40.5,32.0,40.6
173.4,78.0,102.9,88.7,100.5,60.0,39.5,34.2,39.5
177.1,72.2,100.4,79.8,97.1,56.4,37.9,33.5,41.6
172.0,64.1,93.4,77.0,93.5,53.5,36.0,32.0,38.9
178.1,80.3,105.2,88.0,102.9,60.6,39.9,34.3,41.4
175.1,68.1,94.8,77.4,93.5,54.3,37.2,31.8,39.7
166.4,70.8,96.4,82.1,97.3,61.0,40.1,30.8,38.5
169.1,77.6,101.2,87.9,99.3,60.6,41.0,34.5,38.4
179.0,74.5,100.3,84.0,97.2,56.1,37.8,35.4,39.6
172.0,68.8,99.0,83.3,91.6,55.0,39.4,32.6,40.2
183.7,94.2,109.8,96.0,103.9,65.1,42.3,33.9,39.6
172.5,85.7,104.4,83.7,105.8,65.6,44.0,36.0,39.7
183.0,77.0,101.7,78.3,96.4,56.6,38.6,34.9,43.6
178.6,54.2,86.5,70.5,85.4,47.5,32.6,25.5,39.5
184.1,89.6,111.2,87.6,101.3,61.2,41.5,37.2,40.9
172.7,63.7,94.7,77.7,92.4,54.7,36.5,30.5,40.8
168.4,61.3,96.5,79.0,89.6,53.2,34.0,30.5,38.0
162.1,57.0,89.7,73.2,91.7,55.5,35.2,29.7,35.8
161.1,48.4,85.1,71.5,88.4,49.8,32.0,30.0,37.4
160.0,55.7,84.4,73.6,95.0,58.7,35.2,31.3,35.3
159.9,47.3,82.2,62.9,87.5,48.7,34.6,27.1,37.1
163.7,44.9,77.4,63.2,82.6,47.7,32.6,25.3,35.3
158.6,54.6,83.1,72.9,95.2,57.3,34.8,29.2,36.3
152.1,47.6,85.3,70.1,86.5,50.7,32.9,30.0,33.8
160.3,63.5,94.5,80.5,96.8,60.6,37.1,32.7,36.0
170.2,68.7,93.5,82.4,102.0,60.4,38.0,35.0,37.9
171.1,66.5,93.4,79.3,98.5,58.2,38.5,32.0,37.9
164.0,70.6,99.1,87.3,105.5,61.5,38.2,33.8,37.1
166.6,49.3,82.0,66.1,89.0,51.8,31.5,27.3,35.6
163.7,71.1,90.8,84.6,106.2,64.0,38.5,33.3,35.0
154.2,84.1,105.6,104.8,108.8,69.7,41.2,39.2,37.4
161.2,64.9,94.8,85.6,93.0,52.5,36.2,32.7,35.7
155.8,65.1,94.4,91.0,97.6,58.0,36.1,32.5,33.8
162.2,60.9,91.1,75.3,95.7,57.5,36.8,32.1,36.0
160.7,49.4,83.8,66.6,87.6,52.2,35.0,27.2,34.8
167.9,73.3,95.5,82.3,102.5,62.3,39.5,30.9,36.9
155.1,46.4,77.6,63.9,88.1,51.7,34.5,26.4,33.7
166.8,58.0,92.2,73.8,94.0,56.4,36.4,29.0,37.5
167.4,52.7,81.7,65.3,90.8,54.8,33.9,26.0,35.2
167.2,51.5,79.6,67.5,95.3,52.8,32.0,26.0,36.7
163.8,61.2,89.4,80.9,96.3,58.5,35.5,32.0,37.8
158.1,54.9,88.1,71.9,93.2,55.0,34.2,29.0,35.7
162.8,64.5,93.5,81.9,98.0,62.1,38.0,31.1,35.4
163.6,54.3,86.6,69.0,92.4,56.4,34.7,28.0,35.2
153.1,58.2,87.5,80.0,96.1,60.2,36.2,30.3,33.9
170.0,82.2,102.1,90.5,106.0,65.2,41.3,35.7,37.2
162.9,48.3,79.7,62.6,89.5,51.7,32.7,26.3,36.2
156.7,48.0,85.2,71.1,89.9,52.7,31.7,27.0,35.5
169.7,60.1,87.1,73.6,90.5,53.0,34.4,29.0,39.3
158.2,53.1,80.3,71.5,94.0,57.5,36.3,30.0,35.0
148.5,38.4,77.0,61.0,79.2,47.8,31.2,24.8,32.3
164.4,54.1,81.5,67.8,92.0,55.0,34.0,29.0,33.6
170.4,85.5,105.5,98.8,112.8,64.8,39.7,38.6,38.4
170.1,73.3,102.9,84.3,100.3,62.0,36.8,35.5,39.2
163.4,54.4,88.7,73.7,89.0,52.3,35.7,26.8,35.5
161.5,56.6,83.5,71.7,94.0,57.1,37.0,29.7,35.9
160.2,64.5,90.2,75.4,100.0,62.8,39.4,30.5,36.8
164.8,64.0,86.7,75.6,99.7,60.2,39.2,30.5,35.6
161.2,60.2,91.0,72.8,95.3,58.9,37.9,31.5,36.6
168.3,64.9,92.0,77.9,97.2,57.9,37.2,30.5,38.6
168.5,55.2,83.5,74.2,91.2,51.2,35.5,27.0,37.4
167.7,70.4,95.6,80.3,96.3,57.7,42.5,32.6,39.5
159.0,51.6,82.3,66.8,90.1,56.8,34.1,27.3,36.7
163.3,64.4,89.9,75.6,97.2,61.3,36.4,31.3,35.8
169.8,51.5,86.0,65.8,89.5,52.1,32.6,26.8,35.6
158.2,49.3,83.0,66.9,88.2,52.6,34.2,26.8,35.6
157.0,51.1,84.1,67.8,91.2,51.2,33.7,28.2,34.7
166.6,66.5,91.0,82.7,98.4,59.2,40.4,31.5,37.4
160.4,52.9,86.7,74.9,89.0,55.2,33.8,30.0,37.0
165.1,69.9,94.0,85.6,102.2,59.8,40.5,35.0,35.4
163.5,47.6,76.7,64.0,89.2,51.9,32.6,24.9,35.4
163.1,63.6,91.0,78.0,98.0,59.9,38.2,31.0,37.3
158.2,52.2,86.9,68.4,89.5,52.0,35.9,29.2,33.0
164.5,69.0,96.7,85.6,100.4,59.4,40.1,32.5,36.2
170.6,56.5,81.1,69.3,91.5,53.5,35.2,28.0,37.5
164.5,75.1,96.2,81.7,109.0,69.1,38.4,34.5,37.9
158.1,47.5,81.3,64.5,88.2,51.7,32.2,27.5,34.2
157.5,57.7,87.7,73.0,95.8,59.5,35.4,32.5,37.0
169.6,84.7,102.0,91.7,112.0,70.5,39.5,38.7,39.1
156.9,45.7,77.8,65.6,85.8,50.7,32.3,26.0,35.1
153.9,48.3,81.2,68.1,90.2,55.0,33.2,26.8,33.7
172.7,91.4,106.4,93.2,117.2,74.9,43.3,37.0,31.6
157.2,50.2,82.7,71.5,88.2,54.0,33.7,28.9,36.5
165.2,51.3,82.5,67.3,89.1,51.9,32.9,27.0,36.7
161.6,53.8,81.8,74.4,91.7,54.7,34.5,28.0,38.3
161.8,58.1,86.0,72.2,94.5,59.7,36.6,30.7,36.3
155.3,50.0,81.6,67.4,88.2,52.7,33.9,26.3,34.0
160.0,49.8,81.5,69.7,89.8,52.0,32.0,27.0,35.6
174.2,68.6,100.3,79.6,97.8,57.0,36.7,30.6,40.4
185.0,76.9,104.3,79.8,97.2,59.8,39.5,33.0,42.7
172.6,76.0,104.8,89.2,94.9,59.7,39.8,34.3,39.8
178.3,121.0,122.8,119.6,115.8,75.4,46.3,44.8,44.8
173.7,76.6,100.7,89.0,99.8,61.6,37.3,34.5,42.2
174.9,67.2,97.2,79.4,93.2,55.9,37.7,32.5,41.0
163.8,56.2,88.4,76.8,89.4,52.2,33.8,30.7,38.6
177.6,79.8,106.0,92.9,98.5,59.3,38.9,34.7,39.5
177.6,69.4,100.0,83.3,95.0,54.7,35.6,30.4,40.6
160.1,68.2,96.5,82.8,96.5,60.0,38.1,33.8,38.8
181.0,78.3,105.3,79.6,99.7,60.6,39.3,34.9,43.7
176.1,94.9,114.0,103.3,104.7,65.9,41.6,38.4,42.3
180.6,84.6,103.0,88.7,100.8,65.1,41.5,34.7,39.7
167.4,61.6,98.7,70.8,86.8,53.4,36.6,30.9,39.6
178.5,83.5,112.1,86.2,101.7,61.7,39.3,35.6,42.9
175.6,78.7,101.5,86.2,98.5,62.2,39.5,34.1,40.1
185.3,85.8,104.6,85.0,103.0,62.2,39.9,32.4,42.0
179.5,81.1,106.5,82.1,100.0,60.0,40.8,35.4,41.4
182.0,97.6,107.6,96.0,112.0,68.8,43.5,37.0,40.3
182.0,75.6,100.8,78.7,96.8,54.7,39.4,33.5,39.5
180.4,91.9,110.0,84.0,106.4,66.0,43.8,35.1,42.6
173.7,70.9,100.0,81.4,93.7,56.2,37.7,32.8,38.8
175.9,77.7,100.3,84.0,99.9,61.0,39.2,34.0,39.9
176.4,67.6,99.8,81.6,91.9,53.7,33.5,32.0,42.2
173.3,65.6,98.5,77.7,89.5,51.3,37.7,30.2,41.2
181.8,82.3,104.1,85.7,100.4,60.0,39.1,34.3,41.3
171.3,75.7,96.3,84.5,98.3,61.8,41.5,34.1,37.5
166.5,63.8,95.0,78.5,90.7,57.5,36.5,31.0,36.7
167.4,68.7,99.0,83.5,94.6,56.0,36.8,31.9,37.7
173.3,68.8,102.5,79.2,92.7,54.0,35.2,30.2,41.6
177.2,76.4,112.4,77.0,94.0,57.8,37.4,35.5,42.2
176.1,82.2,105.2,86.5,99.5,64.2,41.2,36.3,38.3
168.2,61.8,92.6,75.1,91.4,53.7,36.5,30.1,38.6
175.9,78.5,105.5,88.0,100.5,61.2,37.4,33.4,38.0
183.1,82.7,105.0,80.7,102.0,60.0,39.0,36.0,44.6
174.0,65.5,98.4,76.0,91.7,56.6,36.5,30.0,39.0
183.3,99.0,106.1,95.6,113.1,69.6,44.6,36.0,40.4
169.5,74.2,103.0,88.8,97.7,56.2,37.2,33.0,40.3
165.0,73.0,101.3,88.6,99.1,60.0,38.4,34.7,38.5
185.6,87.4,107.0,89.4,107.3,64.0,41.0,35.6,43.4
156.9,74.2,100.0,92.8,104.9,64.0,39.1,34.0,38.5
167.7,59.6,93.0,73.2,89.0,53.5,35.5,30.8,37.8
170.0,61.0,91.8,72.8,92.5,55.2,37.0,30.8,38.2
173.8,77.7,108.6,87.7,95.5,56.4,38.3,34.6,42.4
177.1,71.1,99.3,79.5,96.7,55.7,37.0,31.8,42.6
172.8,72.7,99.2,82.2,97.0,56.7,39.7,34.3,39.9
178.0,94.6,110.0,94.3,105.0,68.5,40.3,39.8,41.9
174.8,72.5,100.7,88.0,96.0,58.5,37.5,32.9,41.1
175.1,78.9,103.6,87.0,103.6,61.5,38.3,35.1,42.2
176.5,106.3,112.5,104.4,117.2,72.3,45.0,40.3,40.5
175.8,66.0,96.5,72.0,91.8,54.1,36.0,31.5,39.8
177.2,73.4,95.5,84.5,98.7,57.9,39.3,33.2,39.7
182.7,90.1,107.2,90.8,105.7,66.7,38.1,38.5,44.4
178.8,81.5,101.0,79.0,100.1,62.6,42.2,34.6,42.0
179.0,102.6,110.2,106.8,114.0,71.0,44.3,38.2,40.0
173.5,89.0,107.2,96.0,108.0,66.0,42.0,35.8,40.1
174.6,78.0,106.2,82.2,96.2,60.0,38.7,35.4,40.7
154.7,59.8,90.5,79.4,94.5,57.4,37.8,31.8,34.3
163.8,60.8,87.1,75.5,98.7,61.9,36.6,30.3,33.5
160.6,59.0,86.3,69.3,99.4,59.5,37.0,29.4,33.2
157.7,48.6,78.6,65.2,88.5,51.5,34.9,26.2,33.9
155.4,56.5,88.1,77.0,94.8,57.8,36.3,31.3,34.7
170.3,64.9,86.2,76.2,99.5,58.1,39.4,30.0,35.4
166.2,50.3,85.6,74.0,88.2,48.1,31.3,28.9,38.3
160.9,51.4,86.0,70.5,86.1,52.1,34.2,28.9,35.3
154.9,59.4,88.8,79.9,95.3,57.9,35.3,31.6,35.4
159.0,51.6,83.0,71.3,93.0,56.6,33.7,26.8,34.0
158.3,48.6,84.0,66.1,90.5,53.7,32.9,25.4,36.0
161.8,69.2,98.5,81.0,104.7,66.2,37.1,33.3,36.9
152.4,62.5,90.2,81.7,99.2,60.3,40.0,33.6,36.1
164.1,54.4,88.1,75.6,93.0,53.6,33.4,28.9,36.5
166.5,64.4,86.1,75.2,98.7,59.5,38.7,28.2,37.9
161.4,55.3,92.1,71.0,92.0,53.7,34.0,28.0,35.2
158.5,54.3,83.0,72.8,95.4,58.2,36.3,26.0,34.8
162.7,55.9,82.1,72.6,95.2,56.0,38.2,28.0,36.1
165.6,51.1,80.9,66.4,85.3,50.6,34.8,27.0,35.7
156.7,69.2,95.9,85.5,100.6,63.5,40.9,35.2,34.5
164.5,67.9,92.8,80.0,103.3,61.4,38.0,33.7,36.1
164.1,59.6,89.3,76.5,99.2,56.3,34.8,28.5,35.8
157.5,47.0,81.8,63.8,91.3,53.5,32.6,25.1,34.9
167.2,57.7,87.5,77.8,97.9,56.9,35.2,27.3,36.1
158.5,81.1,108.3,93.8,106.9,66.3,43.1,36.2,37.4
158.1,55.5,86.1,68.3,98.4,57.5,35.4,28.2,36.6
152.2,52.8,86.4,73.6,92.2,56.8,34.3,31.5,32.9
164.9,49.5,80.6,71.7,88.7,52.1,31.9,25.5,34.4
153.0,49.0,81.2,69.4,90.2,54.2,33.4,29.3,33.6
155.4,54.9,85.0,71.5,95.2,58.8,34.5,31.0,34.6
165.4,50.8,80.3,65.1,89.4,52.0,32.3,26.3,35.4
169.7,58.2,79.9,69.3,96.0,58.2,36.4,26.8,36.3
169.0,59.0,83.1,73.8,93.9,54.5,35.5,27.5,35.6
151.4,60.5,93.0,81.7,98.5,60.6,36.1,32.3,34.1
152.5,50.5,85.5,69.6,89.8,53.6,32.9,29.6,35.0
159.7,58.7,93.6,79.6,98.5,59.4,36.2,30.3,37.7
159.5,54.1,85.5,72.1,92.0,54.5,35.1,30.6,36.6
161.2,54.5,89.4,73.1,92.0,56.2,34.2,30.5,36.0
164.9,57.8,88.5,71.5,95.6,54.9,35.7,29.0,37.5
154.8,53.2,89.6,73.0,91.0,54.9,35.8,30.5,36.1
164.6,67.0,94.1,80.8,103.4,62.7,38.3,31.0,36.1
172.1,56.4,84.4,68.4,96.0,57.1,34.3,25.9,37.3
161.9,70.4,103.0,93.1,101.8,61.0,37.9,33.9,36.4
159.3,49.4,82.0,67.2,87.4,51.4,33.2,27.6,36.3
160.0,65.2,88.3,79.8,107.8,64.7,37.6,31.8,35.2
161.2,58.5,91.5,72.5,91.1,54.1,36.5,31.1,36.5
166.0,71.1,97.4,84.2,102.5,60.2,35.8,34.4,39.3
160.3,57.2,88.8,72.6,95.4,58.4,35.2,29.5,35.8
164.9,67.8,98.9,82.3,97.0,60.0,35.8,33.7,38.5
163.5,90.3,110.9,100.8,112.5,69.9,43.1,38.8,40.3
160.7,45.1,81.8,63.8,85.2,51.9,31.6,25.2,34.4
158.6,54.3,88.5,77.1,92.1,57.9,33.2,29.5,35.2
153.8,44.6,81.1,68.1,85.3,51.5,32.2,28.3,33.4
158.9,53.4,86.5,74.4,91.5,56.3,32.7,29.8,35.1
153.7,53.7,90.3,75.7,94.0,56.7,36.0,29.2,33.9
167.4,47.4,78.8,61.1,87.9,51.2,33.8,25.5,36.7
163.0,51.6,79.5,66.2,92.7,54.6,34.4,26.5,33.2
157.2,50.7,83.3,70.4,91.6,54.9,34.3,28.0,35.5
160.5,68.6,93.4,82.6,103.0,61.2,39.4,34.0,37.3
152.2,45.5,82.5,65.3,86.7,51.7,33.3,26.3,33.8
156.2,77.3,101.9,89.7,107.8,64.1,42.8,34.5,38.3
158.3,64.4,93.6,83.2,99.5,58.1,38.5,30.4,35.2
172.6,59.6,85.2,67.6,97.4,56.9,38.1,26.9,37.0
172.5,71.0,95.4,81.9,97.1,58.9,38.8,31.0,36.5
160.8,60.0,90.5,73.3,97.8,59.1,35.5,29.9,38.0
164.9,51.5,83.3,64.9,91.9,52.0,33.0,25.4,36.3
156.0,49.9,82.0,68.2,93.2,52.8,34.4,28.0,36.0
158.0,81.9,104.1,92.4,115.2,70.0,42.5,37.9,37.6
159.5,56.5,91.0,79.7,92.3,53.4,34.1,30.0,37.2
150.2,47.2,82.4,66.8,89.4,53.6,31.4,27.9,35.9
162.7,54.6,85.1,70.1,93.8,54.1,35.8,28.5,37.1
159.4,48.5,84.9,64.7,85.7,48.0,34.0,26.0,36.0
169.9,59.5,87.7,78.4,94.7,55.3,36.8,29.2,36.3
167.8,60.7,93.2,76.5,97.7,57.4,32.4,29.8,37.8
160.1,66.2,96.6,87.7,100.0,58.5,36.0,33.0,35.5
156.8,72.0,95.0,84.1,109.4,67.6,42.9,34.4,37.1
161.2,84.4,95.3,88.3,114.1,72.4,44.7,37.1,38.0
159.1,51.8,83.3,69.9,91.3,54.3,33.9,28.0,34.1
157.8,42.4,78.7,66.3,85.8,46.9,30.5,23.5,34.4
164.4,58.2,85.8,75.5,94.9,56.1,35.5,29.8,36.0
161.9,57.9,87.9,74.5,92.6,54.0,37.5,29.4,34.1
163.1,47.6,79.3,63.8,86.0,51.5,33.4,23.8,35.5
157.2,58.3,88.3,78.2,96.7,55.9,37.6,30.1,35.6
162.4,52.5,82.8,67.5,90.8,54.4,34.6,29.2,36.8
156.0,64.0,93.5,83.8,99.6,62.8,37.2,33.0,37.5
159.4,53.7,88.6,70.2,93.5,55.9,34.9,29.5,38.1
160.2,49.3,82.0,69.7,91.2,51.2,31.8,28.5,35.9
158.9,49.4,84.7,72.8,86.0,51.1,33.0,27.6,35.3
159.0,55.0,82.8,76.3,92.2,54.7,35.8,27.4,35.4
161.1,65.3,95.4,87.2,98.0,60.2,37.0,32.2,35.3
157.7,64.4,95.3,82.5,100.9,60.7,36.5,31.7,35.5
156.0,66.7,99.8,86.3,97.2,61.3,39.6,33.1,38.1
167.0,66.1,92.2,81.6,103.5,61.5,38.1,31.2,37.0
165.5,53.9,83.4,72.7,90.4,51.8,34.3,27.3,34.5
164.8,61.0,99.8,71.2,89.4,54.6,35.8,33.2,38.0
176.5,69.3,98.5,84.1,95.2,56.6,36.0,30.4,41.5
177.1,72.5,97.7,76.9,96.7,58.0,38.3,33.0,42.7
163.4,62.6,99.6,76.9,89.5,55.6,36.5,33.0,39.1
167.3,70.7,100.3,82.5,100.7,60.8,38.2,33.0,40.0
174.6,60.3,94.5,78.5,88.2,53.1,30.9,29.5,38.4
171.1,74.6,101.3,88.8,97.6,62.3,39.8,32.8,39.3
174.0,56.1,86.7,69.8,89.3,50.1,33.9,27.1,38.8
174.7,66.2,97.9,79.9,95.2,55.3,35.6,31.0,39.4
173.2,79.3,104.1,88.3,100.3,62.5,41.1,34.3,41.5
171.5,66.5,99.9,82.5,94.6,55.8,35.0,32.2,39.5
186.1,80.4,98.8,85.4,98.8,59.6,41.1,31.5,40.7
168.9,98.5,119.7,116.1,106.4,66.1,44.7,39.5,41.9
162.1,64.0,93.3,76.2,93.7,58.7,40.0,32.9,37.7
176.1,70.9,98.1,79.7,96.5,58.8,41.6,30.7,41.1
176.5,84.1,109.8,91.0,97.4,60.7,40.3,35.0,43.2
172.0,70.6,100.0,85.9,95.7,59.1,38.8,32.4,39.6
166.0,73.8,106.8,90.5,101.1,60.8,38.2,33.5,42.0
174.7,82.3,107.4,94.7,100.0,60.5,40.9,36.8,40.6
178.4,68.4,96.2,77.0,93.6,54.6,36.9,33.0,44.5
176.6,66.6,100.2,72.4,90.4,55.2,35.0,33.3,43.0
183.0,83.6,103.0,83.0,100.7,65.3,40.3,33.7,43.6
166.4,72.6,97.9,87.4,99.4,59.2,36.0,34.9,40.0
171.8,77.6,104.3,89.0,97.7,58.5,38.8,33.9,41.4
176.3,88.3,113.7,93.9,103.1,64.5,42.9,37.9,41.8
176.6,90.8,108.8,91.4,106.1,63.4,43.7,34.5,42.8
182.8,86.4,105.3,88.2,102.7,60.7,39.9,34.5,43.2
166.0,63.5,99.2,81.1,90.0,51.7,35.5,30.8,39.3
185.2,75.5,97.2,84.3,98.1,56.0,36.5,31.3,40.9
167.3,69.9,100.3,87.0,96.4,56.0,37.1,30.6,38.0
184.1,75.4,99.7,82.4,97.4,54.7,37.5,31.2,42.3
170.7,73.6,97.7,82.8,102.0,59.5,39.2,32.0,39.9
175.8,78.1,110.9,86.7,95.1,57.7,37.5,37.0,41.1
169.3,92.3,110.8,103.5,107.9,66.7,41.7,37.3,40.5
170.3,60.5,93.4,74.1,92.4,55.0,36.4,29.2,38.0
166.5,49.3,85.7,69.1,82.0,46.2,31.4,27.2,39.9
170.9,62.6,90.7,76.8,93.5,52.9,35.5,30.2,41.0
178.6,57.3,90.5,65.5,84.5,47.4,33.0,29.8,41.7
176.5,92.5,113.8,99.4,100.9,62.0,39.3,40.5,38.9
169.2,71.2,100.9,83.0,94.4,54.0,37.6,32.5,37.0
178.9,87.5,109.9,92.8,102.6,61.5,40.7,35.7,39.6
176.8,80.6,97.7,83.0,102.6,63.0,40.1,32.0,40.5
174.4,76.3,99.6,81.9,99.0,58.1,38.6,32.0,36.5
166.4,64.7,95.2,79.2,93.5,57.0,38.3,33.0,37.0
173.4,59.8,98.2,75.8,84.8,49.7,34.2,30.9,40.3
187.7,87.4,105.4,87.5,100.3,61.6,37.6,34.7,44.0
166.8,58.7,93.9,69.9,88.9,52.5,35.4,28.5,39.5
175.8,75.2,102.9,84.4,95.5,58.3,38.6,32.9,41.0
173.6,67.9,97.1,79.8,95.5,55.1,38.0,30.7,41.0
176.9,63.5,96.8,75.5,92.6,53.8,35.5,31.0,37.6
174.1,81.7,107.7,95.1,98.3,61.0,39.4,35.5,38.9
174.4,89.7,105.5,96.1,104.1,63.0,43.5,36.5,40.6
169.6,62.7,90.1,73.7,95.3,55.1,36.4,29.1,40.2
179.0,76.8,96.7,85.5,101.0,61.0,39.3,32.1,38.1
173.6,71.8,97.8,81.7,94.5,57.5,37.0,32.2,39.0
167.1,63.1,92.5,78.0,93.3,56.1,37.2,30.5,36.6
169.1,81.5,110.8,93.1,100.1,59.7,40.5,36.4,40.0
176.4,89.7,108.3,96.5,105.9,64.6,41.9,36.4,39.4
171.2,66.2,102.2,79.0,90.5,55.3,36.4,32.3,38.0
177.9,72.5,93.4,79.7,96.4,58.3,38.6,32.5,39.2
162.2,53.3,85.1,70.4,88.4,53.8,33.0,28.2,35.4
156.7,48.3,80.0,67.7,92.0,52.5,33.0,28.2,34.1
164.7,52.9,85.0,71.5,85.9,51.1,35.0,28.5,37.1
163.2,57.1,88.0,68.3,89.8,56.6,35.2,29.4,36.1
164.7,52.7,83.9,71.4,88.4,51.2,33.0,28.4,35.8
171.5,57.0,87.7,69.6,91.8,50.9,34.1,25.2,37.3
162.9,69.0,95.8,81.7,101.1,61.8,41.1,33.5,34.5
167.6,71.8,97.7,84.9,101.0,59.0,38.5,32.5,36.4
159.4,65.0,96.3,82.9,96.8,61.4,37.8,33.0,37.7
181.0,62.5,85.5,70.3,97.6,54.1,35.2,30.2,38.3
163.6,63.6,95.3,84.8,96.0,55.4,37.0,32.2,34.9
162.7,58.8,92.7,81.3,89.8,52.5,33.5,29.8,36.3
156.4,64.1,94.9,85.2,96.5,56.6,37.8,33.2,36.3
168.1,60.0,83.7,71.7,100.3,57.0,35.4,28.5,33.3
157.0,51.5,83.9,69.7,86.7,53.3,36.7,27.2,34.3
154.5,48.4,89.2,69.5,89.2,50.1,33.5,28.6,35.9
177.2,43.6,78.3,66.8,93.9,49.9,33.7,25.8,35.3
168.7,54.6,84.9,71.9,93.2,54.1,35.0,27.3,37.0
151.9,54.4,89.9,76.3,92.9,60.8,36.9,30.5,33.1
171.2,63.8,89.6,75.8,98.2,58.8,36.8,28.7,38.3
159.9,50.7,84.0,68.8,88.4,53.9,33.7,28.9,33.3
164.1,59.9,86.1,73.2,96.5,59.9,37.0,28.8,36.3
166.1,55.0,84.1,71.9,94.5,55.0,35.1,26.7,35.4
154.6,45.5,76.8,63.5,89.2,51.7,32.5,26.8,34.1
161.0,58.0,89.4,76.5,92.8,57.0,35.5,28.9,36.0
150.8,45.6,82.9,64.3,82.4,49.8,33.2,28.6,33.0
174.7,50.5,86.0,65.5,85.5,48.7,33.1,23.0,36.2
161.0,53.1,88.6,70.0,91.8,50.7,32.9,26.7,35.2
152.9,57.6,89.6,77.8,94.4,54.5,34.7,31.8,33.8
157.8,52.1,83.6,74.7,95.7,53.0,34.0,27.5,36.6
171.0,66.8,97.7,78.8,99.4,62.3,37.6,30.5,38.5
159.5,56.3,89.7,80.4,96.5,56.4,36.6,29.0,35.3
161.0,51.3,85.5,70.4,91.7,54.0,32.3,28.0,33.9
158.4,75.6,102.8,93.8,107.2,64.3,36.2,32.5,37.0
161.8,57.6,83.2,73.8,93.6,60.5,37.0,29.0,34.5
159.4,52.5,88.5,71.1,90.5,52.9,37.3,26.6,35.1
159.0,50.5,84.0,65.8,90.9,54.3,34.0,27.0,35.5
158.8,53.6,88.7,75.4,87.5,49.4,34.8,29.8,34.0
163.5,52.4,86.5,70.3,91.5,54.8,34.1,28.3,34.6
166.5,63.8,92.3,81.4,99.5,58.4,36.8,31.0,35.4
168.2,48.6,78.9,66.8,89.0,50.8,33.1,26.0,33.7
155.5,46.2,79.8,69.3,85.8,52.2,33.4,25.5,34.4
167.7,54.6,84.3,68.3,93.0,58.0,34.1,27.8,36.1
163.6,56.6,90.3,74.9,97.0,61.3,35.4,28.2,35.6
159.5,68.3,95.9,84.4,105.1,66.0,39.2,34.0,36.7
150.8,45.4,80.2,65.3,88.9,55.0,34.6,26.1,33.6
157.5,64.1,94.3,78.3,98.9,63.1,38.2,33.5,34.0
176.1,56.1,83.7,68.8,88.7,50.5,35.5,25.5,37.5
158.5,60.9,89.4,77.8,102.7,60.6,36.8,31.0,35.9
167.7,93.2,107.8,99.9,118.2,73.3,42.5,37.3,39.1
153.3,53.4,86.1,77.4,94.3,61.4,33.3,30.7,33.0
162.5,46.4,81.1,70.4,88.8,52.6,31.4,25.4,35.6
158.2,54.0,91.7,77.2,89.5,56.9,35.9,28.0,32.5
167.0,59.9,90.7,79.5,94.5,54.5,36.1,30.0,38.7
170.1,75.4,99.5,89.8,102.8,64.6,39.2,32.2,34.5
166.6,64.1,94.5,84.4,99.2,57.4,36.0,31.2,36.6
172.1,64.1,91.3,78.6,98.8,61.1,35.1,31.2,36.7
162.0,75.1,102.2,91.6,99.9,63.0,40.0,36.6,35.8
167.1,62.1,87.3,72.3,99.8,63.3,38.4,29.3,33.7
159.7,50.0,85.3,70.3,85.5,50.9,34.3,27.4,35.4
158.1,58.4,88.8,75.9,96.2,63.6,37.1,31.2,33.4
159.9,55.4,89.0,73.6,96.4,61.3,35.0,29.3,36.9
154.3,69.6,95.0,91.4,103.1,68.5,39.1,33.3,32.2
161.5,58.2,87.5,81.1,96.5,63.8,33.8,28.9,34.6
162.0,56.2,87.0,75.5,93.7,57.0,36.4,29.0,34.5
158.5,46.9,81.1,67.1,89.5,54.4,31.5,28.0,35.5
168.0,66.7,92.8,80.0,102.1,67.4,38.2,30.2,38.5
152.4,60.2,90.1,80.8,101.0,64.9,38.0,30.0,34.9
153.8,61.5,93.9,78.8,97.1,62.0,37.6,32.5,34.8
154.5,46.2,80.4,70.6,89.2,55.6,33.2,27.4,35.3
161.0,47.4,80.9,64.9,87.4,55.7,31.3,26.5,33.9
156.9,45.1,79.8,65.5,85.4,55.0,32.5,25.3,35.5
159.7,57.4,86.8,71.5,94.0,61.7,36.1,30.8,35.1
160.9,45.3,78.1,65.0,85.6,55.4,32.3,24.6,33.6
161.6,64.5,92.3,77.5,100.1,60.2,38.8,29.8,34.3
161.8,56.3,88.1,74.9,92.2,60.2,35.3,30.1,36.9
163.3,67.5,96.6,82.9,99.5,62.5,39.4,32.2,36.2
151.6,53.3,88.8,73.0,93.3,58.1,34.3,30.5,34.6
163.7,57.9,89.6,72.3,93.5,59.2,33.1,28.8,37.0
167.8,57.3,90.8,73.3,96.3,57.1,32.3,30.3,36.8
162.5,63.9,89.8,72.2,99.3,63.6,37.9,31.4,35.4
163.3,67.8,94.4,80.4,101.3,65.9,37.0,32.4,37.3
162.2,74.5,96.4,87.7,107.8,70.2,41.7,33.9,36.2
154.8,70.8,101.2,87.9,100.8,65.5,41.1,35.7,36.4
152.1,48.8,83.3,71.7,89.0,58.8,34.4,27.2,36.8
159.4,50.5,82.3,70.3,91.1,55.9,32.4,27.2,34.7
165.6,67.0,94.5,88.1,97.5,58.1,37.6,30.9,34.8
158.2,47.3,79.6,62.9,90.8,52.1,32.3,26.1,34.6
155.1,57.8,91.0,77.4,97.0,63.0,34.0,31.2,36.4
167.3,57.5,87.7,75.4,91.5,55.8,33.8,29.9,35.4
159.1,41.3,74.8,61.6,81.6,50.9,31.4,25.0,32.3
167.4,71.0,97.3,81.9,100.0,63.0,39.8,33.5,37.0
161.4,55.6,84.9,71.3,92.9,59.0,35.8,27.8,35.6
160.7,85.4,109.0,93.3,107.6,70.9,44.6,38.5,40.4
161.9,47.6,81.4,69.4,89.5,65.4,32.6,24.7,34.8
158.6,47.6,81.8,67.1,90.0,57.4,33.0,26.6,34.2
184.2,90.7,104.9,96.4,107.5,65.1,42.5,34.8,40.4
175.6,67.7,103.2,79.4,92.4,56.1,35.6,33.2,41.5
173.1,90.7,111.3,98.4,105.4,68.4,42.0,37.7,39.8
170.1,75.1,107.5,83.6,96.6,59.8,39.8,36.2,40.9
185.1,83.6,101.4,88.0,102.0,64.9,39.3,35.5,39.8
170.3,65.3,99.6,79.6,95.8,60.5,38.8,31.0,40.5
179.5,118.8,119.4,117.1,116.7,73.7,46.3,42.0,42.4
184.3,71.1,104.0,73.1,93.1,54.4,39.2,30.6,41.7
167.9,67.3,102.4,81.4,93.6,59.5,35.9,33.5,38.7
177.7,72.0,103.9,86.0,92.8,59.8,36.3,34.5,37.2
175.4,75.3,104.8,83.7,95.6,61.8,37.3,33.5,40.8
171.5,76.8,101.7,88.4,102.9,66.9,40.5,30.7,39.8
171.0,89.3,116.0,97.7,103.4,65.2,43.6,37.7,41.1
177.0,86.4,109.4,94.3,100.5,64.1,39.9,38.2,40.6
178.1,69.2,100.4,77.7,94.7,61.1,39.1,32.5,41.7
173.2,72.2,100.5,81.2,95.2,59.8,41.6,33.6,40.5
179.4,72.1,94.3,79.9,96.7,62.0,37.8,30.9,42.8
173.7,77.1,107.0,86.8,95.8,63.8,40.8,33.5,40.6
191.0,117.1,123.9,117.0,112.0,72.8,44.1,42.0,44.7
174.1,70.9,102.7,82.3,101.0,63.2,37.2,33.3,40.5
168.1,60.0,91.9,76.7,91.4,56.2,34.5,29.0,39.1
181.0,73.9,104.4,79.9,93.7,59.5,37.6,32.0,43.3
180.9,69.1,97.9,83.0,93.8,55.7,35.1,32.2,42.0
184.4,74.8,97.8,78.5,95.1,60.0,40.5,32.5,44.4
169.1,65.3,97.3,83.3,94.5,59.9,36.0,31.0,39.9
174.5,59.8,92.7,78.8,91.7,57.4,35.4,27.8,39.2
182.9,76.8,101.5,83.2,96.0,56.5,38.0,34.3,39.6
167.8,69.3,99.4,88.4,96.1,57.3,36.7,32.2,37.6
181.9,70.7,99.6,76.8,93.0,54.6,38.9,32.1,42.5
182.6,95.0,108.9,96.3,108.0,65.4,43.6,36.4,39.9
170.6,79.4,106.8,87.0,99.5,59.1,38.6,37.1,41.7
176.2,92.2,112.2,100.6,103.3,64.5,41.0,35.8,39.5
158.6,66.9,95.9,88.0,94.8,57.6,38.2,32.6,36.9
177.4,75.8,105.4,79.5,100.2,60.7,36.2,35.4,40.4
179.9,81.8,105.3,87.8,98.0,60.3,41.1,34.1,40.7
172.4,79.0,104.2,88.9,99.5,61.8,38.5,34.3,40.1
163.5,63.3,96.1,84.5,90.3,53.4,37.6,32.4,38.3
179.4,99.9,109.6,104.3,110.8,69.0,40.0,37.2,40.7
191.0,101.2,110.7,95.6,107.9,66.8,41.2,37.0,42.9
164.0,53.2,91.7,68.7,84.7,50.0,34.0,28.3,38.4
173.0,70.7,97.4,79.9,95.8,58.0,38.2,32.0,39.0
172.6,73.1,100.6,80.9,97.3,58.1,39.6,34.4,41.6
174.3,66.2,101.7,78.4,85.4,50.6,36.3,29.7,39.6
176.9,95.4,107.6,99.1,109.9,65.9,43.0,37.7,39.3
180.3,84.2,102.0,89.0,100.8,60.2,40.7,33.9,41.3
181.9,86.8,103.1,90.0,103.3,60.1,39.5,36.1,41.9
169.5,78.5,107.6,88.4,98.9,61.5,37.4,35.5,39.3
176.5,71.7,98.6,78.9,96.8,56.7,37.3,31.7,39.1
174.9,75.0,103.2,86.8,94.3,56.1,36.7,32.3,40.9
175.0,78.0,103.4,87.0,100.9,63.0,39.6,34.3,34.9
171.1,63.5,93.6,74.2,91.7,52.5,36.3,33.2,37.9
169.2,63.8,92.0,80.7,92.3,54.6,35.5,31.0,37.2
181.7,82.1,103.6,92.7,101.5,59.1,39.8,32.3,43.2
172.6,62.3,91.7,75.7,92.2,51.0,36.0,29.8,38.1
161.3,67.8,99.7,86.4,93.5,58.9,38.2,33.4,36.2
185.4,89.2,113.2,90.2,102.4,61.2,39.3,36.9,41.9
172.0,84.7,107.7,93.9,102.3,62.0,40.8,36.9,40.4
182.9,89.2,106.7,93.9,101.7,62.0,40.1,36.7,40.9
180.0,68.8,97.2,77.5,94.1,55.3,35.0,30.5,39.3
173.0,67.3,98.3,78.2,94.9,56.5,36.3,32.3,42.2
171.3,72.7,102.8,77.5,94.6,60.2,36.5,36.3,40.0
187.3,84.0,100.4,83.9,101.5,59.4,42.0,33.5,38.2
173.6,66.5,92.6,78.6,94.0,53.9,36.5,31.4,38.0
180.9,79.3,100.5,82.7,99.0,58.7,37.5,36.0,42.5
176.1,88.3,106.7,96.5,100.8,61.5,40.8,36.7,38.0
162.6,61.5,94.5,78.2,91.1,53.3,33.6,32.6,38.2
171.4,87.1,116.2,90.5,101.4,63.8,39.5,39.7,39.3
178.3,76.9,101.7,83.7,96.1,56.5,39.3,35.6,42.8
173.5,72.1,103.7,83.2,92.6,57.0,39.8,33.8,38.0
164.2,75.0,104.2,96.7,95.5,59.1,38.6,33.9,37.8
173.1,63.8,102.9,73.5,87.8,50.8,35.4,32.7,40.0
166.7,69.2,98.6,84.8,94.4,55.5,39.7,32.2,39.2
176.4,70.4,98.6,82.7,95.5,56.9,36.8,31.8,42.1
171.9,62.3,94.2,80.2,92.7,53.1,34.4,31.2,38.7
177.5,75.3,98.7,82.9,96.9,60.7,37.3,35.4,39.2
169.6,55.9,86.8,74.2,86.5,50.5,34.0,28.8,36.4
171.1,60.9,96.5,73.8,87.4,52.2,33.5,31.4,38.4
178.2,63.3,91.2,81.6,90.7,52.2,32.0,31.1,37.5
176.0,65.5,94.2,79.6,93.2,53.7,35.9,30.7,39.9
174.9,64.3,95.1,76.4,91.8,53.6,36.0,30.3,40.1
159.2,49.9,81.9,68.6,90.3,54.6,33.2,26.7,34.4
160.9,42.2,74.3,63.4,83.1,49.6,30.6,23.4,35.5
164.8,54.7,83.5,65.4,95.7,58.7,35.8,27.4,37.8
155.6,56.2,89.7,77.2,92.8,60.3,36.6,28.4,33.7
164.1,70.5,100.0,85.3,99.2,60.8,39.4,33.5,36.1
159.6,48.4,83.8,71.8,90.9,55.1,32.6,27.3,34.2
164.8,53.7,86.1,74.5,96.7,58.4,33.3,27.4,36.3
166.5,61.3,93.7,82.6,94.4,55.9,33.9,32.8,37.0
162.1,70.8,99.9,86.5,99.6,67.5,41.7,32.0,36.1
164.4,54.9,88.8,74.1,94.8,59.3,33.6,29.0,35.2
148.1,56.0,88.1,74.2,96.7,64.3,37.4,31.6,32.4
156.5,47.9,79.5,71.6,91.5,58.8,32.2,27.7,35.4
165.7,55.7,88.4,72.9,92.7,57.9,34.3,27.5,32.8
158.6,53.8,86.9,73.0,95.7,62.1,33.7,30.7,35.6
157.1,50.2,81.3,64.5,91.0,55.7,33.3,28.0,34.9
162.4,55.6,86.3,74.5,93.0,60.0,37.0,28.9,32.4
162.2,69.3,94.8,85.9,102.2,66.2,39.7,33.7,35.5
163.7,52.2,88.9,70.8,89.9,58.1,31.7,28.5,35.8
161.2,55.7,83.8,66.0,93.3,60.7,37.3,29.4,36.0
158.6,66.7,94.9,84.4,101.0,65.3,41.1,32.0,36.8
164.6,57.1,88.8,74.3,93.7,59.3,34.8,31.3,36.6
167.8,53.6,84.4,69.3,90.6,56.0,33.9,28.0,36.6
156.9,59.2,90.0,75.8,96.8,64.1,36.1,30.4,35.7
162.6,53.1,82.9,66.1,91.7,57.6,35.6,25.5,34.5
159.3,55.8,89.9,75.0,89.9,57.9,35.4,28.7,35.3
161.7,71.0,98.1,86.1,105.9,68.8,37.6,32.8,36.0
164.2,70.8,95.1,80.6,107.6,71.8,39.8,32.8,36.2
157.0,43.6,76.2,60.5,86.7,52.5,30.1,25.4,35.4
165.5,47.4,84.0,66.1,86.8,53.5,31.2,25.0,35.7
162.4,55.6,89.1,67.4,90.2,57.2,37.4,28.0,37.8
163.4,81.3,103.7,93.0,109.2,69.6,38.9,37.1,36.6
164.1,58.8,85.8,73.4,94.0,61.2,38.0,29.2,35.8
167.9,76.5,98.3,85.7,106.0,71.5,42.7,35.5,37.9
149.8,55.6,95.7,79.3,92.5,62.6,31.1,29.9,33.8
162.7,52.7,82.8,70.4,91.3,58.3,33.8,28.0,36.3
157.6,49.1,79.8,69.7,91.3,55.8,43.5,26.2,32.0
155.1,52.2,86.3,70.3,90.8,58.6,36.5,26.5,34.4
153.7,45.7,80.1,66.5,87.4,56.9,32.7,25.9,35.3
162.8,46.5,81.5,68.9,87.0,52.5,30.0,25.6,35.7
167.6,71.2,102.8,79.6,98.7,61.2,40.4,33.4,38.6
155.6,56.3,87.8,76.2,91.8,59.0,35.4,26.8,35.0
169.7,56.3,85.3,71.9,94.2,55.1,33.4,28.7,37.8
162.4,53.7,81.3,70.9,94.9,57.2,34.6,28.6,35.0
155.6,43.7,76.4,67.1,88.5,51.2,31.6,24.9,33.5
162.0,52.1,83.6,70.4,94.4,56.6,34.2,27.0,34.4
159.3,50.0,83.7,65.7,88.6,53.1,35.1,27.5,34.2
157.7,48.8,83.7,62.3,90.0,52.9,33.0,28.4,35.1
161.8,54.1,85.4,69.0,95.9,57.2,34.3,29.3,35.4
164.3,51.5,80.9,70.2,90.6,55.5,32.8,28.1,34.0
162.9,70.8,98.9,87.8,101.5,63.6,39.7,34.6,38.2
158.1,53.5,85.2,76.4,94.8,54.7,33.5,28.3,33.4
166.1,78.5,99.5,89.9,111.9,67.2,40.0,36.5,36.4
164.1,65.2,91.8,77.1,99.5,64.1,38.0,31.8,34.6
158.5,62.3,91.7,78.8,99.6,63.2,37.4,31.6,35.0
156.1,54.9,86.1,70.4,93.5,58.5,36.4,28.0,35.1
165.8,63.8,89.8,77.6,103.6,63.5,37.1,29.6,38.5
162.9,52.0,88.1,72.6,88.8,53.4,33.6,28.5,34.4
163.3,63.0,89.0,73.2,99.7,60.9,36.2,30.4,35.3
156.8,55.2,91.5,79.4,96.0,55.7,33.9,29.4,33.4
160.8,52.2,83.4,71.5,92.1,56.4,34.7,27.5,33.6
161.7,78.2,103.4,91.8,103.3,65.9,40.2,34.5,37.3
159.0,51.8,79.5,70.2,94.5,56.1,36.3,27.4,34.3
170.2,55.0,83.8,70.0,93.1,57.7,33.7,26.5,33.5
167.6,47.4,78.0,62.2,92.0,51.1,33.5,23.4,33.4
154.9,46.8,81.6,64.7,88.8,53.9,31.7,28.3,33.0
160.1,50.2,83.6,65.3,88.3,53.1,34.1,25.4,35.5
160.5,67.7,93.9,77.3,107.6,65.8,40.1,31.3,36.2
152.9,56.2,94.6,82.1,96.2,55.4,32.9,31.3,35.5
166.1,65.0,90.9,74.8,99.3,62.4,38.8,32.0,36.2
156.3,51.8,84.9,66.8,92.2,56.5,32.8,28.7,33.5
164.4,52.2,84.1,67.9,92.3,52.9,34.7,27.2,32.7
164.9,64.9,94.1,81.7,101.0,60.3,38.5,30.1,35.8
161.5,46.1,81.4,64.7,86.5,50.3,32.1,24.0,34.1
162.6,57.6,87.6,71.1,91.3,57.9,34.6,29.5,34.8
162.9,53.9,84.0,67.0,92.7,54.6,34.0,26.2,34.0
161.1,52.4,87.5,68.1,90.5,53.6,32.1,28.0,34.7
154.8,46.2,81.5,67.8,89.0,52.0,31.0,28.2,32.5
162.6,47.3,79.4,63.7,88.0,51.6,33.5,23.7,34.4
168.2,57.4,89.1,77.7,93.9,55.2,33.3,27.0,38.0
160.3,42.6,77.1,64.2,83.7,47.7,31.3,24.0,33.6
165.0,61.0,91.5,72.8,98.8,58.1,35.9,28.5,39.8
164.8,57.2,87.7,67.7,97.0,58.1,36.4,28.9,37.8
161.5,53.6,81.2,65.1,92.0,57.1,37.1,25.4,34.0
168.1,82.4,102.7,89.6,110.9,71.0,40.7,36.4,37.1
160.6,54.6,83.7,72.0,95.1,55.7,33.5,29.9,35.0
162.8,55.8,89.6,75.9,92.6,54.3,33.8,28.0,35.6
155.9,48.7,88.4,73.2,86.8,49.4,31.0,28.4,35.9
164.4,53.4,88.0,66.9,90.2,51.9,33.7,27.5,38.7
162.1,53.9,88.6,75.1,89.6,51.8,33.1,29.0,35.1
164.9,73.1,99.4,85.7,99.8,62.9,39.5,33.0,38.0
166.1,60.6,88.7,77.4,96.1,57.2,46.0,29.2,38.4
161.4,42.0,83.7,71.4,88.8,54.5,32.5,28.9,36.3
155.8,47.9,81.7,66.4,87.4,54.2,31.4,25.5,32.5
162.5,70.8,96.7,79.2,106.8,64.2,39.2,33.3,36.3
154.9,53.4,80.9,67.3,95.0,57.3,37.6,28.0,34.0
168.4,48.3,78.1,65.7,89.2,50.6,32.9,24.5,36.1
156.5,43.9,81.5,62.5,86.6,50.1,32.3,25.4,35.5
162.8,49.2,84.8,65.7,88.9,53.2,32.7,26.4,35.6
157.6,66.4,95.0,80.6,96.0,60.6,41.1,33.8,36.4
178.6,73.7,104.5,85.0,96.7,56.0,36.1,32.7,40.1
174.6,78.1,102.7,82.4,98.5,60.2,39.1,34.9,38.4
169.3,67.2,99.3,80.4,94.6,53.3,39.0,33.5,41.0
179.0,67.2,92.8,74.8,93.0,53.0,35.6,33.3,41.0
181.1,80.7,103.6,87.8,102.3,58.3,41.5,34.3,42.1
169.4,75.3,105.0,83.9,98.0,61.2,41.2,35.9,40.6
176.4,71.4,100.6,79.7,97.7,57.0,37.5,33.1,40.6
167.0,75.1,101.1,89.3,97.9,59.4,41.0,34.9,41.1
167.2,65.8,92.2,80.1,92.5,55.5,38.5,30.3,38.4
188.7,130.0,120.4,111.7,121.6,73.0,45.0,40.2,42.5
171.6,82.5,107.8,91.8,97.6,59.4,40.3,36.3,40.3
172.0,70.1,101.3,88.3,94.0,54.8,36.7,33.4,39.8
176.2,117.5,121.4,110.7,117.0,71.2,50.0,40.2,41.0
175.1,73.8,96.8,84.9,96.5,55.3,36.0,33.8,37.9
177.3,71.4,103.2,86.3,93.0,55.0,34.8,33.5,38.5
172.3,92.3,113.8,99.8,105.0,67.4,40.5,40.1,41.6
179.4,83.0,109.2,91.3,100.5,58.2,39.7,34.6,39.8
174.3,66.7,97.5,77.8,96.6,55.8,36.5,31.2,37.1
168.4,82.9,108.0,88.2,102.7,61.7,40.5,37.2,39.4
182.0,90.3,107.0,95.1,99.1,61.5,43.0,36.0,41.8
176.0,97.9,116.8,102.8,109.9,67.1,43.1,39.0,42.4
176.0,85.2,104.1,89.2,103.3,65.1,41.5,38.5,42.0
166.1,87.8,106.8,98.8,105.5,66.0,44.0,36.4,39.6
171.9,55.9,86.7,69.9,86.3,48.0,34.0,25.0,39.2
177.4,77.6,102.4,88.3,96.1,57.0,38.4,35.1,40.0
178.8,87.1,101.6,88.0,104.2,64.1,43.0,37.1,40.0
181.6,86.8,100.4,93.8,103.9,63.6,38.8,35.6,39.9
169.1,70.8,99.6,85.5,96.6,59.1,37.6,33.7,40.2
168.6,90.3,108.9,100.2,108.0,68.8,41.0,36.9,39.0
171.5,83.9,106.8,96.3,104.5,63.0,38.8,36.2,39.3
175.4,66.7,94.7,76.8,90.2,52.5,37.2,34.8,42.8
176.5,91.6,108.5,92.7,110.4,67.5,42.7,38.3,43.5
170.6,60.5,92.7,75.1,92.0,55.2,35.8,30.0,34.4
175.6,84.3,107.5,93.0,105.0,62.3,39.8,35.8,41.2
174.8,69.5,95.5,80.7,97.3,57.7,39.5,32.0,38.4
175.8,79.9,107.7,91.0,98.0,60.1,41.1,34.8,40.2
169.1,73.7,100.7,81.7,99.4,60.4,39.2,33.7,40.4
173.9,74.8,95.2,81.8,102.6,58.7,43.5,33.2,40.4
173.8,63.9,97.0,76.7,91.7,52.3,35.0,31.9,40.9
175.8,72.0,96.8,77.3,94.5,58.9,38.5,33.9,41.6
172.0,51.3,86.7,66.6,81.6,46.2,31.4,26.6,37.8
173.0,68.1,98.8,82.7,96.5,56.3,35.0,32.5,37.4
177.0,77.1,102.1,84.9,101.1,59.0,38.3,32.5,41.4
174.1,67.3,96.4,74.9,91.3,50.8,38.8,33.5,43.5
182.5,80.4,103.4,77.2,102.3,63.0,40.5,33.0,40.5
169.6,64.2,94.7,77.3,93.3,55.3,38.0,31.3,38.7
184.6,72.2,93.4,81.2,96.0,56.8,34.8,30.5,43.2
168.6,73.0,101.8,86.1,99.3,58.7,37.3,34.2,40.6
170.8,73.1,102.0,86.4,93.9,54.5,39.5,32.2,38.2
169.3,46.1,88.6,63.8,81.7,43.5,29.3,25.6,39.8
180.6,98.3,112.6,99.2,109.0,65.3,42.8,38.1,43.1
185.0,93.5,108.8,93.7,105.4,64.1,43.9,34.0,41.9
176.5,70.8,97.3,79.3,96.3,54.0,38.2,29.9,39.6
164.4,67.7,96.5,84.9,99.3,60.9,37.2,32.8,37.4
158.6,72.5,103.5,88.8,101.6,62.4,38.4,35.7,35.8
158.6,73.1,94.0,82.7,109.8,66.8,41.7,31.7,35.5
171.8,61.8,88.1,76.9,94.5,56.4,36.1,28.7,35.2
171.3,58.4,91.0,71.0,94.7,55.8,33.7,27.0,36.1
167.7,48.6,75.9,65.8,91.2,56.1,32.9,24.5,34.3
162.9,58.5,90.7,80.5,91.1,57.1,35.2,30.8,35.8
157.1,47.4,81.3,64.5,85.3,51.9,34.5,26.8,33.8
169.0,82.0,99.9,87.0,106.7,63.2,43.0,36.2,38.0
158.0,60.8,92.4,78.1,99.6,59.3,34.3,29.7,35.8
159.2,67.0,96.7,84.7,103.1,62.5,37.9,31.4,37.5
164.9,41.8,75.9,60.1,82.6,47.7,31.4,23.7,34.3
166.5,64.4,90.5,74.4,99.5,60.1,37.2,31.5,35.6
155.8,45.2,79.0,64.1,85.3,49.3,32.6,23.8,33.6
158.3,43.9,81.8,65.3,87.8,48.3,30.9,25.8,33.0
155.7,43.8,82.5,64.7,84.4,48.3,29.9,27.8,35.4
158.2,45.1,80.0,65.4,85.0,51.0,32.2,28.2,34.8
176.0,68.5,91.5,76.9,101.7,59.9,36.8,30.8,37.4
156.6,54.3,85.9,73.1,95.3,58.1,35.5,29.8,34.0
160.2,60.0,89.0,72.7,94.2,56.1,37.0,31.2,34.9
155.6,49.0,86.8,69.1,89.5,53.3,35.2,27.9,34.5
161.5,79.2,101.5,90.6,113.0,64.2,38.3,37.1,37.2
159.8,47.3,80.0,67.9,87.0,50.6,31.3,27.7,35.0
164.7,56.4,84.5,71.9,97.5,57.3,36.4,27.8,33.9
156.4,50.2,85.2,69.8,89.0,53.0,33.9,27.2,34.3
162.9,81.6,105.6,99.5,106.9,65.2,41.1,37.6,37.9
165.8,65.1,94.5,75.4,99.0,57.8,36.7,30.3,36.2
160.6,48.6,82.2,65.7,87.4,52.3,34.6,26.7,34.5
158.9,66.3,97.7,85.2,94.6,59.9,37.5,33.5,35.7
153.9,54.1,85.6,69.5,93.8,58.7,35.9,30.3,34.6
156.2,56.1,87.2,74.7,95.8,57.1,35.1,29.4,32.8
162.6,51.4,84.6,70.4,88.6,51.6,33.7,26.1,33.3
162.7,54.4,88.5,70.0,89.8,53.2,32.5,29.2,33.9
152.9,42.2,79.1,70.4,85.0,49.0,29.9,25.0,33.7
165.0,58.5,90.4,74.9,93.1,55.7,35.2,28.7,36.5
160.5,56.0,88.0,75.5,91.9,54.9,34.7,29.8,33.7
164.0,63.1,92.2,81.0,99.2,61.2,36.3,30.9,34.7
165.5,67.2,96.2,82.0,99.4,60.8,37.7,33.8,36.1
154.3,82.1,107.0,96.8,112.0,73.0,42.6,37.2,35.9
162.7,47.5,81.0,63.9,86.9,50.8,31.2,26.2,33.1
163.7,52.4,85.9,68.7,89.0,51.2,34.3,26.0,38.3
156.8,61.1,93.2,81.8,97.3,61.5,35.3,33.2,32.8
167.1,69.4,98.8,84.0,98.5,60.9,38.0,32.3,37.1
164.4,65.1,96.5,77.0,100.6,60.5,37.6,31.3,37.5
154.3,50.8,87.0,73.4,88.0,52.8,32.3,29.4,33.2
158.6,47.7,80.3,64.9,90.8,54.0,33.6,25.3,34.4
158.5,45.7,83.1,66.1,85.6,49.6,30.3,25.5,34.5
151.9,44.4,81.0,65.4,86.4,52.9,31.1,27.7,34.4
163.7,54.5,86.0,72.0,91.3,54.5,31.9,28.5,31.2
157.4,54.2,86.0,68.2,91.7,54.1,34.3,28.7,34.1
163.0,58.1,89.5,76.0,94.8,56.8,34.8,31.0,33.7
167.0,63.5,91.0,77.4,99.2,59.5,37.9,29.3,36.7
154.7,49.6,85.7,71.5,91.3,54.0,32.6,29.0,33.0
171.0,51.8,86.9,67.6,88.7,53.6,31.0,26.7,34.3
157.8,46.0,80.2,62.9,85.9,49.8,33.1,25.0,33.6
160.8,55.1,86.7,76.0,93.5,53.0,32.5,30.0,32.0
158.6,56.4,90.3,75.0,94.7,56.9,35.1,28.8,34.0
156.4,56.9,88.3,76.3,96.5,60.6,35.3,30.4,36.5
152.9,46.1,82.8,69.1,84.1,50.2,31.4,28.4,34.9
158.8,52.7,85.2,71.3,93.3,55.3,34.4,27.4,35.1
155.3,54.8,86.7,76.7,95.6,54.1,33.4,30.0,34.4
165.4,50.3,84.0,70.0,88.4,52.8,31.4,27.3,35.1
159.9,57.1,92.0,81.3,93.8,56.0,33.8,30.6,36.0
163.9,53.3,85.3,74.1,89.7,52.9,33.0,28.0,35.1
170.0,53.6,81.1,64.6,93.5,57.6,33.5,26.0,35.8
162.2,56.1,85.1,73.8,90.3,55.3,36.5,28.8,35.8
153.2,53.2,86.4,73.1,93.5,55.7,33.6,29.4,33.7
161.1,62.5,92.2,80.1,100.3,59.9,33.9,32.3,37.1
161.6,59.8,88.8,76.1,99.2,57.7,34.7,31.5,35.7
152.3,45.7,81.0,63.1,88.2,51.5,33.1,25.8,34.0
158.9,56.4,91.7,70.6,93.5,57.1,36.0,31.4,36.8
164.4,56.6,87.5,74.7,91.4,54.7,33.7,28.5,35.1
153.1,48.6,85.8,66.5,87.5,53.2,33.0,28.0,35.7
158.6,47.6,82.0,65.6,85.2,52.2,32.7,26.5,35.9
171.7,54.9,87.0,67.9,95.7,56.2,33.7,28.2,34.8
162.6,72.6,96.7,83.4,106.2,65.2,37.7,34.9,36.5
156.0,50.7,88.7,75.5,87.8,50.5,29.4,30.1,33.4
156.8,44.3,79.9,64.9,82.6,50.3,31.4,27.2,34.9
161.8,76.9,100.8,87.9,108.3,66.5,42.1,36.5,35.5
157.9,80.2,104.8,92.2,112.2,71.9,43.8,35.3,38.6
158.9,68.2,97.4,82.8,104.2,63.2,40.7,34.4,37.2
163.4,51.8,81.4,65.3,89.6,55.9,33.5,26.0,34.7
168.2,65.4,90.8,74.7,96.0,57.5,38.2,30.2,34.2
158.0,50.4,84.4,70.1,87.0,51.4,35.4,29.1,33.4
164.7,50.9,82.0,65.7,91.3,55.1,31.9,27.8,33.6
157.1,46.5,81.0,66.3,86.9,52.5,31.6,27.4,34.2
153.7,47.1,82.4,63.2,88.1,54.6,32.4,27.8,33.1
165.5,67.2,89.9,81.4,100.9,61.7,38.0,30.9,34.5
164.6,63.1,91.0,78.7,101.0,62.5,36.6,29.7,35.9
154.0,46.6,81.2,60.8,89.5,51.6,34.2,26.8,33.8
166.2,72.3,98.8,79.2,100.4,61.6,42.0,33.4,38.2
166.1,59.2,85.9,74.4,95.9,56.1,37.5,28.6,34.6
167.8,62.0,93.0,78.0,96.4,59.7,36.4,29.8,37.0
163.0,66.9,95.0,79.8,102.2,61.1,37.7,32.2,36.5
158.1,53.8,89.0,71.0,92.0,54.9,33.7,28.9,35.5
173.6,65.8,91.9,74.2,91.5,54.3,37.2,29.4,40.4
179.5,71.9,96.4,78.9,97.3,56.5,37.0,32.2,37.8
182.5,98.6,113.1,109.4,109.0,66.5,41.6,34.1,39.7
183.5,99.9,115.6,94.5,105.3,65.4,44.2,37.3,40.5
185.2,74.8,96.0,77.5,98.4,57.0,37.5,33.5,42.6
173.5,78.7,98.7,90.2,101.0,62.7,41.8,33.3,41.0
169.8,81.1,104.5,96.2,103.8,64.3,38.8,36.3,39.0
176.1,72.5,101.0,77.4,96.9,57.5,38.0,34.9,40.5
173.0,71.1,97.0,77.8,99.5,59.3,38.7,32.9,40.7
170.2,73.0,98.7,83.2,99.5,59.3,39.2,32.4,41.0
174.0,80.2,101.4,93.4,102.2,63.3,37.5,35.5,38.5
171.0,76.1,102.3,87.5,97.3,58.5,39.2,35.9,39.1
179.3,82.7,102.4,88.2,100.5,59.8,41.6,37.1,43.3
163.9,67.9,102.5,89.2,92.0,56.1,35.8,33.4,36.6
175.3,71.4,104.5,83.0,94.6,56.0,36.5,34.0,42.1
173.4,74.5,104.0,81.4,94.6,55.7,39.0,34.0,40.6
177.2,90.8,108.1,96.9,103.7,64.0,40.1,36.2,40.7
177.2,78.5,104.3,85.8,97.3,56.7,39.5,33.6,40.6
175.8,75.2,98.7,86.6,99.3,60.5,37.0,34.8,41.6
177.3,85.4,107.0,94.3,102.0,62.6,41.0,36.2,41.0
177.2,85.4,106.2,93.8,104.1,64.2,38.6,35.1,40.5
176.2,67.9,99.3,75.7,94.1,55.7,35.1,33.2,40.5
176.5,85.3,105.7,95.4,101.7,64.0,41.5,33.6,38.8
175.8,82.5,102.4,82.9,101.8,63.6,41.5,36.4,43.0
184.6,90.1,114.5,94.2,103.4,61.7,39.0,37.3,43.0
177.9,90.3,107.5,101.1,105.8,64.1,40.4,36.9,39.9
182.2,86.3,108.5,95.4,101.3,57.8,40.5,33.3,41.4
174.4,76.7,101.5,83.5,97.6,58.1,39.0,33.9,41.2
176.1,78.8,100.4,90.8,100.6,59.2,38.8,33.3,41.1
166.4,72.9,105.1,81.9,97.7,59.7,36.9,35.7,37.0
176.6,86.5,109.6,95.7,104.4,62.3,39.4,37.3,39.8
184.2,92.9,109.9,90.4,107.6,65.2,39.0,37.6,42.3
178.4,83.9,100.0,87.1,100.9,59.2,40.5,32.0,42.0
166.3,60.9,91.2,76.8,93.8,54.2,36.8,31.0,38.0
187.2,82.0,103.5,78.8,99.3,63.0,40.7,33.8,39.8
170.3,66.6,96.3,79.0,93.1,55.0,37.2,33.0,38.0
178.6,79.3,108.4,80.7,96.4,59.4,37.8,37.5,40.1
175.5,80.8,108.6,90.2,99.5,59.3,39.0,36.7,42.7
179.9,117.2,116.4,111.4,119.6,73.8,46.0,40.8,43.2
180.4,78.5,100.3,92.9,97.5,55.7,36.2,34.6,41.6
173.4,77.2,100.8,84.2,96.3,59.0,41.0,34.7,38.2
171.8,83.8,106.7,93.5,104.2,63.8,41.3,35.4,40.8
171.6,68.7,102.4,76.1,94.1,57.6,37.2,34.9,41.8
171.2,67.5,94.2,77.9,95.0,55.5,39.2,31.5,39.9
166.8,72.7,103.8,84.9,97.3,58.0,38.5,33.8,40.1
174.5,86.5,106.7,91.9,103.6,65.2,40.5,37.4,41.4
176.5,75.0,103.9,82.9,95.9,57.0,36.0,34.8,41.6
175.8,58.9,93.9,72.8,86.5,48.8,31.7,29.6,41.2
172.5,82.0,109.4,91.4,102.8,63.0,38.6,35.6,44.0
184.1,76.0,105.0,82.6,94.0,57.4,38.2,37.5,43.4
184.9,77.0,102.8,77.4,96.8,57.7,37.2,34.6,39.1
175.0,69.3,100.9,81.4,92.7,57.1,37.2,32.6,41.5
185.4,113.9,113.0,108.3,117.4,73.5,44.0,40.9,40.1
178.8,84.9,104.9,94.5,102.1,61.5,38.7,34.2,38.6
175.4,73.1,102.2,80.4,96.3,58.3,37.0,33.5,39.6
172.9,81.8,108.3,91.0,100.6,60.7,39.3,37.0,39.5
158.7,58.0,92.3,78.9,91.5,56.1,37.1,30.3,35.8
153.6,42.7,78.0,59.8,84.2,49.4,32.1,24.0,33.9
163.6,51.7,85.1,69.3,85.6,51.3,33.6,26.4,34.1
165.2,72.5,97.0,86.4,105.1,65.7,39.4,31.3,37.8
153.1,55.1,88.0,75.4,93.3,56.6,35.2,30.4,34.0
165.4,52.8,87.3,70.9,92.4,53.0,31.2,28.3,36.6
158.9,46.4,82.4,70.7,87.0,50.4,33.2,26.5,34.6
162.7,67.2,92.0,83.0,100.0,61.1,38.5,32.5,35.6
155.2,58.3,89.9,75.4,100.4,61.4,36.8,31.2,33.2
160.6,62.2,90.4,79.0,96.0,55.0,38.9,30.8,34.5
169.3,96.0,109.1,98.9,113.6,69.5,44.8,39.6,38.6
153.7,48.0,85.3,69.1,84.5,48.9,33.5,27.3,37.3
157.9,57.8,90.3,77.8,100.4,59.4,35.1,30.8,34.5
170.6,59.3,89.0,71.1,92.4,53.7,37.0,29.0,37.4
173.6,93.3,106.8,92.9,113.6,66.1,45.9,39.6,40.7
157.8,53.5,86.0,66.3,91.1,54.4,34.9,28.7,36.1
167.9,52.6,84.7,66.1,94.0,55.3,35.8,27.0,35.4
163.5,57.9,91.0,73.3,92.9,55.2,37.7,29.4,36.9
155.5,46.1,84.5,66.3,86.5,51.4,31.3,27.4,35.3
157.4,54.6,85.5,78.1,92.4,56.8,35.0,28.8,32.4
162.3,50.4,84.3,71.5,88.4,53.6,31.2,28.5,34.2
168.9,63.4,91.4,73.9,97.9,58.4,37.4,29.6,38.0
162.8,64.6,89.8,74.2,97.4,62.0,36.6,31.8,36.8
163.1,73.5,99.4,88.5,105.4,64.5,40.0,35.0,38.4
144.4,36.6,77.4,61.6,78.7,46.4,29.2,23.0,33.3
154.6,49.7,84.3,71.5,90.2,54.7,33.6,26.6,34.7
160.1,52.0,83.0,68.8,94.7,53.2,34.3,25.8,35.3
167.0,65.3,91.2,80.6,100.3,63.1,35.4,32.8,35.4
159.4,51.9,86.8,64.7,88.3,52.5,37.1,28.7,34.0
158.7,68.4,95.0,84.8,102.0,65.6,37.3,31.3,35.4
164.9,61.2,92.2,75.1,93.9,58.1,35.8,31.5,34.4
159.7,59.3,90.9,78.5,95.2,59.7,35.5,30.6,34.0
159.7,55.3,84.4,69.2,99.3,60.2,36.3,28.2,34.0
153.3,45.6,78.1,70.0,88.0,50.8,31.8,27.1,34.4
164.4,52.8,84.2,67.4,89.8,54.2,35.1,27.3,34.8
170.3,61.1,90.2,78.0,94.9,55.6,35.3,29.3,37.8
162.6,50.6,80.4,73.4,87.7,53.5,33.8,26.2,35.5
162.3,61.8,96.4,80.4,96.4,60.4,36.1,31.0,35.3
160.8,50.3,83.4,66.2,92.0,55.6,33.1,27.0,34.4
158.3,56.1,89.9,80.3,88.0,56.0,34.6,29.4,35.0
166.2,60.3,87.1,74.2,95.2,57.4,36.0,30.6,35.4
159.6,50.6,83.0,66.2,88.9,52.9,34.0,28.2,34.8
160.2,54.1,85.9,74.6,94.5,56.0,33.3,28.2,35.9
160.8,56.8,88.9,73.5,94.5,59.2,35.8,28.7,33.0
159.6,48.4,80.4,68.7,89.9,51.9,33.3,26.2,34.5
158.9,49.5,84.3,66.8,85.8,51.3,32.2,29.1,36.1
164.9,53.2,85.6,65.5,91.0,53.4,33.8,29.5,33.2
158.9,57.9,89.4,78.3,96.2,57.6,33.6,31.9,35.4
162.0,71.0,104.0,84.9,101.0,64.2,37.0,35.3,37.7
163.8,51.3,83.5,71.0,90.4,54.3,32.1,26.5,35.7
160.7,52.3,81.8,64.8,92.3,55.7,36.5,27.1,33.2
163.2,60.8,92.1,77.2,97.5,59.3,36.4,30.3,35.4
156.6,44.0,78.5,62.3,86.5,51.7,31.3,25.0,33.3
164.6,53.7,84.0,71.3,92.7,54.1,35.0,26.3,35.8
165.1,63.2,89.8,77.5,99.1,59.2,37.9,31.0,35.4
167.1,54.2,85.2,67.0,91.2,54.8,35.5,30.1,34.5
154.6,53.6,89.6,69.3,91.7,57.6,35.5,30.8,35.1
159.0,59.0,94.0,78.0,97.3,56.8,34.7,32.0,33.7
154.4,48.0,86.8,65.0,87.0,53.5,33.1,29.5,33.0
160.0,64.4,92.1,77.4,98.0,60.2,37.5,30.5,36.8
155.6,47.0,82.8,66.0,86.8,51.8,32.2,27.7,34.7
157.8,55.3,90.3,76.7,90.2,55.2,34.9,29.6,35.3
162.1,52.7,89.0,73.0,88.1,50.6,35.3,28.3,34.4
152.1,47.3,85.0,69.8,87.1,52.3,31.6,29.5,34.2
164.0,56.9,85.9,72.4,92.6,56.2,34.5,28.7,36.3
158.4,37.9,75.7,57.2,81.5,46.0,29.3,24.3,33.8
163.6,65.9,98.5,87.2,100.7,56.7,35.4,30.0,37.4
155.9,55.8,90.3,80.8,92.4,57.0,34.7,29.9,33.2
168.6,53.5,86.4,66.8,88.0,51.5,33.6,27.0,33.2
153.7,51.1,87.7,75.1,88.7,51.9,34.5,29.4,33.9
160.1,60.0,97.0,78.8,92.8,53.8,36.8,32.2,38.0
161.2,56.4,87.0,75.8,94.5,55.8,36.4,29.0,35.2
160.0,80.4,103.8,94.2,109.7,67.2,42.0,38.2,36.3
158.1,47.6,84.4,69.0,88.4,53.33,32.1,26.5,32.8
156.9,35.5,75.2,58.1,75.0,42.4,27.6,23.3,32.7
152.8,63.1,93.9,80.5,100.4,63.1,38.9,33.2,34.5
164.5,58.1,83.5,72.4,94.0,59.8,36.7,28.8,34.8
167.0,67.6,91.9,78.1,105.1,63.4,36.4,30.5,36.2
159.0,54.8,83.8,75.0,89.9,54.1,35.8,27.9,35.5
158.5,52.5,87.9,71.8,90.5,55.8,33.2,30.3,35.0
164.3,59.6,92.0,69.8,90.8,58.2,36.5,30.2,36.0
156.2,51.1,86.8,67.9,88.7,52.8,33.6,29.1,34.0
160.0,45.3,77.0,60.1,83.7,48.4,32.7,23.5,34.9
163.0,62.4,98.5,80.3,99.0,57.9,36.3,29.2,35.2
157.4,52.3,87.5,75.4,89.0,53.6,34.8,29.0,33.6
156.8,49.2,83.0,66.4,84.4,49.5,34.9,26.9,34.5
156.9,52.9,84.8,70.2,92.2,57.8,34.1,28.4,33.5
164.3,45.0,78.4,62.2,87.4,50.6,30.1,23.3,35.5
165.1,59.6,87.1,73.2,92.6,57.3,35.8,30.8,34.0
162.1,57.4,88.2,73.5,91.9,56.7,36.7,29.2,34.0
166.5,56.2,88.4,74.2,94.5,56.7,33.5,27.3,36.8
155.4,61.0,89.3,77.6,96.6,55.4,39.1,30.5,34.7
157.1,66.4,97.5,84.8,100.1,65.8,37.5,34.7,36.1
164.2,56.8,84.7,69.3,98.4,59.1,36.3,29.6,36.0
171.3,67.3,92.0,77.6,100.0,59.7,37.8,31.8,38.3
161.9,52.6,89.3,72.9,89.8,53.5,32.9,28.2,36.6
162.5,43.0,77.2,63.4,81.5,47.6,30.9,21.7,34.2
156.5,47.8,79.0,65.8,87.3,52.7,34.6,25.6,33.9
162.5,55.0,87.4,70.9,95.4,58.3,33.0,27.4,33.1
161.3,57.6,90.4,74.4,93.3,53.7,35.1,30.7,35.5
170.0,67.8,88.3,74.7,101.1,61.9,39.5,30.8,36.6
161.1,56.2,90.8,73.5,91.0,51.8,36.1,29.2,35.6
156.0,49.0,85.4,63.9,85.0,52.7,34.0,27.5,33.6
167.3,61.5,89.4,79.6,94.3,57.0,36.9,29.0,37.5
162.9,56.6,87.5,74.8,91.9,56.5,36.5,28.8,36.2
155.6,46.3,79.4,68.7,84.0,48.3,33.6,26.3,31.3
163.8,75.1,99.5,84.5,108.8,67.1,38.5,35.2,35.8
164.3,47.2,83.5,64.2,85.7,50.3,29.7,26.5,35.8
165.6,56.9,84.3,72.8,94.2,55.0,36.0,28.8,34.3
165.5,53.1,88.8,71.8,88.9,51.5,34.0,26.9,36.0
159.6,60.6,88.4,74.8,96.7,61.2,38.7,30.4,34.0
173.5,72.9,103.3,81.2,99.0,61.1,37.2,33.1,41.4
172.8,87.5,106.2,98.8,104.3,61.6,43.8,36.2,43.4
174.8,80.6,108.3,88.7,98.0,58.0,41.0,34.7,41.1
183.0,71.4,92.8,84.6,95.7,57.6,37.0,30.2,40.2
167.2,63.0,100.6,85.4,90.3,54.2,35.5,30.2,37.7
187.6,95.2,109.4,96.3,109.7,64.8,42.1,37.4,41.8
170.8,91.4,107.0,99.4,109.3,69.8,44.6,38.4,37.8
166.1,65.0,105.2,74.5,90.0,55.7,36.6,35.6,39.4
179.3,76.7,103.0,88.2,97.1,60.2,39.3,32.5,39.9
173.2,60.1,93.5,74.9,92.0,55.6,34.4,29.3,39.1
168.8,55.3,89.8,68.0,88.5,52.4,35.9,28.5,39.9
175.1,65.1,92.6,74.3,95.0,58.1,38.0,31.0,39.9
170.0,73.9,102.9,76.4,95.6,60.1,38.0,34.0,39.7
172.7,73.0,99.5,80.4,97.9,59.0,40.0,33.5,39.3
178.2,77.6,101.5,87.9,98.0,59.2,41.2,32.2,40.2
173.7,70.3,100.8,77.5,94.0,57.0,39.5,33.2,40.1
168.4,66.9,98.3,76.8,94.2,60.8,38.8,31.5,38.3
181.2,93.3,112.5,105.9,104.5,61.2,42.0,37.0,41.6
166.4,69.7,101.9,90.7,96.4,58.1,36.5,33.4,38.0
167.0,57.1,96.3,69.8,85.4,50.7,33.0,30.8,39.4
166.7,91.8,112.2,105.8,109.1,69.3,43.5,38.8,37.7
175.6,76.4,103.4,91.6,101.9,62.7,37.0,34.7,40.2
169.2,63.6,97.5,79.5,94.4,57.4,36.1,30.5,40.1
171.9,62.6,93.8,80.5,92.2,54.9,35.8,29.8,36.2
167.3,67.5,98.9,83.3,92.4,58.3,36.8,33.3,40.4
171.6,60.7,101.3,73.8,88.4,52.9,34.0,31.4,38.4
177.3,72.0,100.5,80.8,95.7,55.2,37.3,32.5,40.7
175.5,84.7,105.6,90.2,103.9,63.4,39.7,35.5,40.5
177.0,93.2,110.8,98.7,107.4,64.8,43.5,37.3,39.0
178.1,87.2,110.9,88.3,102.6,63.1,39.6,34.7,44.2
176.9,86.5,108.2,92.4,104.3,63.0,39.4,37.9,40.8
177.1,79.8,108.2,85.4,100.0,57.1,40.0,36.7,42.4
175.4,83.0,114.5,86.0,102.5,61.0,40.3,36.1,43.5
174.4,70.4,100.5,81.9,96.0,56.7,36.0,34.9,40.8
172.1,76.3,104.0,85.4,99.5,59.1,39.2,34.3,41.4
180.9,76.3,96.0,77.8,98.7,59.3,37.9,33.9,42.5
180.8,99.0,117.2,99.9,105.9,64.7,41.3,38.0,42.4
175.0,76.6,96.7,88.0,97.6,57.3,38.1,35.7,41.2
168.8,64.8,97.6,77.0,90.8,53.8,36.4,30.7,38.7
176.1,93.1,110.2,97.8,108.4,67.6,44.5,37.6,41.6
177.2,82.2,113.3,84.2,100.5,61.3,38.0,37.5,43.0
175.8,80.3,103.9,86.4,99.6,61.8,39.4,35.2,40.8
178.5,82.9,105.4,93.0,100.8,60.1,37.2,35.2,42.4
174.4,76.3,100.6,86.7,99.5,59.7,38.9,32.6,38.3
174.1,65.7,91.4,77.5,97.6,56.0,35.2,31.1,39.5
177.3,78.4,100.0,89.0,101.0,61.0,39.7,34.1,39.0
174.3,76.4,101.2,85.0,100.2,58.6,41.5,32.9,41.3
169.6,82.7,107.7,92.6,103.5,62.0,39.8,35.2,40.8
174.8,72.3,99.0,82.5,95.1,57.8,34.5,34.0,40.8
183.6,81.0,107.5,85.3,99.6,58.0,39.5,33.8,41.4
177.8,78.8,102.8,89.2,99.1,56.7,39.0,32.5,41.9
175.9,71.2,99.8,80.5,95.7,56.3,37.2,30.6,40.4
181.0,89.1,104.8,91.6,104.7,62.3,39.8,36.4,42.8
174.6,65.7,98.9,79.2,95.4,52.5,34.6,28.0,41.5
176.8,73.3,100.9,79.2,92.6,56.5,39.7,32.5,37.6
175.4,72.7,98.4,83.2,96.0,58.1,37.1,33.6,39.5
184.0,80.7,101.4,84.7,98.9,59.3,39.8,34.5,41.4
175.9,69.6,96.5,82.2,96.0,57.2,36.0,31.7,39.7
183.3,89.0,109.5,100.4,104.5,63.0,41.4,36.6,40.5
174.4,76.5,99.3,87.8,100.2,59.4,38.5,31.5,41.0
175.8,82.8,106.5,92.0,100.8,62.4,40.7,39.2,40.0
177.6,80.0,100.4,88.2,100.5,61.7,41.0,33.2,41.7
172.4,94.2,111.2,104.9,106.2,64.7,42.2,37.9,40.6
171.0,70.0,96.6,81.7,98.6,58.6,36.6,32.3,39.8
161.8,65.9,95.6,81.3,94.3,55.7,40.0,33.5,39.9
173.6,70.8,102.7,82.0,96.0,57.0,38.3,32.1,41.0
175.9,73.7,99.0,85.6,97.1,57.6,35.9,33.7,40.4
182.0,77.4,97.0,85.5,100.4,57.3,36.3,34.3,42.5
171.8,79.0,98.9,93.9,99.0,57.1,40.5,31.5,37.8
187.6,98.6,113.7,98.3,106.8,68.6,42.8,37.7,40.6
170.2,69.8,104.3,79.7,98.4,57.7,35.4,34.0,40.3
162.7,62.2,95.9,81.8,89.7,53.3,34.5,30.0,37.6
180.7,89.8,104.7,99.0,100.3,61.0,41.7,35.2,41.5
169.4,62.2,97.4,78.2,90.9,53.3,34.8,31.0,39.8
181.5,102.8,115.8,105.5,112.1,70.5,43.3,39.2,43.2
167.5,61.6,96.0,80.2,88.4,52.2,34.0,32.3,37.8
172.9,60.1,93.8,73.4,88.5,52.1,34.4,27.4,39.1
175.9,66.5,96.7,73.5,92.4,53.7,35.6,32.0,41.5
185.3,94.9,110.8,95.4,103.2,62.7,42.9,39.1,42.2
175.9,77.4,107.7,84.3,96.7,58.6,37.3,34.7,40.8
175.3,78.1,103.8,80.7,96.0,59.0,39.7,33.5,42.1
177.5,88.0,108.4,94.8,104.5,61.5,41.4,34.8,44.5
160.7,60.6,91.4,84.5,94.8,56.4,35.6,29.5,33.6
164.0,40.2,73.1,58.4,81.1,45.4,31.9,21.7,32.0
153.5,52.2,86.3,75.6,90.8,52.2,36.3,29.1,32.0
155.3,49.9,86.9,69.2,89.4,53.7,33.9,27.3,34.5
167.0,61.5,88.8,74.0,102.5,60.1,37.1,28.4,36.7
163.1,57.6,86.3,74.7,98.0,59.5,35.3,29.0,37.0
164.4,53.9,84.7,69.8,94.6,54.5,34.2,28.9,33.2
163.9,53.4,85.0,72.5,92.0,55.1,31.2,28.4,34.4
165.4,76.9,93.9,85.1,108.1,69.5,40.7,32.4,36.3
162.5,50.9,83.0,65.8,92.2,52.2,33.4,25.2,36.0
163.3,47.8,81.5,66.0,87.9,50.2,32.2,25.8,34.4
158.9,50.9,83.3,71.5,88.8,52.6,34.5,28.7,34.4
164.1,48.4,81.3,65.5,88.5,52.6,32.9,25.5,33.3
157.4,55.0,90.8,76.0,92.1,58.0,33.3,31.4,31.9
166.0,67.9,96.2,83.1,102.1,60.8,35.9,32.2,34.8
154.1,79.1,107.8,101.8,108.5,69.3,39.2,38.1,36.1
164.6,88.2,108.3,98.6,111.0,68.0,41.5,39.0,38.7
159.8,60.8,92.9,76.1,98.2,59.5,37.9,31.6,34.5
154.7,43.5,81.1,67.3,84.5,47.9,31.8,26.2,33.5
155.8,55.5,88.7,79.3,97.2,58.5,33.2,28.7,35.0
165.1,65.9,87.0,79.3,96.2,63.4,39.8,30.5,35.3
169.0,56.6,87.6,73.0,92.4,58.3,34.1,28.3,37.4
159.4,66.0,90.7,78.7,102.6,64.4,41.0,31.0,36.3
156.3,43.0,79.3,65.8,83.9,48.2,30.6,25.4,35.6
165.1,56.9,87.5,74.5,94.0,54.8,34.7,29.5,37.8
163.0,78.6,105.2,97.7,105.7,66.6,38.1,38.8,37.0
161.4,48.9,81.2,70.5,91.4,54.1,31.7,27.1,35.0
160.9,62.7,92.2,77.6,98.7,61.8,37.6,30.9,36.1
161.4,54.1,87.3,71.5,90.8,54.2,35.0,28.7,34.3
160.6,59.6,92.1,78.5,96.7,57.6,34.8,32.4,37.2
153.1,47.9,86.8,72.5,87.5,51.8,32.3,27.9,35.3
162.4,57.0,89.2,72.0,91.3,56.1,35.5,30.8,32.8
165.1,60.4,90.0,80.2,99.0,57.7,34.5,30.0,35.5
162.8,48.1,85.4,70.5,88.8,53.0,30.5,25.7,36.8
167.6,57.5,85.1,76.7,93.4,53.1,35.9,27.0,37.6
157.9,62.0,90.3,82.4,99.9,64.0,36.7,31.9,33.3
167.8,69.6,98.3,80.8,102.4,62.0,36.4,33.7,37.5
165.5,55.0,86.5,72.3,95.1,54.2,33.5,29.0,35.8
170.0,67.5,94.8,76.0,98.9,60.3,37.8,32.7,36.6
157.1,44.2,74.8,61.7,87.0,51.1,33.1,26.2,33.9
170.8,60.5,85.8,70.2,97.7,60.1,34.5,30.7,36.1
152.7,59.4,95.3,83.7,97.9,58.1,35.1,30.9,33.0
159.2,50.5,84.4,70.9,90.0,53.1,34.9,27.0,35.4
163.4,53.6,84.1,68.6,89.7,52.5,36.6,26.7,34.1
152.5,49.0,84.8,65.6,90.2,54.0,33.4,28.7,33.6
167.4,65.7,94.9,86.5,98.6,58.1,34.9,32.5,36.4
158.1,42.1,78.3,59.5,83.8,47.3,29.8,25.0,33.1
154.6,45.9,85.0,67.0,85.9,50.5,32.6,28.0,33.5
167.9,57.3,82.4,70.1,94.7,55.9,36.5,29.3,37.0
172.5,71.9,94.6,82.8,106.0,63.4,39.4,31.7,36.4
163.0,60.0,90.9,86.7,95.2,56.4,34.2,30.4,37.8
165.3,69.2,97.9,81.8,101.0,62.1,40.2,32.2,36.6
168.5,56.6,86.4,70.8,94.0,55.2,37.1,29.0,35.1
156.1,51.9,86.5,69.7,91.4,58.9,35.1,28.5,34.0
153.3,44.2,80.5,67.9,85.9,49.5,32.5,24.0,35.7
168.7,53.8,83.5,68.4,88.9,50.8,35.8,27.6,36.4
158.7,63.5,94.9,75.2,98.2,60.1,38.1,32.3,34.8
157.3,51.3,86.7,67.4,92.3,54.9,33.3,28.4,38.1
159.2,53.4,91.4,75.3,87.5,52.4,35.8,28.1,34.5
158.1,46.4,80.4,64.7,83.8,49.5,32.1,26.0,36.1
156.5,55.3,92.5,73.3,93.1,58.0,33.0,29.4,36.1
166.0,68.7,95.7,80.6,100.9,62.7,39.5,35.1,37.4
163.9,55.8,87.7,71.8,92.4,55.6,33.6,29.7,33.8
165.9,53.5,83.5,68.7,92.7,53.0,35.5,25.2,36.1
170.6,54.6,81.7,69.2,94.0,54.6,34.3,25.6,36.3
154.2,62.0,98.4,77.9,96.9,60.0,37.5,31.2,35.5
154.7,49.2,82.6,72.2,93.4,52.6,32.9,26.7,33.8
166.0,51.2,84.5,67.5,90.6,49.9,33.9,26.0,36.2
159.9,54.8,87.9,71.7,94.3,55.4,33.8,30.4,34.6
165.3,55.2,82.0,70.2,94.0,54.5,35.5,28.6,37.0
160.8,66.7,94.0,82.0,99.8,63.2,38.3,32.6,35.3
158.9,49.6,81.3,67.4,91.3,52.5,34.3,28.7,33.4
151.4,48.2,85.8,64.9,88.4,52.9,34.1,27.4,34.3
158.2,46.9,85.1,66.9,86.4,49.1,32.2,25.8,34.3
165.9,89.3,109.3,84.6,117.2,79.0,41.3,36.6,37.9
163.0,62.4,93.0,81.6,98.0,57.1,36.5,30.9,33.8
168.6,81.4,100.3,95.0,107.9,66.4,40.0,37.4,38.3
166.5,48.5,84.0,63.0,85.8,50.2,31.7,26.6,36.2
161.5,58.1,87.8,71.6,101.9,59.9,36.7,28.0,35.5
163.6,60.0,92.4,80.3,95.2,56.2,36.7,27.4,35.8
159.4,49.4,79.5,66.9,89.6,51.7,35.7,24.6,34.4
162.4,48.9,79.7,66.4,89.9,51.6,34.0,24.5,34.4
169.1,56.8,89.5,70.0,93.4,55.3,34.9,27.3,36.9
163.1,47.8,81.1,63.1,91.4,52.9,33.1,32.3,36.5
159.9,59.9,90.7,80.4,99.5,58.6,36.3,28.5,36.2
167.4,84.8,101.0,95.1,107.8,68.9,44.1,34.8,36.2
159.3,40.8,76.4,64.7,83.1,48.8,32.4,20.5,34.0
154.4,48.4,87.3,72.6,88.5,52.0,30.8,29.6,34.4
156.8,64.6,100.2,84.6,100.6,58.5,37.8,31.0,36.0
163.4,47.0,81.0,61.9,85.4,49.2,34.1,23.4,35.9
158.0,57.2,86.9,76.9,95.0,58.0,38.0,32.5,35.5
159.0,49.2,82.0,69.8,89.5,53.0,33.9,26.5,34.3
161.2,46.3,76.8,62.4,89.7,49.9,32.9,24.2,36.8
166.3,57.9,87.3,71.6,93.5,55.1,36.1,27.4,35.6
155.3,45.9,80.9,67.0,89.1,51.4,31.3,25.4,34.2
161.8,63.2,92.4,79.3,102.1,65.3,36.2,31.0,34.6
158.5,46.7,83.6,65.1,88.9,51.0,32.0,25.7,33.7
169.7,65.5,94.5,85.4,96.5,56.3,34.9,30.0,34.8
157.7,68.1,100.3,80.9,98.7,63.9,40.9,33.0,38.2
169.2,69.8,98.1,82.5,98.7,59.8,39.1,32.5,37.3
167.0,48.2,81.7,66.4,88.0,51.4,31.0,25.6,35.4
168.4,56.7,89.3,69.4,93.9,55.3,35.1,29.0,37.3
156.1,41.6,77.8,62.8,83.5,51.5,29.7,23.3,34.3
159.7,55.2,86.1,66.4,96.4,58.2,37.6,29.0,33.6
160.2,58.3,94.9,73.8,94.0,57.3,36.7,27.2,36.4
180.9,65.3,101.5,70.9,91.5,54.7,35.1,32.5,40.7
175.9,86.5,108.5,100.3,102.1,63.0,41.2,35.2,41.0
170.0,79.6,105.3,92.5,104.9,64.7,41.8,33.8,40.0
173.1,78.1,104.3,93.7,98.5,61.0,40.1,35.5,40.2
167.9,61.7,94.5,79.7,92.5,56.7,35.2,30.0,40.6
166.0,66.9,102.8,78.6,92.1,57.7,38.2,34.0,38.8
176.8,78.1,108.8,83.6,99.2,61.6,37.6,37.9,42.0
168.2,78.4,105.3,98.3,102.3,62.7,38.6,35.0,38.1
172.5,57.6,94.6,71.0,86.0,51.6,35.7,29.9,39.8
189.5,96.3,111.0,94.2,109.0,67.2,43.1,36.8,43.4
183.5,80.6,106.8,88.0,97.7,60.7,37.2,35.1,42.5
178.5,93.4,109.8,106.6,105.7,63.9,41.3,36.0,40.8
174.8,71.5,98.8,82.7,97.8,59.9,37.5,33.6,40.4
173.7,91.7,113.0,102.5,107.2,67.0,44.7,39.4,41.3
177.1,73.4,101.5,87.2,97.6,58.2,36.4,32.8,40.0
172.1,80.1,104.0,90.8,103.5,61.4,39.4,36.9,41.0
183.4,90.4,115.9,95.6,105.2,66.6,38.9,35.8,44.6
174.5,80.8,105.1,91.6,103.9,63.5,40.8,35.2,41.2
180.2,80.4,105.4,88.3,100.5,60.9,39.2,34.9,42.4
167.2,63.0,97.5,77.4,92.5,53.7,36.8,31.5,37.0
182.4,82.2,104.5,87.0,101.0,63.4,38.5,35.0,43.4
163.7,58.3,91.0,72.6,91.3,55.0,36.3,31.8,38.2
178.9,86.6,108.4,92.2,105.3,64.1,41.8,34.2,40.4
171.1,66.7,95.7,76.7,94.0,60.5,36.0,31.4,40.3
183.2,69.7,99.7,75.7,96.0,56.8,36.5,30.0,41.2
173.2,62.5,93.0,82.2,92.1,56.0,35.2,31.1,38.6
178.1,102.0,114.7,101.2,109.0,69.4,44.0,41.2,42.2
164.7,72.1,102.1,94.4,96.0,59.1,37.3,35.2,38.4
175.1,85.2,109.1,93.3,107.0,63.7,43.8,35.4,41.7
179.2,66.4,96.0,78.0,91.5,56.7,35.3,31.0,40.6
177.7,81.4,106.4,92.8,101.0,61.5,36.4,33.6,39.2
173.1,70.0,101.1,77.7,96.0,56.6,38.2,31.4,40.5
169.8,69.4,99.7,81.0,92.5,55.5,37.3,36.0,39.6
180.8,76.4,107.8,78.8,97.1,59.6,36.5,34.4,42.3
168.2,69.4,102.7,79.3,95.0,55.6,38.3,35.8,40.9
170.3,76.7,101.9,96.4,98.8,57.3,37.0,34.5,38.5
174.9,82.8,108.0,86.7,97.1,59.6,42.4,34.0,41.1
172.3,67.2,96.1,82.0,92.7,55.3,35.2,30.4,41.4
169.5,78.2,102.4,85.8,102.0,62.0,40.5,34.8,38.6
173.8,74.7,99.7,83.8,98.2,57.2,38.0,31.5,39.1
171.6,71.5,103.6,77.8,96.1,59.0,36.5,35.4,38.5
176.6,80.2,108.3,87.5,97.5,58.5,41.3,35.3,42.8
174.5,72.5,102.5,77.5,98.6,57.5,39.2,32.1,43.3
174.7,68.6,99.1,82.3,93.9,55.4,36.0,31.0,41.3
175.2,89.5,106.6,94.4,103.2,62.7,38.7,36.3,42.5
180.3,97.9,112.8,98.8,108.1,65.2,44.6,38.4,42.3
173.8,85.5,104.9,87.8,104.5,63.6,41.5,36.4,42.0
167.7,62.6,95.9,77.6,92.8,53.5,33.9,32.3,40.3
176.1,99.0,113.5,97.4,111.9,71.5,43.1,36.4,42.5
171.0,62.2,94.5,74.1,93.2,52.2,35.6,29.4,40.3
172.0,90.9,109.3,102.9,108.1,66.0,38.6,38.3,38.6
168.9,62.4,96.8,71.6,92.5,52.5,35.3,34.2,42.0
178.0,66.7,99.7,74.9,91.1,53.4,35.3,31.6,40.1
176.2,71.9,94.3,79.9,95.5,57.3,39.1,31.9,38.8
175.1,70.9,96.0,81.7,95.8,57.6,39.0,33.9,41.0
180.8,121.6,124.0,121.4,118.2,73.9,46.8,42.8,43.6
179.5,79.0,100.1,83.6,102.6,60.4,38.5,31.3,42.1
175.5,61.3,93.4,75.1,89.5,49.8,33.4,29.9,41.0
177.2,87.7,106.7,93.4,105.6,65.6,42.5,36.8,42.5
173.7,77.3,103.5,83.4,99.5,60.0,41.3,33.6,40.0
169.4,59.2,91.4,71.6,91.1,53.5,34.5,32.1,38.5
173.6,64.3,96.0,77.9,89.6,54.0,35.8,31.5,39.1
179.7,76.8,97.5,83.6,99.2,58.3,37.8,34.2,43.0
178.2,79.1,97.0,80.5,100.4,57.6,40.2,33.5,39.1
181.6,65.2,100.5,76.6,92.3,54.3,34.2,31.2,39.6
173.1,83.2,107.3,85.4,100.9,63.5,40.2,40.1,40.6
179.1,78.5,101.0,84.1,102.3,61.3,37.4,36.8,40.1
177.0,78.9,107.1,76.7,99.1,62.4,39.1,36.7,41.7
167.6,75.1,104.4,90.0,98.9,59.0,38.0,33.6,41.2
180.4,79.2,108.7,81.2,96.8,58.7,38.6,37.6,41.7
169.2,72.0,101.0,85.5,96.0,58.9,37.7,34.7,40.6
170.9,67.9,98.0,82.3,96.3,56.5,37.8,31.7,39.6
172.9,74.9,100.2,83.0,102.5,61.0,36.5,34.9,40.0
175.6,68.6,99.8,82.5,92.2,55.3,35.4,31.5,41.8
177.5,86.7,108.5,92.7,103.1,65.0,41.0,38.5,39.4
176.4,68.1,94.9,75.7,91.5,53.8,37.9,32.3,41.4
171.0,78.9,104.9,93.4,98.0,61.3,38.7,34.1,39.5
172.6,72.0,101.6,78.4,97.9,59.3,35.2,34.3,41.0
161.9,63.1,97.1,77.6,90.1,52.2,37.8,30.3,40.0
176.4,67.9,96.7,74.3,98.5,54.0,36.7,32.0,42.0
179.4,78.6,106.1,90.0,94.5,56.4,37.8,34.3,40.9
177.5,67.7,95.2,87.0,94.2,54.1,35.7,30.7,40.4
166.9,55.9,90.0,80.5,85.0,48.6,31.8,29.3,35.7
166.7,78.9,100.7,86.5,101.3,64.8,41.0,34.5,40.0
171.7,78.5,101.0,88.5,100.0,58.8,40.6,34.3,39.6
174.0,62.3,95.7,80.9,90.7,50.9,33.6,31.3,40.8
179.0,72.8,102.2,79.4,95.5,56.3,35.8,34.6,37.7
163.4,53.6,84.6,68.1,92.2,55.2,35.8,24.6,35.1
163.5,53.5,91.1,71.0,92.0,53.2,32.6,27.1,37.8
157.4,60.8,92.0,77.0,100.3,58.9,36.5,31.5,37.0
145.0,46.9,84.4,65.8,89.9,53.4,34.3,26.7,33.8
159.9,48.6,80.5,66.1,92.0,55.7,33.1,25.1,34.4
163.0,58.8,90.2,71.8,96.3,57.1,35.7,29.8,36.4
161.1,50.0,81.9,64.9,94.0,51.9,35.1,27.4,34.5
164.2,51.5,79.7,66.0,95.0,57.4,33.4,25.5,35.3
158.4,55.5,82.9,71.4,92.1,56.6,36.8,27.5,31.0
157.1,52.7,91.8,75.3,88.4,52.8,33.7,29.5,34.7
162.2,63.0,89.5,76.5,100.0,59.4,38.8,30.2,35.3
161.0,84.1,108.4,103.5,106.4,68.5,39.9,33.4,37.0
160.1,61.8,93.4,76.5,95.0,56.9,37.9,28.8,36.8
160.2,54.2,87.3,68.1,92.5,56.6,35.7,28.9,36.1
160.0,51.4,87.8,68.6,89.1,53.5,33.2,28.2,34.3
157.5,48.1,82.8,68.3,86.6,50.5,31.6,24.6,34.4
169.1,50.0,82.7,66.7,87.0,49.5,34.0,23.7,37.3
156.3,60.1,94.8,80.0,97.0,57.6,35.4,32.0,36.5
169.6,65.9,92.0,76.6,99.2,62.5,37.1,30.5,36.8
155.1,48.6,85.7,64.9,86.1,54.3,33.6,25.3,32.9
154.8,47.3,84.5,67.9,88.2,51.5,32.3,27.4,34.4
161.9,70.2,100.9,87.2,102.4,60.3,37.7,31.9,36.6
163.1,62.2,91.0,79.0,96.3,57.6,35.6,30.3,37.3
157.4,63.7,95.0,75.6,101.4,60.1,40.4,31.8,35.3
153.6,50.6,85.7,69.0,90.8,53.0,34.0,25.0,35.3
162.5,63.0,89.3,79.6,101.6,62.1,38.0,30.0,36.1
168.9,83.0,104.0,90.6,113.7,68.9,40.5,31.0,37.6
161.1,47.4,79.3,61.7,86.6,52.2,33.8,25.3,31.3
156.5,61.4,94.1,86.0,98.1,60.2,36.6,32.7,34.8
160.1,58.1,89.4,73.5,96.8,57.5,36.5,28.0,35.1
168.1,114.3,116.0,111.8,136.9,80.0,47.8,43.0,40.6
161.2,58.0,89.6,76.0,91.2,57.4,37.5,31.8,34.6
156.0,48.6,82.0,67.9,87.8,54.9,33.6,27.7,32.4
163.6,50.0,82.6,63.9,90.3,53.3,34.2,26.0,35.6
165.5,52.6,88.0,71.3,87.9,51.2,32.6,25.0,35.7
164.7,48.1,84.9,66.0,86.9,49.9,30.3,27.3,35.5
158.6,55.7,87.5,73.9,93.1,55.8,35.2,28.5,35.2
150.9,54.0,92.0,77.9,91.5,55.1,33.1,30.3,35.6
156.1,47.9,80.3,69.9,86.5,50.5,34.0,25.4,32.6
154.1,57.2,94.3,82.0,94.0,53.1,34.5,30.5,34.0
171.3,62.7,95.3,77.1,94.3,54.2,37.1,28.2,36.9
153.4,46.2,83.8,74.5,87.2,51.2,30.9,25.2,33.8
163.0,84.6,109.5,96.3,108.3,67.3,38.4,38.8,38.6
163.5,50.5,82.9,67.0,89.7,50.9,32.4,27.0,37.0
166.5,71.9,95.7,84.3,106.8,62.1,36.8,32.1,36.7
153.0,46.9,85.3,72.4,87.9,52.4,32.5,27.8,33.7
159.1,60.0,89.5,78.9,97.9,57.2,36.1,31.5,35.4
164.7,70.5,97.8,91.1,98.8,59.5,39.3,31.0,36.3
156.7,49.9,86.2,71.3,89.0,54.0,32.6,27.6,34.6
166.6,58.2,88.7,72.8,94.3,57.9,35.8,28.1,35.5
159.3,57.4,89.4,70.1,96.5,59.2,35.3,29.0,35.6
163.3,59.1,91.2,76.0,94.4,56.1,35.4,29.7,35.9
156.9,51.4,86.0,69.7,92.3,54.7,33.0,26.5,33.7
158.3,50.6,85.4,73.2,90.0,52.9,32.9,27.5,36.8
166.8,51.6,81.0,65.8,92.5,53.3,36.0,25.0,37.3
163.5,54.2,85.8,70.6,89.5,54.3,35.9,27.9,34.9
158.6,59.8,93.1,77.8,98.4,59.9,37.9,29.8,35.3
153.7,44.5,76.9,63.3,89.5,51.4,33.0,26.0,34.4
153.9,73.9,100.1,95.5,106.3,66.8,38.9,34.5,34.7
160.8,69.1,97.7,85.6,105.3,66.6,37.1,29.4,37.8
152.1,56.3,87.6,75.8,93.2,55.8,35.4,29.5,33.3
169.8,85.9,105.6,93.5,112.7,67.6,40.9,36.2,38.2
158.4,49.2,83.5,69.6,92.9,55.7,32.3,27.0,34.5
163.1,85.3,84.4,74.5,97.1,55.1,37.9,28.0,35.4
172.6,49.9,80.1,67.5,91.3,52.5,31.7,25.5,39.0
157.4,63.8,94.9,81.5,100.0,62.8,38.7,31.0,33.5
153.4,53.9,84.8,72.0,92.5,57.2,36.1,29.0,32.2
168.8,57.7,90.3,75.8,91.6,57.2,35.3,29.3,37.6
167.2,65.1,91.3,84.3,99.7,61.4,36.7,29.2,35.6
161.0,52.3,86.4,65.0,92.6,54.7,33.8,28.8,33.4
167.2,60.6,92.5,74.1,95.8,56.5,37.1,30.0,37.0
158.3,60.9,98.0,78.8,96.0,57.1,36.5,31.5,35.3
164.4,55.4,85.4,72.7,94.6,58.1,34.4,28.2,35.9
163.5,47.4,81.8,65.5,88.0,48.5,31.9,25.3,34.6
162.0,64.9,94.3,80.4,104.0,64.1,35.8,30.5,35.1
163.9,65.1,91.3,80.9,98.8,60.0,37.3,31.4,35.8
162.4,46.4,83.0,65.3,85.1,49.5,31.5,23.9,36.0
158.7,65.2,98.4,85.0,98.7,58.9,38.3,32.2,34.0
167.9,49.7,82.7,63.1,86.0,52.3,32.6,24.9,33.9
166.1,53.1,88.3,72.2,92.9,53.3,32.2,27.8,36.4
160.8,58.8,92.2,76.3,94.8,57.6,37.0,29.6,33.4
160.5,58.8,94.8,73.2,96.1,58.1,36.6,28.5,34.8
176.5,83.8,104.5,89.9,103.6,66.1,40.5,37.2,41.8
176.0,89.7,109.1,98.6,106.5,64.2,42.1,34.5,40.5
178.8,64.4,97.5,72.5,91.7,55.4,34.4,28.7,39.1
182.8,85.1,110.5,91.2,99.1,64.0,41.2,34.5,42.3
184.2,105.0,118.1,104.6,103.7,63.9,45.2,38.5,42.1
174.6,81.2,103.4,87.0,103.5,63.8,40.2,34.3,39.6
168.3,76.5,108.6,92.4,94.6,60.5,41.1,35.6,37.9
169.0,78.1,106.3,87.3,98.6,61.2,40.1,35.1,37.7
180.4,105.6,113.8,111.8,114.7,70.3,44.9,39.0,42.7
174.9,84.0,109.0,97.5,103.3,64.3,40.9,33.4,38.9
164.6,54.9,92.1,71.0,88.1,51.5,34.4,29.4,37.7
172.8,72.8,99.4,87.2,100.5,60.3,38.2,31.2,37.6
167.4,62.7,95.8,76.6,91.7,56.1,37.8,29.6,38.7
171.7,66.9,102.0,83.7,93.6,57.0,34.6,32.9,39.0
172.4,69.1,104.1,76.5,93.5,58.8,40.3,31.0,38.0
170.2,67.7,100.7,83.2,90.9,54.1,37.0,30.8,38.5
178.1,78.0,100.0,86.6,100.6,63.3,36.9,33.1,39.3
167.0,85.1,111.2,103.7,104.7,65.2,40.9,37.5,38.8
162.2,72.5,99.4,92.2,99.6,63.0,38.9,35.0,38.9
175.9,60.8,90.4,74.2,90.3,52.0,36.4,27.9,39.0
165.9,55.7,93.5,75.9,89.0,53.3,35.7,26.8,39.2
171.3,54.3,87.7,71.1,86.6,51.5,33.8,28.0,37.1
172.2,86.0,111.4,90.2,102.7,64.5,41.4,37.0,40.8
181.7,62.0,89.5,72.0,91.2,53.8,36.6,26.4,38.4
177.9,75.9,101.5,89.8,99.9,59.4,38.6,32.2,39.2
170.8,67.7,93.7,79.5,94.4,55.5,37.7,30.9,38.8
175.9,105.9,111.5,103.1,119.6,75.2,44.0,38.3,41.1
177.4,80.8,105.8,92.2,100.0,59.8,38.3,36.3,40.5
174.5,75.9,99.5,90.5,98.4,56.8,39.0,33.0,39.4
164.9,52.6,87.9,68.3,86.9,47.0,33.0,25.5,40.0
174.4,73.5,100.8,80.7,99.0,59.0,37.7,33.4,40.6
178.3,75.9,101.0,81.9,98.0,57.6,37.5,34.5,43.5
173.3,80.6,105.4,93.0,101.8,60.5,37.6,36.0,40.2
172.8,67.4,98.0,78.2,96.2,54.6,36.5,33.6,41.1
182.2,75.5,103.2,79.2,97.3,59.7,38.0,34.7,40.3
177.8,80.8,101.3,88.3,101.5,60.8,39.2,33.9,41.9
169.3,64.8,93.6,78.5,94.0,54.7,35.5,32.6,36.9
171.0,71.4,98.1,80.2,98.0,60.6,39.4,31.9,41.9
187.6,98.2,107.5,91.8,109.5,64.9,41.4,39.3,40.3
168.7,61.6,98.1,74.3,92.8,54.2,33.7,30.7,39.7
168.7,69.9,101.4,77.5,94.6,57.2,37.2,34.8,41.2
179.7,70.4,94.2,77.3,94.6,55.5,36.0,32.3,39.1
180.2,77.6,102.8,84.4,94.5,59.4,38.2,35.9,41.6
179.7,81.6,107.2,92.6,102.0,62.1,36.1,34.3,42.4
166.3,78.0,102.1,95.4,96.5,57.1,39.7,33.5,37.4
181.0,97.9,110.0,99.7,109.4,67.0,42.6,39.8,41.9
167.8,58.1,90.0,77.0,89.8,52.7,33.8,29.3,38.2
171.2,73.9,99.4,80.8,97.1,61.8,37.7,36.0,40.0
180.7,83.4,102.4,87.3,102.5,62.6,40.0,34.3,40.9
168.8,60.7,94.5,72.0,88.5,50.5,36.2,31.6,40.5
178.3,65.9,90.5,73.5,93.6,53.9,34.5,29.3,40.6
174.2,70.3,96.5,76.3,93.5,56.9,36.8,35.1,40.4
181.7,74.9,104.2,83.9,96.3,56.8,35.7,34.7,43.1
178.2,88.4,108.7,92.0,102.8,61.7,42.1,37.3,42.7
181.4,89.2,103.5,88.0,102.8,63.9,43.6,36.0,41.9
179.5,79.1,102.5,87.0,100.0,60.4,39.9,34.2,37.8
182.2,93.5,109.4,91.4,106.0,65.6,41.4,37.4,41.9
170.7,66.7,97.0,81.0,93.8,56.6,37.0,33.0,40.5
170.5,62.4,96.7,80.0,88.5,53.0,32.4,31.4,40.1
180.7,70.9,94.7,78.8,96.1,55.0,37.5,34.2,40.5
165.4,75.6,103.4,93.0,98.5,57.7,36.6,33.3,36.0
168.5,61.4,89.7,78.0,92.0,51.7,36.2,29.6,40.1
177.9,78.1,100.4,83.4,100.3,60.1,38.4,32.6,41.7
179.5,71.2,100.0,80.0,97.0,57.6,37.1,32.9,41.0
176.1,81.8,100.1,84.5,102.0,60.0,40.2,35.8,43.7
177.2,96.3,115.4,97.1,103.5,63.2,39.7,40.3,42.2
176.0,73.3,97.8,88.9,98.4,59.0,37.5,32.0,40.3
182.8,74.4,99.7,85.0,94.2,56.2,37.4,33.6,41.0
180.2,87.0,107.4,91.8,99.5,57.8,38.5,35.7,40.4
186.7,82.8,100.0,85.6,102.5,59.2,39.1,34.9,44.3
176.2,75.9,98.8,81.2,98.2,57.7,37.5,33.6,40.1
170.3,66.3,95.7,80.4,94.0,54.3,36.0,31.2,41.8
174.5,72.8,96.8,83.7,101.5,60.5,36.5,32.3,41.1
171.2,75.4,104.1,84.4,98.6,58.5,40.2,33.6,43.2
171.6,76.8,103.5,86.4,101.0,62.6,37.7,33.8,41.5
179.6,78.9,96.7,79.0,102.9,63.1,40.0,33.5,38.4
171.1,78.4,104.8,95.7,98.8,59.0,39.1,37.5,38.0
168.8,61.8,92.7,74.4,91.7,53.4,37.7,31.1,40.0
180.4,78.0,97.4,86.9,100.5,57.0,36.5,34.5,43.0
171.3,83.2,98.3,85.5,106.4,66.2,42.0,36.7,41.4
170.5,65.8,90.7,77.6,92.6,53.2,37.6,31.4,40.0
173.2,77.6,97.2,84.4,104.5,63.1,41.1,35.1,38.9
168.2,69.1,92.6,87.4,96.4,57.0,39.1,32.4,40.3
174.3,89.0,107.5,95.0,106.3,63.9,41.0,36.4,39.9
158.6,79.9,104.1,92.5,108.4,67.2,42.6,36.3,35.1
161.3,54.8,86.9,71.9,88.5,51.6,39.9,27.8,34.3
163.1,55.4,86.9,69.6,93.8,53.2,37.0,28.0,35.4
161.8,52.1,83.6,69.2,93.5,54.1,36.4,25.3,35.4
160.4,53.3,83.9,69.2,93.2,53.9,35.0,26.7,33.0
166.5,61.7,92.8,72.4,96.1,59.9,38.1,29.2,33.5
161.0,47.4,84.6,66.5,88.3,54.2,29.9,26.6,33.2
158.5,49.2,83.5,67.7,89.8,54.6,32.9,28.7,33.5
149.7,69.7,103.7,93.8,107.3,67.8,39.2,34.9,35.8
163.3,50.7,80.9,70.3,89.3,53.9,32.5,26.5,34.3
161.9,55.6,83.5,73.2,94.0,59.4,36.0,28.0,33.5
155.6,52.0,86.5,74.8,90.5,56.2,31.5,27.8,31.5
157.8,59.6,92.5,80.9,98.0,59.1,36.3,28.7,32.6
162.5,51.3,83.9,66.0,89.7,54.7,33.2,25.2,34.4
160.6,48.7,83.8,67.8,90.2,53.1,32.5,25.9,35.0
166.8,66.2,96.1,76.7,100.7,58.9,38.5,28.6,36.1
163.5,52.7,87.7,71.3,89.1,53.1,35.2,27.2,35.5
162.3,48.8,84.5,66.0,89.1,49.6,32.4,26.2,35.0
165.3,59.3,87.3,71.6,96.6,60.1,35.1,28.5,35.7
156.0,51.0,90.4,74.4,92.0,52.1,31.7,25.5,34.7
162.7,88.5,110.9,99.9,111.0,69.4,38.8,38.2,36.8
169.0,57.5,88.9,73.5,90.8,51.4,33.6,27.8,35.2
157.4,43.4,79.4,69.9,84.4,49.7,33.7,23.5,33.4
160.0,57.0,86.8,71.3,94.7,60.9,35.3,28.8,33.3
151.2,44.2,82.5,63.9,82.9,49.7,34.5,24.8,34.1
161.2,64.0,95.7,83.5,98.8,60.1,37.0,31.5,35.7
170.9,65.1,100.3,71.8,91.8,56.1,38.2,33.0,37.7
173.9,59.4,94.8,73.9,88.9,55.4,33.7,27.8,42.0
171.0,63.0,101.3,77.5,88.6,53.6,37.3,30.0,39.9
179.8,88.5,113.3,94.6,102.4,64.8,38.9,37.0,42.2
169.4,77.5,104.9,92.8,100.4,64.9,39.1,33.9,39.1
176.1,66.5,101.6,73.5,91.7,56.4,37.0,32.5,40.6
178.1,73.7,109.1,82.3,94.0,56.0,36.1,31.6,41.4
170.2,55.3,89.4,68.9,87.2,51.1,33.8,26.6,38.9
174.8,81.1,102.3,88.8,101.4,64.5,42.6,33.8,39.7
164.8,85.2,109.3,101.3,102.9,66.2,41.8,36.3,37.7
174.5,63.1,95.1,73.7,90.4,54.1,35.7,28.4,38.8
168.7,67.0,105.7,80.8,91.7,57.5,34.8,33.5,36.1
174.6,58.9,92.8,72.2,87.5,52.0,34.7,29.0,37.9
175.4,73.1,101.4,82.3,102.7,60.2,40.1,33.0,40.8
176.7,83.7,104.1,96.9,106.1,67.5,40.4,36.2,40.1
180.0,72.1,102.9,79.1,95.6,59.5,35.0,33.2,40.6
159.0,42.3,78.8,62.5,83.7,47.5,31.4,23.6,34.8
155.7,41.3,79.1,64.8,83.9,47.6,30.4,23.5,32.7
163.5,51.1,87.2,69.8,87.6,51.2,25.5,26.3,34.0
167.8,57.3,84.9,74.5,99.2,58.1,33.1,28.2,33.9
159.0,51.3,84.7,74.0,92.5,55.3,33.6,27.5,35.7
161.8,56.4,90.0,78.4,92.6,57.2,34.2,26.0,35.6
161.6,67.6,95.4,81.8,100.8,61.1,38.9,30.8,33.3
151.9,64.7,104.7,85.4,93.3,60.1,38.2,33.8,35.4
162.3,59.1,92.7,77.0,97.1,57.7,34.9,29.4,35.7
162.6,52.3,83.3,71.5,90.8,55.3,34.8,28.0,33.3
171.6,63.6,91.8,78.8,95.4,57.2,34.9,28.3,36.3
164.4,50.0,82.9,70.4,88.0,53.2,32.5,25.7,35.0
157.1,43.6,80.3,62.8,82.8,49.3,32.6,24.9,32.2
161.8,61.6,90.5,77.8,94.9,58.2,37.3,28.9,33.5
171.0,71.8,103.5,84.8,95.9,58.5,39.4,32.0,40.6
174.1,69.2,100.7,80.7,94.3,55.1,39.8,31.9,38.4
168.6,71.8,102.6,89.3,97.4,60.0,38.1,32.5,37.8
187.6,83.0,105.7,80.1,100.5,63.3,38.9,35.6,42.3
173.3,63.7,100.5,76.2,89.7,52.1,35.5,32.1,40.7
175.8,56.6,86.1,71.3,89.0,51.7,34.8,27.3,39.2
168.0,68.6,102.4,86.1,95.1,61.6,36.8,31.3,39.0
184.5,95.9,107.8,100.5,108.5,69.1,42.2,37.2,43.0
180.6,63.6,92.3,78.3,89.2,53.1,35.8,28.9,41.2
178.0,76.6,101.1,87.0,100.5,62.5,40.7,30.9,39.7
173.9,77.8,109.2,88.1,98.3,59.9,41.3,34.3,41.0
183.6,85.3,105.1,92.4,101.6,65.0,38.2,34.0,43.5
164.4,66.2,98.4,82.2,95.5,59.2,37.2,33.2,35.9
182.9,65.5,99.9,76.4,89.3,53.1,35.9,31.5,44.1
175.2,60.6,92.4,68.5,88.4,54.1,36.7,29.9,36.0
163.4,52.1,88.6,77.7,86.2,48.9,31.3,29.0,37.2
175.1,92.7,111.6,100.2,106.0,68.0,45.3,36.3,38.0
165.6,70.2,99.9,95.4,99.4,60.4,37.2,29.0,38.2
178.3,76.2,103.8,84.7,99.7,59.8,38.8,33.1,42.0
164.6,63.8,95.5,80.6,97.7,58.8,39.7,31.1,39.0
184.4,76.2,104.9,81.4,98.2,58.0,35.9,32.9,40.9
174.7,74.6,106.9,86.5,98.1,61.6,39.3,33.0,39.5
174.4,81.1,112.2,87.4,97.1,60.4,38.8,36.0,41.0
181.6,70.2,98.7,78.9,92.4,55.2,37.4,30.8,41.7
169.3,85.0,108.9,92.6,99.9,62.1,45.3,36.6,39.8
174.2,86.1,109.0,100.8,103.1,64.6,39.9,35.5,40.2
177.7,69.0,99.9,79.6,95.8,57.4,37.1,29.6,40.8
177.5,70.4,100.0,80.5,94.2,58.2,38.7,32.3,37.7
178.5,82.5,103.4,98.3,102.4,61.5,38.1,33.4,39.6
165.2,57.3,90.0,74.7,88.8,51.9,35.5,28.6,39.5
171.1,81.7,102.6,88.0,101.0,59.7,42.2,36.4,40.4
171.2,88.0,99.6,95.3,106.1,67.0,43.8,36.8,40.5
165.9,81.7,105.8,92.5,105.2,63.5,39.3,35.8,42.0
166.9,67.4,93.2,81.2,93.5,54.5,39.2,31.4,39.0
175.9,95.5,110.0,99.2,106.6,67.1,43.4,38.0,43.7
178.3,82.1,105.5,90.2,102.4,64.0,42.4,34.0,41.2
175.1,99.9,113.2,105.7,108.0,68.5,41.5,40.1,39.8
173.7,63.6,96.7,75.1,91.3,54.1,35.5,31.1,38.3
177.2,66.7,96.5,72.0,92.5,52.7,38.7,31.8,41.0
182.0,83.1,106.8,84.4,99.4,62.0,40.6,37.3,42.0
179.4,75.7,96.3,82.9,100.3,61.2,38.0,32.4,41.3
179.7,92.9,107.2,90.0,109.0,68.5,43.2,35.8,41.0
178.5,113.4,117.3,107.2,119.2,74.5,45.0,43.2,44.5
176.4,69.2,98.0,82.6,95.9,55.3,36.4,31.0,39.2
169.4,69.1,92.0,81.3,99.8,61.4,37.3,32.6,37.9
174.5,96.3,117.0,104.8,105.3,66.7,44.2,38.8,42.8
180.3,77.9,100.5,88.0,96.5,56.0,39.0,32.8,41.5
178.6,69.5,98.0,80.5,93.6,56.8,35.0,30.7,40.7
178.9,55.7,86.0,68.3,86.5,49.6,33.7,27.0,40.3
176.1,72.7,105.5,83.5,96.3,54.6,37.0,32.6,40.5
181.0,72.8,97.0,78.2,93.0,55.6,39.2,32.0,41.5
171.1,70.5,100.0,82.4,96.8,57.0,36.7,33.0,41.4
169.1,79.4,102.3,88.0,100.8,59.7,37.1,33.4,40.6
175.1,76.3,99.5,81.5,99.5,59.5,41.6,34.1,38.1
179.2,93.1,103.0,96.2,106.8,63.0,43.0,34.9,38.1
177.8,88.6,106.0,97.8,104.9,62.9,37.8,36.8,39.8
173.6,73.6,97.0,82.2,97.3,58.6,38.6,34.2,40.6
167.8,63.7,93.3,76.0,93.1,53.5,34.6,31.0,41.0
177.0,71.8,94.5,82.8,96.2,58.5,36.4,33.3,41.4
174.4,77.2,105.5,87.0,97.5,57.8,36.0,32.6,42.1
172.5,81.5,102.7,83.4,100.3,60.5,38.2,35.1,39.0
174.2,85.4,106.0,94.2,96.3,58.6,39.7,35.6,40.3
169.7,75.4,102.8,83.6,101.0,58.3,37.0,34.4,41.6
167.4,102.3,115.3,105.0,112.5,72.0,45.0,43.0,38.8
167.2,65.9,95.3,78.7,92.6,56.5,34.5,31.7,40.4
184.1,80.7,105.6,84.0,98.7,60.2,38.4,36.4,41.7
173.9,68.7,90.5,79.0,97.6,58.4,37.0,33.3,40.2
180.8,79.0,103.9,82.1,99.8,58.3,37.4,35.6,40.8
164.3,61.6,100.0,72.3,89.5,52.0,34.7,31.7,37.2
174.8,69.8,95.4,79.0,97.7,57.5,33.3,35.6,41.5
176.0,80.9,105.7,91.0,98.5,59.7,40.2,35.0,40.9
169.6,56.1,86.0,71.1,89.5,50.9,32.2,29.0,38.7
171.7,61.6,85.8,71.7,88.5,52.0,37.5,27.7,38.3
181.2,65.7,94.3,73.6,90.3,49.4,38.9,29.9,41.5
172.8,70.5,96.0,80.0,95.1,57.8,39.7,31.6,40.4
177.2,82.4,104.8,90.9,102.2,62.0,39.1,35.6,37.8
179.9,76.6,98.5,84.2,96.5,59.8,37.0,35.7,40.3
172.3,72.0,97.0,81.0,94.1,58.0,38.4,34.1,38.6
170.6,63.5,92.8,77.8,92.8,54.7,35.9,30.9,38.0
174.2,66.9,94.3,73.0,94.7,56.5,36.2,30.4,40.6
176.0,78.2,101.3,87.2,98.0,60.0,38.5,33.7,41.2
183.6,94.4,104.0,94.4,104.5,60.9,41.9,33.7,38.8
178.0,97.5,111.4,100.5,108.8,64.9,41.6,38.0,40.1
171.1,78.6,105.2,83.8,103.6,62.6,39.3,34.8,39.3
180.4,64.7,96.0,73.0,91.6,53.8,35.5,30.3,41.0
177.5,88.6,104.3,90.0,108.5,64.0,40.6,35.0,39.5
176.1,88.5,109.0,101.9,107.2,62.9,39.4,34.7,40.4
161.3,81.6,108.4,97.7,104.7,65.0,42.7,34.4,39.7
170.0,58.6,88.7,75.8,89.5,52.1,38.4,27.5,40.7
156.0,61.0,97.8,87.4,88.5,51.7,37.9,30.3,36.8
175.0,64.9,100.7,79.4,90.1,55.7,36.8,30.2,38.3
172.3,70.1,101.1,87.9,91.2,52.8,37.6,31.1,38.5
172.0,60.6,94.8,78.4,89.3,50.4,35.7,29.1,38.6
175.5,65.8,90.4,81.7,92.3,53.8,37.8,31.3,40.5
161.5,52.5,85.1,71.4,88.3,54.1,33.8,28.3,37.7
162.1,53.7,87.3,71.8,90.8,55.5,36.1,27.6,34.6
159.6,56.4,91.2,77.0,94.9,53.7,32.6,29.4,33.9
166.0,65.4,100.1,84.9,91.0,52.2,35.6,30.5,37.9
165.0,73.7,105.0,97.7,101.3,57.0,36.2,33.5,37.7
174.6,75.1,100.5,93.9,93.4,55.3,38.7,32.7,39.6
167.0,64.8,95.1,85.2,94.6,52.8,34.0,32.2,38.6
171.0,71.9,100.0,91.2,97.3,57.6,37.0,33.8,38.9
169.2,74.2,103.1,98.1,95.5,57.0,36.7,33.1,37.5
162.6,71.5,106.5,89.3,97.6,57.3,38.3,33.2,37.0
162.0,62.1,98.4,84.3,91.7,52.4,37.0,32.0,38.8
169.7,73.2,103.3,95.3,95.0,56.9,39.0,33.4,40.7
167.5,70.7,97.6,90.8,93.2,54.3,39.0,32.9,39.8
174.8,67.6,96.0,86.3,95.5,52.7,37.6,30.8,38.8
164.8,73.5,103.6,91.4,94.3,55.9,41.7,32.8,39.4
165.0,59.6,97.5,78.2,90.4,53.5,36.1,29.3,39.3
164.0,90.9,113.5,110.7,106.9,63.3,43.5,36.7,39.5
170.0,65.6,94.2,82.9,90.2,54.0,38.5,27.8,38.8
179.2,63.5,94.4,76.9,92.8,51.0,34.2,30.0,40.3
170.0,80.0,108.4,97.9,102.3,59.9,39.4,35.7,39.1
170.1,63.9,94.2,81.8,91.9,53.5,37.4,31.8,38.6
168.0,70.1,96.3,87.4,92.1,54.9,40.2,31.1,38.6
162.6,59.3,93.2,80.5,90.0,52.9,37.6,32.7,37.8
176.2,68.9,96.1,83.3,95.6,53.8,38.3,31.5,38.8
180.2,82.9,107.8,87.7,100.2,62.0,38.9,35.1,40.9
175.3,68.4,99.3,80.9,93.9,55.9,38.9,30.7,39.2
166.0,70.6,99.8,93.0,96.5,56.8,38.5,32.8,39.1
177.5,68.1,95.4,78.5,94.5,56.5,37.4,32.2,37.4
169.2,63.7,96.8,82.9,90.7,52.5,37.2,31.3,36.5
172.2,79.3,108.8,88.7,102.3,61.3,41.7,34.9,38.9
160.6,70.6,103.6,88.3,98.3,59.3,39.5,34.0,37.5
167.8,74.5,104.0,88.3,99.8,60.6,38.3,33.0,41.3
177.0,69.0,100.6,84.8,96.3,53.2,35.8,31.5,40.7
176.0,100.0,117.2,101.9,106.2,64.3,45.0,38.4,39.0
162.6,83.4,111.6,100.7,101.0,64.8,41.1,38.0,37.8
171.0,79.5,108.0,95.8,97.1,55.7,40.4,33.7,39.5
174.6,87.5,107.9,100.9,104.7,62.7,42.7,35.8,43.2
181.0,76.3,102.7,87.9,95.8,54.2,37.6,31.1,39.0
163.0,55.7,90.3,81.8,85.5,48.0,34.6,28.8,37.3
167.1,66.6,99.3,85.3,97.8,59.2,37.4,31.5,38.9
167.0,64.0,96.1,85.9,91.4,54.2,35.4,30.3,37.9
174.1,83.1,108.5,98.9,103.9,57.3,35.1,33.3,42.4
171.9,80.5,109.4,98.6,97.7,52.0,34.8,34.6,40.1
176.3,101.7,119.7,106.7,109.0,68.7,44.5,39.6,42.9
171.8,71.0,102.8,85.9,95.4,54.4,37.7,31.5,41.8
172.0,78.7,102.8,94.9,103.5,63.1,40.2,33.8,43.1
172.0,86.7,111.6,100.4,101.7,64.5,40.0,36.4,41.6
174.4,76.3,110.4,84.4,100.4,59.2,40.2,34.4,42.3
176.7,85.6,110.1,95.1,102.3,63.7,40.4,33.9,39.9
176.9,65.2,93.0,82.7,92.7,54.0,35.4,29.8,38.9
167.5,69.9,101.1,89.7,97.1,57.8,38.6,33.1,39.1
169.7,87.1,105.9,99.1,106.1,68.6,42.4,34.8,37.5
169.8,58.8,91.9,80.7,89.3,53.0,33.5,30.3,38.6
168.3,89.1,120.0,101.0,102.8,66.1,40.1,40.4,42.3
173.3,75.4,104.1,85.7,97.7,61.1,35.4,34.1,39.3
175.9,79.7,105.4,94.4,96.5,59.7,35.6,34.4,39.9
176.2,76.3,98.6,92.7,95.9,60.8,38.1,33.7,39.5
168.5,72.2,102.5,85.7,94.5,55.5,38.7,35.9,38.3
164.5,75.8,104.5,94.4,98.3,64.5,40.1,33.9,39.5
173.5,73.9,99.9,90.7,98.5,59.9,38.7,31.6,41.1
169.2,60.2,92.6,80.8,90.4,52.3,35.5,30.1,40.6
164.7,64.5,99.5,82.3,99.0,58.4,36.0,31.5,37.8
170.2,72.7,106.5,88.8,97.0,58.6,36.0,34.2,41.3
179.2,88.2,109.6,96.5,106.8,63.2,43.6,35.4,43.4
175.2,72.1,103.5,84.3,96.3,58.5,37.8,36.2,40.3
169.2,84.3,101.7,96.2,106.2,63.0,43.4,34.1,40.8
180.8,77.2,103.5,92.3,97.3,60.5,35.8,32.8,41.4
171.0,62.9,97.9,87.5,90.5,53.6,35.9,30.6,36.1
166.0,55.0,91.1,74.7,89.5,53.5,34.9,28.0,37.7
178.3,85.6,106.3,100.0,99.4,61.5,40.9,35.3,41.1
166.3,89.7,112.5,106.7,104.8,65.1,44.2,37.1,41.7
171.0,72.8,100.7,92.8,94.9,57.8,39.3,32.7,38.1
166.6,79.2,111.0,95.9,98.2,61.9,41.1,36.5,41.5
169.1,74.7,104.0,93.2,98.7,57.8,38.1,32.9,40.0
161.0,67.2,99.7,90.3,94.8,60.1,38.3,34.4,40.6
168.5,75.3,104.8,93.9,97.8,59.5,37.8,34.5,39.6
174.3,64.5,94.7,77.8,92.1,54.5,33.9,31.5,40.3
163.0,70.0,100.0,93.0,97.7,59.5,35.3,30.5,38.8
162.3,66.9,98.9,93.7,92.2,58.1,35.9,33.1,35.9
175.3,77.1,100.5,93.7,98.9,61.9,39.0,33.5,40.5
169.1,59.0,90.7,78.9,91.0,57.1,37.8,28.5,38.3
174.8,79.5,109.7,93.0,99.6,62.5,40.1,34.5,42.6
170.2,69.6,102.4,86.0,97.2,57.1,38.2,31.4,38.0
176.2,83.5,100.6,95.1,102.0,61.0,41.9,34.8,40.7
168.0,75.0,102.5,91.6,96.5,59.3,38.8,31.9,38.6
172.1,79.2,107.9,94.5,99.4,59.5,37.4,35.2,40.7
152.5,52.8,92.2,77.9,86.5,54.6,32.7,29.4,37.2
161.1,63.8,96.5,94.0,89.8,55.6,34.8,30.1,36.0
174.4,79.8,109.0,91.8,100.1,64.4,40.0,34.7,40.9
173.2,84.5,111.8,99.5,102.0,64.2,38.8,36.7,37.0
171.2,76.7,104.8,92.3,103.0,58.8,38.9,32.1,39.9
171.5,76.7,105.1,98.2,99.7,58.0,39.8,33.9,41.3
174.5,77.5,103.2,91.8,99.8,59.3,39.1,32.1,40.8
190.2,97.7,114.8,96.6,103.5,63.0,41.3,36.1,42.5
170.0,70.1,100.7,84.5,96.9,59.3,38.9,31.8,40.2
167.5,70.4,101.4,87.8,93.4,59.0,38.1,32.1,39.1
153.3,60.2,94.9,95.4,92.1,50.4,35.0,30.7,35.1
156.4,45.0,79.5,68.5,88.5,49.8,31.2,24.8,35.8
179.6,82.1,101.3,93.7,100.5,58.4,39.0,34.6,41.2
175.7,69.0,98.6,86.1,94.9,55.5,37.0,30.1,38.5
165.5,76.9,108.0,95.3,97.0,57.2,40.9,35.0,39.7
179.8,87.2,106.2,95.6,105.3,62.5,40.9,36.4,40.8
161.4,53.2,93.0,82.2,84.7,48.5,34.0,27.3,38.2
174.5,83.8,111.3,103.3,99.0,54.8,40.5,35.8,41.2
177.0,83.8,106.8,95.2,100.1,59.9,42.0,34.8,41.6
162.0,56.1,99.5,82.2,83.7,48.2,35.6,30.2,37.3
167.3,61.3,96.4,79.4,91.8,52.2,36.5,28.2,37.7
172.5,63.8,98.7,87.3,92.0,53.1,36.5,31.3,39.9
175.5,80.8,103.5,91.6,98.7,61.3,44.4,34.2,39.4
170.8,76.3,101.5,100.5,101.7,58.0,38.8,33.5,38.5
166.7,78.7,107.0,102.7,99.5,60.3,39.9,33.7,39.7
165.0,75.6,98.2,97.5,99.1,57.5,40.1,33.9,38.9
169.0,75.5,105.3,93.0,101.2,59.6,38.9,35.6,41.7
164.7,87.7,92.3,72.8,90.4,50.8,35.8,30.2,38.8
171.0,73.3,104.6,87.2,94.5,54.6,38.2,34.5,40.6
168.4,61.3,95.7,81.3,90.9,55.5,34.0,31.0,40.1
168.8,71.8,108.5,92.7,96.4,56.2,35.9,33.0,39.5
165.6,78.8,103.8,98.2,103.6,62.8,38.3,33.5,38.7
167.0,70.6,99.3,88.8,93.7,55.0,38.3,31.6,38.3
167.6,59.5,95.1,85.3,89.9,49.6,34.4,31.6,38.4
170.8,79.9,105.9,98.6,98.0,53.2,37.1,33.7,43.2
179.3,74.6,99.7,86.3,95.9,58.1,38.1,32.2,39.9
167.4,59.1,89.6,77.8,91.2,51.8,35.2,28.9,40.2
179.4,75.4,105.0,88.3,99.3,59.0,37.0,33.8,41.3
172.5,75.2,106.3,92.7,97.9,56.5,36.0,33.7,40.4
174.0,72.5,102.4,86.3,94.2,56.8,39.5,33.7,39.1
177.7,88.8,108.7,97.9,104.0,61.6,41.1,35.0,43.1
171.8,64.5,99.8,82.4,93.4,53.9,34.2,33.0,40.0
172.4,86.5,101.9,96.9,105.2,66.7,42.7,36.9,41.5
172.5,80.8,102.3,90.5,102.0,65.6,43.3,35.2,43.1
170.5,81.3,108.4,96.9,105.0,66.3,38.4,34.2,39.6
182.5,72.5,101.5,85.5,98.8,57.2,36.6,34.3,42.2
170.0,57.8,93.4,76.0,86.1,51.2,34.5,29.0,39.3
167.7,66.9,107.6,82.5,93.3,54.7,36.2,36.4,40.7
174.8,55.2,90.5,72.1,86.9,50.2,33.2,26.7,39.3
174.1,62.2,95.3,84.1,93.0,53.9,35.4,29.7,40.2
175.5,77.4,101.5,93.4,96.5,60.9,39.6,33.6,39.8
156.4,66.7,100.0,89.8,91.4,56.4,37.9,32.0,39.0
171.4,75.4,106.3,85.9,96.5,59.6,39.8,35.6,42.0
172.0,68.2,98.6,88.7,93.9,54.0,37.2,34.1,39.7
167.3,70.7,96.8,93.8,96.9,58.2,36.6,34.2,38.8
177.5,76.0,101.8,90.0,97.8,55.8,39.1,33.3,41.4
171.8,80.9,106.4,99.8,98.8,60.4,39.5,35.3,40.9
168.5,64.4,104.2,79.1,88.6,57.4,34.9,33.3,39.0
176.4,65.6,87.8,78.2,96.3,59.5,37.8,30.4,38.8
176.3,74.7,98.2,86.9,95.3,56.5,40.4,33.5,40.2
171.0,71.8,97.4,89.3,95.5,57.4,38.0,32.4,41.1
172.5,74.7,99.5,91.5,97.8,55.1,40.1,32.4,41.5
168.5,68.7,98.3,86.1,96.8,60.0,38.3,33.1,39.3
162.6,65.0,98.2,85.7,93.4,55.4,35.0,32.2,38.6
175.9,77.8,103.3,98.5,97.7,59.1,36.4,31.8,40.4
164.3,85.6,107.3,106.4,105.4,63.3,41.2,34.7,40.4
179.2,90.0,110.9,99.6,100.3,62.0,42.6,38.3,41.5
173.4,78.0,102.6,94.5,98.5,57.8,37.5,33.0,40.4
168.0,82.7,110.8,101.2,102.9,62.3,40.5,35.7,40.6
174.3,73.6,103.2,91.6,97.5,58.9,37.0,34.0,41.0
173.0,63.3,90.0,78.6,88.7,54.9,36.8,30.7,40.3
173.3,67.0,100.3,71.5,93.1,57.4,35.3,32.3,41.3
169.1,57.3,87.7,78.4,88.6,52.9,35.4,28.6,38.8
163.5,80.6,109.2,101.8,103.3,63.3,40.0,35.3,41.4
169.4,73.0,106.3,94.9,96.9,58.2,38.5,32.5,41.9
174.0,89.1,112.7,97.9,103.9,65.3,40.1,38.0,40.5
164.4,53.5,85.9,80.0,87.9,49.3,33.1,29.0,35.4
180.7,82.3,102.8,90.6,100.7,59.4,40.3,34.5,40.8
169.2,71.4,102.8,91.1,95.0,57.0,37.1,35.0,40.7
174.7,103.8,109.7,121.6,112.8,67.6,44.0,38.5,39.8
167.5,85.2,101.3,101.2,105.7,65.2,41.3,35.0,39.0
161.5,58.5,88.3,81.0,91.7,56.2,35.7,30.3,38.1
178.3,72.9,101.0,85.4,93.9,57.7,38.0,33.4,40.4
170.8,83.9,107.4,97.9,103.8,63.3,40.7,37.9,41.2
177.7,81.6,105.4,93.2,103.8,61.0,40.7,36.3,42.6
165.3,59.5,98.6,85.4,87.7,50.0,33.5,30.5,40.0
178.5,82.8,100.9,93.4,101.0,65.2,41.2,34.2,41.0
166.5,91.9,111.0,113.4,106.0,63.5,43.1,37.0,40.7
168.4,64.0,96.1,83.2,92.8,54.7,35.7,32.4,39.3
172.2,63.4,92.6,77.3,87.1,51.3,36.0,32.0,37.6
170.2,73.3,103.5,91.2,95.9,59.0,37.6,43.7,39.4
167.7,66.0,99.3,82.4,92.0,58.7,36.0,34.0,42.5
166.1,69.9,101.5,92.5,91.0,57.8,40.5,31.5,38.4
160.0,61.2,93.1,86.6,90.4,56.4,34.8,31.1,37.8
170.4,82.1,103.8,100.6,103.4,62.3,39.9,33.5,39.4
173.5,56.4,89.6,78.7,88.5,51.9,34.6,28.8,38.2
164.1,69.0,101.1,90.0,91.6,56.7,35.8,32.8,41.1
162.4,63.4,95.4,84.9,90.3,55.1,34.2,31.3,39.2
164.2,62.5,93.3,78.9,89.8,54.5,37.2,31.7,38.0
164.6,64.4,98.7,87.3,92.4,55.7,34.2,32.7,39.4
167.5,72.1,100.0,94.7,96.6,55.2,37.1,33.1,38.3
170.6,60.6,95.0,81.2,86.0,51.0,34.2,30.2,38.1
180.4,73.0,100.7,89.3,97.0,59.8,36.4,34.3,38.5
172.0,77.5,104.1,91.6,99.0,59.8,36.7,35.8,41.0
173.5,69.4,96.2,87.7,91.0,57.0,38.0,31.4,38.9
182.7,73.7,99.3,85.2,96.8,60.5,37.3,32.3,40.5
163.5,63.5,99.2,76.6,94.4,59.5,37.1,33.0,39.2
174.3,68.8,100.1,85.6,93.4,56.0,37.7,34.5,41.6
172.7,72.0,98.2,87.4,96.4,60.4,38.7,30.7,40.2
187.0,93.6,108.5,100.2,103.3,60.4,40.5,37.3,42.1
169.6,83.9,101.2,98.8,101.4,59.8,42.0,33.4,38.8
177.2,75.6,99.3,89.7,96.4,57.5,40.0,33.0,38.8
175.9,73.0,95.2,93.3,95.4,55.0,39.2,32.6,38.9
167.5,60.2,89.2,78.9,89.0,52.3,34.5,28.2,39.7
167.3,72.1,98.4,89.5,98.5,58.0,40.2,32.8,40.9
161.0,64.8,93.2,89.2,92.8,53.3,38.0,31.8,38.3
167.2,68.3,97.4,86.6,91.7,55.2,36.7,30.6,37.9
167.4,65.3,101.7,84.5,92.4,54.9,38.1,32.6,38.0
176.5,69.0,95.5,82.6,93.3,56.6,36.9,30.7,38.7
155.8,56.9,89.1,85.1,95.1,54.2,35.5,30.2,34.0
152.4,59.7,90.7,93.2,92.2,56.5,36.6,30.2,34.5
164.4,62.9,90.0,85.7,96.2,54.1,37.1,31.9,34.7
158.6,63.2,97.8,88.2,94.9,55.1,36.6,31.6,38.8
160.5,57.3,91.8,82.3,91.7,51.2,31.2,31.1,34.4
158.0,54.0,90.2,78.2,91.2,53.9,35.0,31.0,35.4
161.7,54.2,89.5,74.9,92.2,54.0,34.1,28.0,38.6
153.2,56.3,91.0,84.5,92.6,52.5,33.2,30.5,36.5
150.0,53.7,91.5,85.4,88.7,50.6,33.2,29.9,35.1
155.1,60.0,93.7,88.7,97.7,55.9,35.9,31.6,36.0
158.4,52.7,86.4,74.8,91.3,51.3,32.0,28.0,36.6
164.7,56.4,87.8,75.7,94.5,54.0,34.6,29.0,36.9
172.5,80.1,105.8,90.3,104.4,64.8,40.0,36.8,40.9
164.1,69.1,96.6,88.4,91.2,54.2,39.2,33.8,39.2
169.0,56.0,87.8,76.3,89.1,49.7,36.0,29.5,39.8
170.6,65.3,96.8,82.6,91.2,53.6,38.1,31.6,39.0
167.5,78.8,105.1,95.7,98.2,59.2,41.0,35.5,42.1
166.4,70.7,99.2,94.0,96.2,55.3,37.8,34.3,38.4
166.5,71.8,98.6,93.1,97.6,57.8,38.1,34.5,40.3
166.0,56.0,93.0,78.0,89.4,49.8,34.2,28.5,40.8
167.6,59.0,89.9,81.0,88.6,50.5,34.3,32.2,39.5
170.0,59.4,90.3,74.0,94.4,52.5,35.6,29.0,39.0
168.3,86.1,106.7,105.7,104.6,65.0,44.5,37.1,40.6
172.6,73.3,100.5,90.9,96.6,59.5,38.8,35.1,40.3
169.0,77.7,106.5,96.0,97.7,55.5,36.7,35.0,41.3
170.0,63.6,96.7,82.5,89.7,52.8,35.0,32.7,41.7
168.5,56.9,93.9,85.1,87.1,47.8,30.2,30.9,38.0
176.1,84.7,107.0,99.1,99.1,57.4,43.3,33.3,40.5
171.0,75.3,103.1,95.3,96.9,56.1,40.2,34.1,38.1
174.0,68.0,95.4,87.8,93.3,54.3,36.3,33.1,39.4
167.0,71.6,106.2,88.7,93.5,55.8,39.0,33.8,39.6
166.0,85.1,112.1,113.8,101.0,62.6,39.9,35.7,40.1
167.0,63.3,92.7,81.0,90.6,53.8,35.5,31.0,38.1
173.5,82.5,108.0,95.6,99.0,58.8,43.5,38.0,40.7
172.0,64.5,93.8,83.7,92.1,55.3,37.7,30.1,36.1
172.6,61.0,89.2,84.3,89.4,52.7,34.2,28.7,36.5
172.0,97.7,116.3,106.9,107.8,69.8,43.0,40.3,41.8
172.6,100.5,121.1,115.3,109.2,63.5,44.3,37.4,42.4
169.5,68.9,97.0,85.8,94.9,55.3,40.3,32.1,40.8
169.0,69.5,97.2,88.9,94.0,55.7,36.4,32.9,37.8
174.5,88.6,105.9,98.7,103.5,64.5,40.0,38.7,41.6
170.5,67.2,105.8,88.6,91.0,52.8,35.3,32.7,40.6
154.6,62.1,99.5,90.8,92.4,54.4,34.3,32.0,36.6
172.3,79.2,105.8,86.7,99.4,60.0,40.3,35.9,43.0
163.5,64.1,95.2,81.5,91.6,58.7,39.1,31.2,40.8
168.5,64.7,95.4,89.9,90.9,53.1,34.0,34.0,38.8
181.8,90.5,104.1,103.3,104.6,61.2,41.9,36.4,41.0
172.3,81.5,104.8,97.6,107.2,69.4,40.9,33.8,38.2
164.8,65.4,98.9,89.3,92.5,54.9,36.1,34.0,37.5
161.2,62.5,96.4,89.8,87.7,55.4,36.4,31.5,37.8
170.3,72.1,100.4,87.0,98.0,63.2,39.8,34.6,38.5
163.1,63.9,90.8,87.0,96.3,59.5,37.1,32.4,41.0
177.3,84.0,110.5,105.2,99.8,59.7,38.8,34.1,41.5
171.0,70.6,101.2,93.0,97.5,54.7,35.0,32.2,39.9
162.0,75.0,108.7,98.5,97.6,54.1,38.2,35.6,40.2
169.5,69.6,98.0,85.9,98.0,50.5,38.7,33.3,40.4
177.0,82.2,104.5,98.2,100.5,61.7,39.1,36.2,43.1
171.5,64.8,94.8,84.3,92.3,54.5,36.2,30.8,39.4
167.3,70.8,104.8,90.4,95.0,58.3,38.8,32.7,36.8
167.5,49.5,75.8,70.3,86.8,50.3,35.5,24.1,38.2
167.8,84.2,107.7,105.5,103.6,64.1,38.8,37.3,38.4
158.2,49.5,82.2,73.8,91.8,54.9,33.3,25.7,35.3
153.0,56.7,90.0,79.4,94.8,60.5,33.5,29.7,35.1
162.7,73.0,101.5,88.5,101.3,64.6,38.9,32.1,37.7
157.3,62.9,97.1,85.9,94.5,57.2,37.7,31.5,37.2
154.0,53.9,87.0,72.4,97.3,59.9,34.5,28.4,36.3
163.0,55.2,89.5,73.2,93.2,56.2,34.3,27.7,34.0
156.3,55.4,88.9,79.4,94.0,60.6,35.1,29.2,35.3
155.0,57.5,85.0,78.4,97.0,57.1,36.8,28.4,35.6
154.2,49.7,84.5,74.1,90.7,56.9,32.9,28.1,34.5
153.5,79.2,102.1,102.7,109.3,66.9,41.4,35.7,36.1
168.0,93.6,107.0,106.3,111.2,63.8,46.6,37.7,39.3
156.5,94.0,111.4,110.7,120.5,70.5,43.2,36.2,37.8
150.0,45.8,80.5,71.3,86.9,54.8,32.4,26.6,34.1
162.0,86.9,104.9,105.7,109.9,67.2,42.9,35.6,38.9
162.3,55.5,86.0,77.1,95.9,60.4,33.0,28.7,36.0
161.7,55.1,88.9,73.2,89.3,51.5,35.2,27.8,33.7
157.5,51.6,84.8,72.8,87.4,52.5,33.0,29.7,35.3
158.0,65.9,93.5,87.6,99.6,63.5,38.4,31.4,35.8
157.0,68.0,99.0,91.9,98.4,61.1,37.8,30.9,34.8
152.8,51.3,80.5,68.9,90.9,54.8,36.2,29.7,33.6
153.3,61.1,92.1,87.2,96.0,59.4,33.3,30.2,35.1
143.5,52.4,91.0,85.9,93.5,59.8,34.0,29.8,32.5
160.2,58.6,91.4,84.9,93.5,56.4,34.8,28.4,35.1
156.2,57.1,91.8,84.2,92.8,57.8,34.2,30.8,36.5
153.8,56.4,88.3,81.2,94.7,58.2,34.9,28.5,35.7
161.2,55.8,91.9,76.7,91.5,54.4,32.1,29.0,36.5
157.1,62.6,93.0,78.5,98.4,62.3,37.5,30.0,36.2
164.2,65.9,90.9,83.4,99.0,58.2,38.2,32.8,36.5
158.8,74.9,98.3,94.4,106.0,67.9,38.6,34.7,35.2
162.5,58.6,87.7,74.0,93.8,55.4,36.2,29.0,38.3
158.3,60.7,90.3,80.2,97.9,59.4,36.7,31.2,36.0
156.8,53.6,85.4,79.8,88.0,51.9,34.9,27.8,35.4
161.7,51.7,84.0,70.8,92.5,56.2,33.1,28.2,35.9
160.0,51.5,83.9,69.9,89.7,56.7,35.0,27.0,37.1
153.5,55.9,89.3,81.8,93.3,57.7,33.9,29.2,34.4
162.0,53.4,85.2,75.8,88.9,58.1,33.7,27.0,38.8
160.0,53.9,89.5,85.2,88.1,52.5,30.4,28.9,37.0
161.6,50.3,83.9,70.5,91.3,54.3,33.6,25.8,33.4
155.0,58.2,93.3,81.5,94.1,57.2,33.1,31.3,35.4
156.3,50.3,80.8,71.0,90.0,53.8,34.3,26.7,34.3
156.0,62.9,97.5,92.7,93.7,61.1,34.9,31.2,37.7
160.5,62.0,90.8,80.0,96.8,61.9,39.0,29.1,35.7
152.8,46.8,83.6,74.2,84.2,52.2,32.5,26.9,36.6
165.8,64.2,91.8,83.9,98.6,58.0,35.3,30.0,35.3
147.4,50.6,86.9,76.5,88.4,54.0,34.0,27.6,34.3
155.3,55.3,87.0,79.1,96.1,60.3,33.8,20.3,35.5
151.5,46.7,88.5,72.2,83.3,50.5,31.6,28.0,34.3
164.4,57.1,89.5,71.9,94.4,58.0,34.2,29.1,36.9
155.0,55.4,92.5,84.1,92.8,54.6,34.2,27.5,35.2
158.5,52.0,82.0,67.9,93.7,57.4,34.7,27.4,37.8
154.8,64.0,98.5,91.5,96.7,61.4,35.7,30.7,37.3
157.2,62.6,94.2,86.5,95.7,59.9,36.3,30.6,36.6
153.5,55.6,90.6,83.2,91.7,57.9,34.4,29.5,35.0
157.2,67.7,95.0,85.3,102.9,67.2,37.6,33.0,35.7
159.3,75.3,100.5,91.5,100.8,63.9,40.9,35.0,38.2
161.4,57.9,90.4,83.6,93.5,53.7,35.2,28.8,33.7
147.8,45.6,85.5,75.6,84.8,47.3,31.6,26.7,34.0
152.5,53.8,89.7,77.5,92.0,52.8,35.4,23.5,35.0
160.2,68.3,93.8,86.7,105.8,63.4,37.7,32.5,37.3
163.0,56.1,86.4,76.5,95.9,55.1,34.2,30.5,35.7
162.0,62.7,94.3,82.9,95.9,57.3,36.9,31.9,35.1
164.0,68.3,99.7,88.7,100.9,60.6,39.5,33.0,36.8
159.0,73.6,97.9,85.8,109.0,63.9,43.0,35.5,36.2
152.5,60.4,92.7,86.3,98.0,56.9,34.4,32.0,34.8
157.6,62.8,97.9,84.5,93.9,53.4,34.5,31.5,37.4
156.7,63.8,98.9,89.5,94.6,57.1,33.2,31.7,36.1
155.3,52.1,87.5,76.6,90.0,53.4,33.6,29.0,35.0
151.7,56.8,88.0,84.3,98.2,57.0,35.7,31.9,34.8
171.7,58.2,84.1,72.2,95.4,54.2,36.7,27.6,38.4
166.6,54.1,85.5,72.5,93.5,51.6,33.3,29.1,36.0
159.0,58.1,90.8,80.8,94.7,54.1,36.7,30.5,36.4
152.5,51.9,92.2,81.3,89.7,51.3,35.2,29.1,34.9
155.7,46.3,78.1,68.0,91.9,49.7,33.7,25.8,35.0
156.5,50.7,87.0,74.4,87.4,50.8,34.2,30.1,35.0
166.8,64.9,94.0,79.4,96.8,58.0,38.2,31.6,36.6
159.0,61.3,94.3,84.5,93.8,56.2,34.3,32.8,35.0
165.1,60.7,91.5,78.7,94.6,55.3,36.3,30.3,37.0
156.0,54.4,85.0,76.2,93.3,56.0,35.0,27.5,36.0
154.6,56.7,89.5,76.9,93.9,54.0,36.7,32.2,34.6
155.0,55.6,90.0,81.2,92.0,55.6,35.2,30.6,34.0
155.7,64.3,95.2,90.0,96.4,56.5,36.0,32.0,36.3
161.0,85.1,90.8,80.5,95.5,53.5,34.5,30.2,36.0
158.5,53.3,83.9,72.7,93.2,55.6,35.1,27.7,33.6
151.2,52.3,84.4,79.5,89.3,50.1,34.1,28.8,35.6
169.5,65.3,89.8,80.5,99.4,56.9,35.5,31.0,36.3
160.5,72.8,106.2,100.6,95.9,56.2,36.7,33.1,38.0
154.5,69.5,102.0,94.6,103.7,62.8,37.0,35.0,37.1
149.5,47.3,82.0,72.7,86.0,49.7,32.9,28.4,33.0
158.0,52.4,89.1,76.0,89.7,50.4,32.9,30.0,34.4
158.0,57.3,92.3,88.5,92.7,54.9,33.7,29.5,34.0
165.5,62.4,92.7,76.1,97.7,57.8,38.2,30.5,36.5
161.2,56.1,85.7,73.0,92.8,53.7,35.5,29.0,34.5
155.5,82.7,107.3,107.6,109.5,68.2,43.0,38.2,37.7
166.0,70.6,97.6,87.7,100.2,59.1,37.8,33.4,39.1
169.5,57.2,84.8,74.1,94.8,50.9,34.7,29.0,38.3
155.5,44.9,79.2,64.5,87.3,48.9,30.5,27.8,33.1
156.8,46.6,81.0,70.0,86.4,49.1,31.8,25.8,35.0
153.0,54.4,88.5,79.0,94.8,55.7,37.2,28.6,35.9
156.5,63.9,95.0,90.9,97.5,58.1,36.2,33.6,34.2
151.0,45.2,81.2,70.8,83.0,48.2,33.7,25.0,33.0
159.0,75.0,101.7,91.7,108.2,63.3,39.2,33.3,35.8
162.7,60.9,94.0,85.5,89.9,51.2,34.3,29.7,36.6
162.8,54.5,87.2,78.9,93.1,51.7,33.0,27.5,35.0
158.6,56.5,91.5,79.3,91.4,56.8,36.0,30.1,34.5
153.0,58.7,91.9,86.4,95.2,57.8,35.6,31.6,35.7
160.5,70.6,100.4,86.3,100.7,56.7,39.8,34.5,37.5
151.6,55.5,90.3,77.0,94.5,57.7,36.0,29.7,34.4
156.8,77.0,110.2,102.0,103.7,63.1,40.0,37.0,38.0
168.7,52.6,83.4,69.3,89.8,50.3,34.0,26.8,37.6
163.3,54.5,89.5,79.4,90.9,53.0,32.8,27.6,36.1
160.0,72.7,99.3,97.0,99.4,63.0,38.3,32.5,35.9
161.5,64.1,91.6,83.8,99.0,59.0,35.8,30.8,35.5
152.5,50.8,85.2,78.7,92.7,56.0,33.6,28.2,33.0
155.0,52.8,89.3,75.8,92.0,56.5,32.4,30.1,37.9
152.8,52.0,84.5,73.0,92.0,59.6,35.0,30.3,33.7
159.0,58.2,91.8,80.5,91.9,52.2,35.5,29.3,34.9
160.0,52.8,85.3,77.4,92.6,58.9,33.0,28.5,33.7
161.8,71.5,98.0,89.0,98.4,60.1,41.7,32.6,38.4
140.2,48.5,88.4,78.8,90.0,55.2,33.8,30.0,33.8
161.0,67.1,95.1,92.3,100.5,58.5,37.1,32.2,33.8
150.0,47.0,88.0,69.8,85.0,50.0,31.3,27.0,34.0
159.2,59.9,89.8,79.7,100.9,60.7,35.1,28.7,35.9
160.2,60.0,91.5,83.5,94.9,58.2,43.8,31.0,35.7
157.3,57.6,93.7,85.7,86.8,53.2,32.4,31.4,35.0
160.2,70.2,101.5,95.0,100.5,63.1,36.2,35.4,37.3
166.0,90.4,101.0,91.8,110.8,71.4,43.8,36.9,35.4
163.6,57.1,85.2,69.5,94.8,61.5,35.2,29.0,34.8
158.5,61.3,91.3,75.6,98.6,64.3,37.5,31.3,36.2
156.5,74.4,101.0,94.0,103.0,61.9,40.2,35.3,36.8
156.4,57.5,90.5,85.6,94.5,58.5,35.8,29.3,36.8
166.5,56.5,87.5,74.3,93.1,53.0,33.7,26.6,36.3
159.0,50.9,88.2,69.6,83.8,50.0,33.6,28.5,35.5
157.6,56.7,88.8,83.8,92.3,57.2,34.5,29.8,33.7
156.0,48.1,84.0,75.2,85.5,49.1,31.4,27.2,37.0
159.6,53.5,86.0,74.4,91.8,52.2,35.2,29.5,35.0
159.0,56.5,94.0,80.1,95.3,58.9,33.9,30.1,36.0
164.2,64.8,96.1,87.4,96.3,58.5,35.1,32.2,39.0
177.4,80.9,108.8,94.5,100.5,61.3,39.3,34.8,42.8
179.8,83.8,105.0,93.8,97.6,61.2,41.3,36.3,40.7
184.8,83.5,107.9,90.3,104.5,60.6,39.2,36.1,45.2
183.0,76.2,98.2,93.5,97.0,57.5,37.1,35.0,39.5
175.6,87.3,109.3,100.3,102.5,62.8,42.5,34.4,41.4
168.0,69.1,100.3,97.4,94.8,58.5,38.3,32.0,38.8
173.7,83.2,104.3,100.6,99.6,61.4,39.2,35.9,39.8
169.5,81.7,103.7,100.4,103.5,63.5,41.1,36.4,37.0
176.2,59.2,87.5,71.0,93.4,56.7,35.1,30.6,40.6
154.0,58.6,91.5,85.8,87.3,54.2,36.6,29.4,38.7
171.5,60.8,94.0,82.7,90.2,54.6,34.1,30.7,38.8
175.6,72.4,97.1,88.5,97.3,57.9,39.1,32.7,41.2
171.0,77.8,105.7,93.3,97.9,56.7,37.5,34.5,40.8
164.0,66.4,99.0,91.8,94.8,54.6,36.4,33.9,38.3
173.7,76.3,106.0,97.4,96.9,55.0,35.4,35.5,41.5
170.0,92.0,114.2,110.2,102.8,62.2,40.1,40.2,39.8
172.8,64.0,94.3,81.7,91.3,54.5,35.7,31.0,39.0
161.7,59.4,91.9,87.4,88.8,52.8,34.1,30.3,36.8
180.0,97.2,114.0,101.7,106.1,67.2,41.1,40.0,43.3
162.0,62.8,98.7,88.0,93.0,54.9,33.5,32.1,37.9
178.1,90.2,113.5,96.0,103.0,65.0,44.4,35.6,43.6
182.0,98.8,111.5,100.8,111.0,67.5,46.4,37.6,43.6
172.5,66.1,105.0,82.2,92.5,54.7,34.6,34.7,40.3
177.5,65.9,93.5,76.4,92.1,56.2,36.9,33.3,40.7
171.5,76.9,105.9,91.3,104.2,65.8,38.6,35.2,41.3
173.6,68.4,97.4,88.8,95.4,59.4,35.3,33.0,40.4
173.0,93.1,115.5,102.5,108.5,64.6,45.4,38.7,40.4
166.5,73.0,96.4,92.7,94.4,57.4,39.8,35.2,39.3
167.5,62.8,95.5,84.3,95.3,55.0,33.7,33.0,37.3
172.6,75.2,102.5,96.5,95.0,55.5,36.1,34.0,37.6
178.7,78.8,105.0,93.0,101.9,59.4,40.8,33.1,40.8
163.3,63.1,95.8,88.7,92.5,53.2,36.1,32.2,39.8
175.0,94.8,114.3,107.4,108.5,68.7,41.3,37.6,44.1
168.0,78.2,106.3,96.4,97.4,60.0,39.7,35.3,40.7
162.0,60.7,95.3,79.5,90.3,53.8,34.6,31.7,39.8
158.8,62.4,98.3,86.1,88.8,56.7,38.0,34.6,38.6
177.7,62.5,94.0,82.5,91.4,54.1,34.6,32.1,38.2
173.2,79.3,103.0,99.3,100.3,61.1,39.1,34.5,37.8
158.3,57.7,89.7,77.3,91.4,59.1,36.4,30.1,36.5
157.0,56.9,89.5,79.2,95.2,60.3,34.5,29.1,35.2
157.3,59.2,89.7,84.8,92.9,58.3,35.8,30.8,35.9
155.7,79.6,102.7,102.2,109.7,74.7,43.3,32.0,35.9
164.0,52.7,89.7,70.5,91.2,51.7,34.4,28.0,35.8
153.5,52.3,90.5,75.5,87.7,55.6,33.8,29.8,35.1
160.3,55.7,88.2,70.8,92.8,55.0,36.3,29.3,36.8
166.8,74.8,99.5,86.8,103.1,66.0,40.7,32.7,36.0
159.5,62.1,96.5,80.0,96.2,58.4,36.0,31.2,37.4
156.0,54.3,89.6,79.3,91.2,57.4,35.4,30.4,36.1
173.5,81.0,107.1,98.0,97.9,58.8,36.8,34.5,40.4
167.5,74.4,99.3,99.7,94.7,56.7,37.4,32.8,40.4
168.0,64.2,97.4,88.6,91.4,54.8,34.1,32.2,37.5
177.7,84.1,103.8,98.7,101.6,59.7,40.8,34.0,42.5
172.3,69.7,98.2,84.5,94.0,56.6,38.0,33.7,39.0
166.3,67.6,101.8,89.0,95.9,57.5,36.5,33.3,37.9
167.0,65.8,97.3,90.5,92.3,54.8,38.4,32.2,37.9
176.0,80.7,100.5,98.2,102.7,59.4,41.8,34.1,40.4
170.0,60.2,96.1,79.5,91.3,49.8,36.2,30.2,38.3
179.0,86.7,110.7,90.5,99.9,59.6,43.3,36.3,42.3
163.6,67.8,98.2,92.0,89.2,52.1,38.3,31.7,40.4
165.7,76.4,100.0,99.9,95.6,56.8,37.2,34.2,38.7
172.0,75.9,97.8,95.4,94.0,53.4,38.0,31.4,37.1
178.1,82.4,109.8,95.5,96.3,56.5,42.4,36.4,42.8
162.5,54.2,84.7,81.6,87.7,48.9,32.8,26.5,37.1
173.0,85.1,108.3,96.4,104.5,61.3,41.2,35.2,40.1
171.5,61.9,93.8,83.5,88.3,51.7,34.6,30.8,39.1
163.5,54.5,88.0,80.6,84.4,48.6,34.7,29.2,37.5
166.5,72.7,103.2,92.3,95.7,54.8,37.9,34.5,41.8
171.0,73.3,100.2,88.2,95.5,56.0,40.0,34.0,39.3
177.3,72.5,95.2,81.8,100.2,59.5,37.6,33.0,37.3
178.8,84.4,100.4,101.2,97.5,60.8,40.3,34.0,42.7
171.3,71.0,96.5,89.5,95.7,58.2,38.4,33.8,38.9
165.5,75.8,105.7,95.5,95.5,59.7,41.1,34.8,39.2
173.3,63.4,102.3,71.5,90.4,52.4,35.0,32.6,38.9
180.8,65.4,97.5,77.4,91.4,50.8,35.7,29.8,44.6
153.2,62.2,97.5,90.8,94.0,54.6,35.0,32.0,34.6
160.1,74.1,106.0,95.0,101.8,61.8,39.2,37.3,37.8
157.2,61.0,91.0,78.4,96.3,58.5,37.0,30.2,36.4
164.4,46.5,80.4,66.8,83.6,46.9,31.9,26.0,36.9
155.0,57.7,94.4,85.7,91.2,49.1,33.7,29.8,36.8
159.5,61.5,91.0,86.3,92.5,54.0,37.0,29.5,37.0
158.8,45.1,80.5,63.9,85.5,49.6,33.2,24.3,33.1
154.0,89.5,107.5,104.5,112.2,71.2,42.1,39.5,36.2
153.5,58.3,91.5,83.5,96.7,58.5,35.6,30.5,34.8
164.0,61.1,90.3,77.4,98.8,53.1,34.5,29.9,36.9
162.0,61.8,91.0,83.9,94.4,53.2,35.2,29.8,36.8
154.6,48.6,86.9,69.7,86.7,49.7,32.8,27.2,34.9
156.8,57.2,94.0,78.5,92.7,53.5,34.4,30.8,35.7
155.5,52.5,86.5,71.8,88.5,52.2,35.2,28.4,35.3
158.5,57.7,89.0,85.6,92.9,53.1,32.8,29.5,37.5
163.1,66.0,95.9,87.5,96.3,56.2,35.1,33.0,37.1
154.0,44.5,76.0,62.7,87.9,48.8,33.5,24.3,35.9
161.3,52.6,86.4,70.7,92.4,53.6,33.6,28.2,36.8
165.7,50.2,84.9,68.2,87.2,48.3,31.1,27.6,36.5
158.4,49.4,84.5,70.5,88.3,49.6,34.0,28.2,35.5
157.0,64.5,96.4,91.9,99.8,58.5,37.7,34.1,37.7
163.8,62.5,90.8,79.1,95.6,56.1,36.6,30.5,36.6
159.5,57.9,91.0,80.2,95.4,55.9,35.2,30.5,36.0
165.0,63.8,89.7,75.7,98.5,57.2,39.6,30.7,35.9
166.8,57.3,82.5,75.8,95.5,55.1,35.4,27.8,34.6
154.2,74.9,100.6,100.2,107.0,63.0,41.5,33.0,35.2
160.0,48.5,80.5,72.0,87.3,49.0,31.2,27.7,35.3
171.4,77.0,102.6,95.2,98.5,59.1,38.6,34.6,41.0
170.8,73.9,100.4,87.6,97.8,59.3,39.1,33.1,39.5
171.4,62.5,93.8,82.8,91.5,53.0,34.0,33.2,39.3
180.0,77.9,99.8,92.5,99.5,61.2,38.7,34.1,40.5
179.5,80.2,102.8,94.3,96.0,60.3,38.7,33.1,40.5
169.8,78.8,105.4,94.1,93.4,55.1,41.1,36.0,39.6
161.0,65.3,98.8,92.7,95.1,55.2,37.8,33.5,40.5
163.0,75.3,108.0,100.2,95.9,58.1,37.9,34.9,37.8
165.0,71.7,102.9,95.8,98.0,57.2,36.5,33.4,40.2
174.0,85.3,110.4,96.7,100.4,61.0,40.5,36.0,42.8
168.3,68.6,101.3,86.3,93.0,54.8,36.5,32.9,38.6
168.5,75.8,104.4,94.2,100.0,60.6,39.0,32.8,41.3
172.2,67.0,95.3,81.1,93.9,56.3,38.1,32.7,36.9
178.6,74.5,102.0,90.9,98.9,57.5,36.2,33.9,41.1
181.0,74.8,102.4,86.7,98.8,57.2,37.3,35.9,40.3
174.1,75.7,102.8,91.5,99.6,62.1,37.6,34.8,39.3
176.5,70.3,98.5,88.4,94.4,54.2,33.9,34.4,41.8
158.5,68.2,101.2,93.6,93.6,55.6,37.7,32.8,38.1
172.4,76.8,102.3,94.8,97.8,61.0,36.2,34.1,39.5
173.5,64.2,93.3,80.1,91.7,54.1,36.3,31.4,39.2
171.8,88.3,112.4,97.9,106.3,63.8,42.6,37.6,40.6
170.5,67.1,93.5,84.5,94.3,56.7,35.4,31.3,39.8
167.1,67.7,97.4,86.1,93.3,57.7,38.2,35.6,37.5
168.1,66.2,95.2,81.8,91.7,54.6,36.2,33.0,39.3
174.3,84.4,105.5,99.5,100.2,61.6,41.0,35.8,39.9
176.6,66.5,101.8,74.6,95.7,54.7,36.1,32.8,42.6
177.3,75.4,102.0,91.0,95.5,56.6,37.1,34.5,41.0
165.9,47.6,80.1,64.5,85.9,51.1,32.4,25.2,38.0
157.2,65.9,97.7,86.6,101.1,59.4,36.7,33.2,37.2
173.8,60.0,89.3,75.2,94.8,56.0,34.4,28.5,36.5
157.5,52.0,89.3,76.6,88.3,50.6,32.2,28.2,35.6
160.4,60.2,92.2,79.6,97.0,59.7,35.0,30.4,37.2
161.4,54.4,89.0,75.3,93.0,56.1,33.4,28.2,35.6
156.7,56.9,90.6,76.2,94.7,57.7,36.0,29.8,33.0
161.7,77.4,104.9,94.0,106.6,69.0,37.6,36.8,38.1
163.5,55.8,87.9,69.1,94.0,53.9,35.5,28.5,38.1
167.8,59.9,92.5,76.0,93.3,55.7,33.9,32.3,38.4
157.0,58.7,89.7,79.4,95.0,59.7,35.3,31.6,35.0
156.4,49.9,85.0,73.7,87.1,51.6,33.7,28.1,35.1
160.3,53.9,87.2,79.5,87.3,49.9,33.5,28.4,35.2
156.2,52.0,86.5,75.6,89.0,57.5,32.4,30.6,34.3
153.4,52.4,87.1,78.9,92.5,57.1,33.6,29.1,35.1
160.5,66.6,93.8,90.8,95.4,61.5,37.7,32.4,34.9
161.7,59.4,85.5,74.4,99.3,62.0,37.5,28.6,35.5
156.9,63.5,66.4,87.0,96.7,60.5,36.0,33.6,36.1
150.6,58.2,92.3,82.3,93.4,58.0,37.5,30.3,35.9
156.0,65.0,100.0,92.7,92.7,57.2,35.5,32.8,36.9
160.2,57.9,88.9,81.0,97.0,59.9,33.9,29.7,37.2
157.5,50.0,81.2,68.5,91.4,58.0,35.5,28.0,33.4
151.2,66.5,98.5,93.5,95.4,58.3,35.4,34.5,36.3
145.2,52.5,91.4,84.4,89.4,55.1,32.0,28.6,34.3
157.5,74.6,99.5,101.0,103.6,67.0,38.7,34.7,37.5
152.0,59.2,90.0,82.6,95.7,62.3,33.5,31.5,36.3
170.1,81.9,106.2,99.6,102.7,64.6,38.8,35.2,41.4
160.3,49.4,80.0,66.5,87.0,54.4,35.1,27.7,35.1
162.3,91.3,112.0,103.9,111.5,71.8,45.6,37.4,38.7
155.0,48.9,86.0,77.5,86.4,50.2,31.3,27.3,36.3
153.5,58.3,89.0,84.2,97.0,60.3,34.6,32.0,36.8
164.0,67.0,96.0,86.3,98.1,60.5,36.0,32.9,38.0
162.3,50.8,83.0,65.4,90.4,54.0,34.0,28.3,35.8
156.0,60.5,92.9,75.1,98.4,60.9,36.2,30.2,36.0
157.2,57.3,91.6,78.4,90.8,54.9,34.8,30.1,37.3
164.2,54.9,84.9,75.4,92.5,57.4,35.0,29.5,36.1
156.8,47.9,78.0,68.0,90.9,58.0,33.6,28.4,34.4
145.7,52.0,88.8,80.5,94.0,55.8,32.6,28.8,33.8
154.4,55.0,89.0,81.4,91.5,53.7,34.4,31.3,34.0
158.8,59.1,92.8,80.5,92.0,55.7,35.0,30.7,37.1
161.0,72.9,100.4,88.5,98.7,62.1,40.2,34.8,37.1
156.7,51.6,88.2,76.4,90.6,52.9,31.7,29.0,35.4
158.4,58.4,90.5,81.0,95.7,58.9,35.5,30.6,36.6
167.5,57.9,87.0,73.5,95.0,55.3,34.3,29.4,36.0
156.0,51.2,88.7,69.7,89.5,53.8,35.2,30.2,34.9
161.7,54.6,84.5,68.8,93.2,56.6,35.3,28.1,34.3
155.8,68.5,101.3,84.6,101.3,66.4,39.0,34.9,37.6
152.5,61.0,94.6,88.5,95.3,60.0,36.7,31.8,34.0
154.4,56.6,92.2,73.3,95.4,59.2,35.2,30.8,35.1
165.5,60.5,91.5,81.0,93.0,57.8,36.4,32.3,35.6
147.4,48.3,85.9,79.7,89.0,56.3,32.7,25.8,31.7
157.0,62.8,92.5,84.5,98.3,58.8,37.0,30.5,35.0
154.0,57.1,93.0,78.3,93.0,55.8,36.2,30.0,35.4
158.1,56.0,92.0,81.9,93.0,54.7,36.3,30.0,35.2
163.5,70.4,95.0,89.8,102.1,62.0,39.4,32.0,38.1
161.3,52.8,86.9,74.0,90.8,52.4,32.1,28.4,34.2
156.5,81.9,104.6,107.3,107.6,67.3,41.6,34.8,34.4
159.6,48.7,85.0,70.5,88.1,49.5,32.1,26.8,35.6
161.5,53.1,88.5,73.5,93.0,53.9,34.2,27.8,36.3
166.5,59.0,87.0,77.0,94.0,52.6,38.0,29.2,34.8
170.0,55.0,80.0,66.9,90.6,51.2,35.2,28.6,35.9
160.8,55.2,85.1,70.1,92.8,54.4,36.2,30.0,33.0
159.4,59.7,92.0,82.0,94.0,54.5,35.5,32.0,36.8
154.0,57.0,89.7,82.7,91.2,52.0,33.7,31.2,34.0
146.0,52.2,87.2,79.4,95.3,53.3,33.9,28.4,34.9
152.7,51.6,89.0,74.2,90.8,51.0,32.8,28.7,34.7
152.3,44.7,79.0,62.3,86.6,50.3,33.0,28.0,34.4
163.4,67.6,93.8,83.1,102.4,63.2,40.4,32.0,35.8
163.0,56.3,91.0,73.6,92.2,54.7,35.6,31.1,37.1
152.3,71.8,107.0,98.7,97.2,57.8,38.5,34.2,35.2
158.3,67.8,98.2,90.3,97.0,54.3,37.8,34.3,35.3
164.7,70.9,99.0,86.9,99.5,58.2,38.2,32.1,37.9
158.0,71.5,94.0,91.0,106.2,63.5,40.0,33.0,37.3
154.3,52.0,86.5,77.3,89.5,51.8,33.7,27.2,34.7
157.8,53.7,89.1,75.7,90.0,51.5,34.7,29.8,36.6
159.3,45.1,77.5,61.8,84.8,46.7,34.2,25.7,34.1
158.5,57.4,90.7,81.6,92.7,52.1,34.4,28.8,37.2
165.6,56.7,85.1,71.9,97.7,57.0,33.8,28.5,36.1
159.3,55.6,86.3,73.5,93.2,53.6,35.2,27.3,36.3
167.8,63.2,90.4,79.4,97.2,56.5,36.0,31.6,38.5
161.2,60.4,94.7,82.3,95.9,54.3,34.3,30.2,35.7
154.8,50.2,81.6,67.0,92.9,53.1,33.6,30.7,36.1
163.0,60.8,90.3,77.3,98.1,57.7,35.9,30.9,33.4
152.0,67.1,100.0,100.7,93.4,57.4,38.7,35.2,34.8
157.3,51.8,85.9,70.5,89.0,52.0,33.5,28.8,35.4
155.2,53.4,84.2,74.0,95.4,53.0,35.2,29.0,34.2
153.5,53.3,90.5,73.8,92.5,54.6,36.1,30.4,33.7
157.5,53.1,89.3,76.6,90.3,50.3,33.3,29.6,34.7
161.3,76.3,98.5,90.6,105.7,66.7,39.7,34.2,38.0
156.0,68.5,100.0,88.6,100.2,60.4,40.2,36.6,36.3
151.1,54.4,91.3,85.7,97.5,54.4,32.6,28.7,34.0
163.1,55.8,86.5,72.0,94.1,53.6,35.0,28.4,36.6
151.2,54.6,88.3,85.5,93.0,54.0,31.6,29.3,34.5
154.8,53.9,89.0,78.2,91.3,53.1,34.7,30.0,36.0
161.6,61.1,89.0,79.5,95.1,57.4,37.1,28.0,35.6
159.5,60.1,93.0,84.3,95.4,54.1,37.4,29.7,36.5
161.6,90.3,110.3,114.0,114.3,63.8,40.5,36.3,39.4
154.7,60.0,93.0,82.1,98.3,60.0,36.2,32.4,34.2
153.5,55.8,89.8,79.0,93.5,58.8,35.0,28.2,35.5
152.7,58.9,93.7,83.9,94.1,57.6,37.5,33.8,34.9
161.0,50.3,84.8,77.8,86.2,48.5,32.0,28.1,36.0
154.2,56.3,91.9,85.0,90.7,51.1,33.4,30.0,36.5
163.9,53.1,81.5,70.8,91.6,53.0,33.9,29.1,36.3
163.1,50.2,80.6,69.5,88.8,51.3,32.4,28.2,35.3
161.7,71.1,89.2,92.8,101.3,63.3,36.2,34.4,34.1
164.4,50.9,82.5,70.5,91.4,53.8,33.2,28.8,35.6
168.0,62.0,89.3,80.1,93.4,56.3,36.7,31.8,36.8
154.2,61.8,94.5,86.3,96.1,56.5,36.1,31.3,36.9
151.6,47.8,88.8,76.4,84.5,53.6,31.4,29.1,35.8
152.5,62.7,96.5,88.8,92.0,56.3,39.0,31.6,34.4
155.6,56.7,91.8,80.0,90.0,55.0,33.2,29.9,35.6
164.1,60.8,93.5,80.3,93.4,55.4,36.5,29.7,36.0
163.1,67.2,92.3,81.5,103.5,65.3,40.0,32.3,35.3
163.2,63.4,91.9,77.8,97.0,60.1,38.7,32.3,34.6
160.8,41.4,76.7,63.2,81.3,47.1,29.6,24.0,34.7
169.1,48.6,78.6,62.4,87.3,49.6,33.0,26.5,36.2
165.0,61.2,89.4,79.0,95.9,60.1,34.7,29.7,39.0
156.5,55.2,88.5,81.6,88.8,52.0,35.5,28.9,33.0
158.2,56.0,87.5,74.3,97.2,59.3,35.4,28.2,35.2
154.8,62.2,98.0,84.8,89.8,58.1,39.5,31.6,36.0
156.4,69.5,98.6,95.3,98.0,62.1,39.8,31.7,36.0
160.6,70.3,99.0,89.4,99.8,62.5,36.4,34.3,38.7
163.3,73.3,107.0,102.8,95.0,55.1,36.2,31.2,38.4
154.7,57.3,88.4,81.8,93.7,58.5,34.0,31.8,35.0
154.3,71.3,99.5,95.6,101.4,61.9,37.3,30.3,36.6
168.3,76.2,98.0,87.8,101.6,60.2,44.6,34.1,38.6
160.0,61.4,92.1,74.0,103.0,58.7,36.2,31.5,37.0
158.7,47.6,80.3,72.9,85.3,54.0,31.8,27.1,34.7
157.0,43.2,77.5,63.9,83.5,49.3,31.5,23.7,34.5
161.0,76.2,107.2,92.8,102.3,66.3,39.3,36.8,39.0
160.0,58.7,86.0,77.4,95.4,61.4,35.8,29.6,32.9
153.6,56.2,92.0,81.4,90.1,54.6,36.1,30.5,34.9
153.8,60.3,92.7,90.7,91.2,52.8,33.9,30.7,35.8
162.0,64.7,89.8,83.3,95.2,60.6,38.2,32.2,35.3
159.5,64.1,93.5,82.3,101.1,64.1,36.2,32.2,33.6
140.0,42.3,81.9,71.2,82.0,54.4,30.6,27.2,31.6
167.6,67.2,99.4,90.1,91.5,57.8,33.8,37.2,36.8
172.3,90.4,107.6,103.3,107.3,65.7,44.1,36.8,38.8
173.0,67.9,96.0,85.3,93.3,53.7,37.4,32.8,39.3
169.5,68.6,96.8,94.2,94.5,54.1,36.2,32.3,36.9
174.2,80.8,107.3,97.8,99.7,58.7,41.2,33.2,39.1
164.0,65.6,94.4,86.3,92.7,59.4,39.5,32.2,39.2
162.0,62.4,99.4,85.0,89.8,56.9,38.1,33.1,35.8
163.7,58.4,89.3,76.0,86.8,53.0,36.9,30.4,36.2
151.7,51.2,87.4,76.5,93.8,58.3,32.4,29.8,34.8
152.4,48.9,83.8,70.8,90.0,53.8,34.6,29.1,34.0
153.5,46.4,79.0,74.2,85.9,49.1,32.3,27.0,34.2
156.5,51.9,82.4,75.4,89.1,51.1,32.7,30.2,33.6
158.5,67.0,96.6,92.4,98.9,62.3,38.6,31.4,36.5
152.2,53.8,88.2,81.5,91.7,58.1,33.1,29.8,34.2
164.5,56.7,87.3,78.9,88.8,49.8,33.6,30.7,35.3
170.0,57.3,87.5,76.9,90.3,52.7,33.2,30.2,35.1
156.8,68.0,95.7,91.5,97.6,60.0,35.4,31.7,35.5
151.3,62.4,98.8,87.1,92.6,61.5,35.4,32.1,34.9
154.0,58.9,95.7,91.5,88.5,53.0,34.3,31.3,35.1
152.0,74.3,99.9,103.0,109.7,66.5,38.2,32.2,34.6
157.6,59.8,94.3,85.8,92.5,57.5,32.2,31.1,34.5
157.2,60.6,95.5,83.9,92.7,56.7,36.2,30.5,34.1
157.3,53.6,85.6,80.7,89.3,57.2,33.6,27.2,34.3
178.0,64.5,94.1,80.0,92.4,52.5,34.1,31.4,39.1
165.0,60.6,92.0,81.6,89.7,48.7,37.6,30.0,36.7
163.5,67.9,98.9,84.4,92.6,57.1,38.2,33.0,38.9
166.6,70.2,100.8,88.2,92.3,55.3,33.5,34.0,37.0
182.3,73.2,92.0,89.5,97.5,55.6,36.3,30.0,38.4
161.0,48.6,84.3,71.2,89.0,48.5,31.7,27.4,33.5
156.3,53.3,89.9,79.1,93.8,53.4,33.5,30.2,35.6
151.7,53.6,89.9,80.0,92.0,54.2,33.5,30.0,35.1
155.8,56.0,92.7,82.6,90.2,51.1,33.1,32.2,35.6
155.6,55.3,90.2,82.4,89.3,50.7,35.4,30.9,33.3
152.0,56.6,95.7,82.8,89.0,53.7,33.4,31.3,33.1
154.6,44.6,77.5,68.1,85.2,47.2,31.8,26.6,33.6
154.0,55.0,90.4,85.6,87.8,51.7,33.7,28.1,34.5
158.5,61.1,92.7,85.9,90.8,55.5,38.3,32.2,36.8
154.6,63.3,96.6,93.6,95.0,54.7,36.0,31.3,35.4
158.1,54.7,88.4,82.4,91.6,51.7,31.8,28.8,32.8
150.2,54.1,89.6,80.5,92.0,53.1,34.1,29.1,33.8
151.7,65.0,100.0,99.8,99.6,58.1,34.7,32.3,33.4
151.4,78.6,103.6,104.0,104.7,63.9,41.0,37.0,36.1
170.3,91.4,111.1,105.3,106.4,62.7,41.7,37.6,41.3
172.6,78.2,102.3,90.7,100.2,62.5,38.0,34.5,39.5
174.3,65.0,93.2,85.5,90.6,53.2,33.5,32.8,38.1
178.7,78.0,101.5,89.0,97.9,59.4,37.7,34.8,42.3
168.0,77.4,100.7,94.2,100.2,60.3,42.4,34.9,37.9
173.8,54.9,89.3,70.9,89.2,50.1,32.0,30.8,36.6
163.3,60.2,93.2,83.0,90.9,54.6,34.8,32.7,37.1
168.5,65.4,96.0,83.4,93.0,55.8,35.1,33.2,36.7
165.5,71.1,101.3,91.5,95.8,57.0,38.3,34.9,37.7
162.7,53.0,87.5,77.4,88.0,49.8,32.8,28.6,34.0
154.8,63.9,88.8,90.9,96.0,63.3,37.6,32.8,33.5
152.5,77.9,104.5,108.4,111.5,67.0,36.5,36.1,36.3
158.0,59.7,92.4,80.5,95.5,58.0,36.3,30.2,35.0
153.5,58.0,94.8,86.5,90.0,54.1,34.5,33.1,35.0
154.0,52.5,91.8,81.4,88.5,52.1,31.5,29.8,34.0
148.6,54.1,96.0,90.0,86.1,48.3,30.0,28.0,33.4
154.0,52.2,87.0,80.6,91.3,53.0,32.4,26.2,34.9
152.0,50.3,84.2,80.0,87.3,53.5,32.2,27.6,32.8
151.6,50.8,87.2,77.7,88.9,54.2,33.2,30.5,33.6
150.0,54.7,85.9,84.6,92.0,56.4,35.6,29.2,32.6
157.6,69.3,102.8,98.8,97.7,59.6,37.1,32.4,36.5
157.0,68.2,99.0,92.0,102.3,63.6,35.8,34.1,35.6
142.1,52.3,88.8,81.1,90.6,58.7,32.7,31.1,32.5
155.0,50.0,84.2,73.5,89.2,53.3,36.2,29.5,34.1
161.2,50.2,83.5,67.3,87.0,55.0,33.6,27.5,33.2
159.0,66.0,97.3,86.1,99.0,60.2,36.6,31.4,35.0
162.0,80.0,102.7,94.1,107.0,69.5,41.2,35.5,37.6
162.1,52.4,83.5,71.4,88.8,53.9,34.0,28.7,33.8
153.0,58.1,93.0,84.6,92.1,57.5,36.5,32.4,34.5
148.3,64.1,97.8,95.0,97.9,59.9,34.7,32.9,36.2
155.0,65.1,100.2,92.4,94.2,60.6,37.3,33.4,36.0
152.5,55.1,88.0,79.2,95.3,61.7,36.3,29.8,35.1
157.5,64.3,97.2,81.7,97.4,62.6,37.0,32.2,35.2
160.5,55.9,86.4,76.3,93.0,55.8,34.2,29.5,35.6
155.4,53.1,88.5,75.9,92.4,57.5,35.4,29.6,37.7
159.1,59.4,90.1,80.2,94.3,55.2,36.4,29.5,36.1
159.0,56.1,91.8,82.8,90.2,52.3,35.8,30.1,36.5
157.0,52.4,86.3,74.4,90.2,54.3,35.2,29.7,35.6
159.4,59.2,88.7,79.5,94.4,57.2,33.6,29.2,35.1
162.5,64.4,94.5,80.7,98.5,59.6,37.5,31.6,36.6
158.4,53.1,86.5,76.7,91.8,56.3,35.8,28.6,34.1
164.5,62.5,86.7,77.5,100.2,61.4,37.6,29.3,36.5
155.6,56.7,94.5,81.5,90.6,51.2,33.4,31.3,34.8
163.0,72.8,96.5,88.4,102.2,67.0,39.0,31.6,36.8
157.4,51.8,89.3,73.3,90.5,54.2,32.8,30.7,33.6
161.1,54.7,84.2,74.0,92.5,56.4,33.8,31.3,34.1
161.5,49.3,81.8,68.2,93.0,56.4,32.5,28.1,35.8
162.8,71.7,91.9,87.1,104.3,64.1,40.7,31.2,34.4
158.0,51.7,89.6,76.2,88.2,49.0,34.0,28.4,34.4
156.1,52.1,84.0,70.1,93.0,54.2,36.2,28.8,34.1
160.7,108.9,116.8,111.0,113.9,76.2,47.5,40.4,37.7
160.0,70.9,103.3,89.7,99.0,65.2,39.1,34.2,38.8
164.4,51.5,82.8,67.7,90.8,55.3,31.4,29.0,34.4
146.2,56.3,92.5,90.3,92.3,56.9,33.1,30.8,32.6
160.0,53.1,83.9,71.5,92.1,57.3,34.6,28.8,35.3
153.2,59.0,91.4,88.8,94.8,59.2,33.3,31.5,34.5
161.3,59.4,89.7,79.5,94.5,56.8,35.1,32.7,37.8
158.9,67.4,97.7,88.7,99.8,62.2,35.6,33.7,36.8
151.9,57.5,91.3,86.2,92.0,58.1,35.2,31.2,32.0
154.5,47.9,80.6,67.5,92.6,55.5,33.6,28.8,35.8
147.1,55.6,89.8,82.0,93.4,57.0,36.8,32.5,31.5
150.8,70.5,100.2,95.1,101.8,63.9,37.7,34.0,34.7
160.8,80.7,104.0,95.7,105.1,71.6,40.3,36.5,37.1
157.1,51.8,83.9,73.8,94.5,57.8,34.0,29.1,33.0
156.7,81.0,106.2,107.2,107.3,68.2,41.0,34.6,37.1
152.0,53.3,93.0,83.3,92.0,56.0,32.3,28.4,34.2
159.3,72.3,102.2,95.5,98.1,61.2,39.4,36.2,35.2
153.2,52.4,86.5,73.1,86.8,53.7,32.9,29.0,33.7
160.5,78.8,100.8,94.5,107.4,64.9,43.5,34.7,36.1
162.0,64.2,91.1,89.0,98.0,61.3,36.1,30.7,32.7
153.1,52.5,84.8,80.0,91.6,54.7,33.1,28.9,33.0
159.1,69.8,103.2,89.3,100.5,66.3,37.0,36.1,37.5
158.8,56.5,93.3,75.5,88.3,53.6,36.3,29.9,35.0
148.7,54.6,92.7,80.6,91.2,54.6,34.3,32.1,34.3
160.5,57.0,84.7,80.9,90.9,49.2,38.5,29.2,35.4
160.8,52.6,84.8,65.8,89.9,51.8,34.0,26.4,35.0
149.8,62.5,92.8,90.0,97.3,59.7,37.0,33.8,33.9
157.4,55.1,90.7,77.3,90.3,51.8,33.3,28.8,37.3
153.4,64.4,93.3,90.9,98.7,55.2,38.3,31.2,32.6
147.8,56.6,92.4,83.5,95.9,58.0,35.3,31.8,33.1
156.4,62.0,97.3,85.3,90.8,54.6,36.3,31.2,35.3
159.7,59.4,91.7,82.4,92.5,55.2,34.6,31.2,34.6
167.2,71.7,98.5,88.5,104.2,59.8,37.3,34.0,38.0
162.3,56.0,90.0,78.2,92.2,51.3,32.5,29.5,34.2
153.2,56.0,89.8,78.8,97.4,57.0,34.8,29.6,36.1
158.1,51.8,89.2,74.3,87.1,48.2,32.3,28.3,35.0
157.2,52.8,85.3,76.0,91.2,51.3,32.5,27.5,34.5
164.5,64.1,91.9,86.2,98.9,56.0,36.5,29.6,36.4
160.3,60.5,90.1,79.0,97.8,54.1,37.0,31.3,36.6
169.4,55.4,83.8,71.1,93.7,53.9,35.5,27.7,35.3
153.0,53.8,86.9,78.5,95.0,54.6,34.3,28.7,35.5
156.2,54.2,89.5,80.8,88.0,50.2,33.3,30.4,35.5
155.3,54.4,91.7,81.6,92.0,53.7,33.3,29.4,34.9
165.1,67.7,96.2,81.7,96.5,60.2,38.8,33.1,38.0
161.0,53.0,89.2,72.3,90.0,54.6,33.3,29.3,36.5
155.2,65.9,99.8,91.0,98.6,62.7,33.6,33.8,36.5
154.5,53.4,89.5,72.9,91.5,56.9,35.1,30.2,35.2
170.5,60.9,91.8,74.8,94.6,55.4,35.3,29.7,36.4
161.8,56.2,87.3,73.8,91.2,52.8,36.0,29.1,36.5
152.0,49.0,89.1,73.6,89.1,54.9,32.2,29.1,33.6
156.6,46.6,82.0,71.9,85.6,50.2,31.5,28.6,35.2
158.2,52.2,86.8,76.2,95.0,58.6,33.6,28.8,35.8
164.7,69.5,98.4,84.9,101.0,60.0,41.3,33.4,39.5
152.7,44.1,78.8,65.7,82.5,50.1,32.0,24.5,33.6
157.8,53.0,88.1,73.3,92.0,53.0,35.3,29.1,36.4
151.7,52.8,89.8,77.8,89.5,56.6,32.6,30.6,34.7
163.0,54.9,90.9,74.7,92.5,53.5,35.6,28.9,36.6
151.3,47.6,84.3,69.1,89.5,53.1,32.1,27.2,34.9
161.2,58.8,87.0,82.7,95.2,56.1,36.1,31.4,35.6
160.8,54.6,87.0,74.6,91.1,56.0,33.6,30.2,35.0
157.8,74.0,102.7,99.5,101.3,63.3,38.2,34.5,36.1
155.0,49.3,83.2,72.3,92.1,55.5,33.7,29.1,34.4
156.8,49.3,80.5,65.8,89.1,51.0,36.6,27.5,37.6
158.7,51.0,81.8,71.0,89.5,52.6,36.3,27.2,35.3
162.8,54.5,89.5,73.6,91.7,55.7,34.9,29.8,34.4
157.0,61.3,98.8,91.0,89.4,51.1,33.8,31.2,36.6
162.1,65.0,93.7,79.2,100.1,58.1,37.0,32.6,35.5
174.4,81.4,108.4,89.0,99.6,63.9,41.8,35.7,41.6
171.3,65.3,98.3,83.5,93.8,56.7,36.8,34.0,39.1
168.3,77.8,107.3,100.4,95.5,58.8,35.8,33.7,36.7
161.4,67.2,101.9,88.7,94.0,59.2,38.1,35.3,39.5
150.1,57.1,95.7,89.5,91.8,57.1,34.6,29.4,36.1
160.8,64.5,99.5,92.3,95.5,56.7,34.0,30.6,36.2
152.5,61.0,92.7,87.0,92.2,58.7,34.0,30.9,33.2
155.0,64.6,95.6,90.0,97.2,63.8,36.3,32.8,34.5
153.3,51.8,93.2,85.9,91.7,53.3,31.4,30.3,35.9
154.3,57.8,92.2,81.0,94.1,58.9,35.9,30.5,35.8
157.2,53.3,90.4,83.5,88.0,51.3,31.1,29.8,35.6
151.0,50.8,92.3,85.1,89.9,52.0,28.3,30.2,35.4
155.0,50.5,92.4,81.3,87.4,55.1,33.2,29.8,34.0
151.0,56.2,95.2,85.4,87.8,52.7,34.2,30.6,33.8
144.1,40.5,78.8,76.3,79.9,50.6,31.1,26.0,32.2
155.0,56.1,91.5,86.8,86.1,54.8,34.5,29.7,35.9
160.6,61.9,94.2,90.5,92.9,53.0,35.0,28.9,36.2
159.7,56.7,88.9,84.7,91.8,54.0,33.2,29.7,34.1
156.8,54.9,89.1,80.5,95.3,61.0,34.5,30.6,35.6
161.8,54.7,90.3,76.9,88.6,51.0,31.7,28.2,32.8
157.5,58.3,91.8,86.1,88.3,55.0,34.5,30.8,35.0
158.0,72.3,99.4,103.7,95.9,55.6,34.7,34.0,37.6
177.0,74.2,100.5,86.1,98.0,58.2,36.4,34.9,40.8
174.0,80.1,103.2,94.5,104.7,60.9,37.2,33.5,40.2
180.7,87.8,106.5,96.8,104.2,66.2,40.3,36.3,43.0
169.8,77.8,108.1,97.8,98.2,58.2,39.2,34.1,41.0
160.1,62.0,97.3,88.6,90.0,55.7,35.0,31.2,37.6
168.8,77.6,106.0,100.8,96.2,56.5,37.7,34.1,37.8
162.6,66.8,98.1,94.2,93.5,55.0,38.5,34.3,36.2
173.4,79.3,104.7,92.7,99.0,64.1,41.5,36.1,37.7
177.2,87.1,108.8,96.1,101.2,62.1,41.5,36.8,41.1
177.5,74.4,102.8,87.9,94.1,55.3,38.5,33.5,39.8
177.3,87.3,107.8,95.4,101.5,64.3,41.1,37.2,41.2
173.5,93.4,112.2,99.9,100.2,65.1,32.7,38.2,39.8
172.8,75.5,101.8,96.1,100.0,57.6,37.3,33.0,39.1
176.0,73.4,108.0,87.0,93.0,54.7,38.2,35.2,41.0
186.3,79.7,102.8,91.2,98.1,56.3,36.3,34.4,42.6
168.4,71.0,99.7,88.2,95.3,57.2,38.6,35.7,38.1
174.0,85.2,112.4,93.8,103.7,65.2,40.9,39.3,40.8
163.4,86.7,112.5,104.0,106.2,70.5,43.7,37.9,40.8
172.4,76.4,104.1,93.3,96.2,59.6,38.7,36.5,38.6
173.9,85.1,107.0,100.3,105.2,64.6,40.2,34.5,38.2
157.8,66.5,98.2,94.4,96.2,59.0,35.2,33.0,38.1
151.5,64.8,102.0,95.3,94.8,59.0,36.8,33.4,37.1
169.0,67.0,95.5,87.7,92.0,59.9,38.2,33.4,39.1
172.0,78.8,106.5,92.7,100.0,62.5,37.9,38.0,40.2
173.5,91.2,108.2,104.9,101.4,63.2,42.2,37.0,41.1
164.8,65.6,95.0,85.0,94.2,57.9,39.6,32.7,38.0
181.3,78.9,103.5,92.8,100.6,59.3,38.4,33.0,41.7
167.0,57.9,91.0,83.0,87.5,50.3,33.5,30.5,35.9
180.5,86.7,106.0,96.5,102.7,62.4,39.8,36.1,42.6
173.5,67.0,101.6,87.0,90.7,54.2,34.2,33.2,38.9
168.8,71.4,104.8,92.1,91.2,56.3,37.1,35.0,40.5
179.8,85.6,110.8,94.4,99.3,63.1,40.3,37.0,41.7
169.0,66.5,95.5,88.8,88.9,55.4,36.5,32.9,36.9
169.7,75.0,106.0,98.2,97.4,58.2,39.1,34.7,39.7
172.7,66.4,97.5,83.3,94.6,54.5,36.8,32.3,41.1
168.7,75.7,104.3,99.0,99.5,59.2,37.7,38.3,38.8
176.0,88.0,111.0,103.0,103.7,62.3,37.8,37.5,39.7
172.6,79.5,104.7,91.2,97.8,64.0,40.8,34.4,40.0
177.8,74.7,105.2,88.1,95.0,54.9,38.4,33.7,42.9
182.8,80.4,100.9,87.3,100.7,58.8,37.8,35.7,39.9
169.3,69.1,97.5,77.3,95.1,55.9,38.7,33.9,40.7
162.6,71.6,98.5,94.9,95.3,58.6,35.3,35.1,37.2
174.0,70.3,101.8,92.5,93.9,56.8,39.5,31.4,38.5
164.5,60.9,93.5,81.5,89.5,52.7,37.1,30.2,37.3
165.0,89.5,110.2,105.5,109.2,66.6,43.0,40.2,41.1
183.0,86.2,108.5,95.3,103.5,60.6,41.0,35.0,43.0
173.6,59.6,90.4,77.8,91.2,50.8,34.5,29.5,38.8
171.0,93.0,113.2,103.3,106.9,67.8,42.1,38.2,39.6
172.7,82.5,107.6,93.0,101.0,60.6,41.1,35.3,41.3
172.8,79.9,102.0,88.7,102.2,59.5,40.3,35.3,41.8
166.6,65.7,96.9,91.4,90.0,52.1,33.7,42.3,37.1
174.8,72.5,99.4,79.0,100.9,59.7,37.4,33.8,40.7
171.0,73.4,101.2,91.1,94.4,53.0,35.0,33.9,38.3
169.5,76.2,103.8,96.3,100.3,55.5,38.2,34.7,40.3
169.0,70.3,97.7,84.6,94.4,55.3,39.6,31.3,38.5
180.3,104.2,120.2,107.3,109.8,68.8,41.4,41.8,43.9
181.7,95.4,114.1,99.5,106.8,62.2,40.9,39.0,43.1
170.6,73.7,97.5,92.9,98.0,57.3,39.4,33.2,40.0
165.4,67.1,97.4,85.2,94.0,55.1,38.0,33.0,37.6
174.4,87.8,110.5,105.2,103.2,61.8,39.8,35.7,40.5
168.2,68.9,99.1,87.8,94.2,55.1,36.5,32.7,38.0
157.0,57.3,95.7,78.8,90.5,52.9,34.4,32.0,36.0
171.1,70.5,103.8,86.2,95.8,57.4,38.4,34.0,40.5
166.4,71.3,103.9,84.6,94.6,56.8,38.0,36.5,40.7
174.4,96.6,116.6,111.0,106.7,64.2,40.6,39.2,39.7
170.5,64.6,97.2,80.4,90.3,52.3,37.7,30.0,39.8
166.5,100.1,119.9,107.5,112.5,68.6,47.7,39.7,40.8
184.0,102.0,112.4,109.9,114.9,67.9,42.2,38.0,44.0
174.1,83.2,105.0,97.4,103.8,63.6,39.4,34.4,40.3
168.0,69.1,100.5,93.5,91.6,53.4,36.0,33.2,38.1
172.1,73.9,100.4,90.8,98.1,57.0,38.4,32.7,41.4
171.6,76.9,109.5,90.0,94.0,56.4,42.0,37.3,42.5
175.5,68.8,97.9,84.1,93.8,57.5,38.2,33.6,38.2
168.2,73.3,102.5,86.5,94.4,58.0,41.0,32.5,40.5
166.0,72.0,99.9,93.5,95.2,55.1,38.2,31.3,39.0
167.5,74.6,104.5,91.3,96.3,57.6,35.8,33.3,41.4
177.4,79.2,101.1,100.1,98.2,56.0,36.5,34.2,39.6
183.7,84.5,103.8,92.7,101.1,60.0,40.0,36.6,39.7
169.7,74.9,100.6,93.1,98.9,55.2,39.9,31.8,40.5
170.8,89.8,107.0,105.9,102.1,63.2,41.7,37.2,38.8
169.4,64.0,95.9,77.9,91.6,51.6,38.6,33.8,39.2
170.0,73.8,98.8,87.8,98.4,56.0,40.0,33.0,38.4
172.6,81.0,104.9,96.5,97.0,59.7,38.1,35.5,38.9
164.6,68.7,98.5,93.3,97.1,58.0,37.4,33.0,38.7
173.3,75.7,104.5,87.8,95.2,57.9,38.8,32.8,40.4
166.6,62.6,97.6,82.7,90.2,51.2,36.4,31.2,39.4
170.0,54.5,91.3,73.8,87.7,46.0,31.5,24.8,38.2
170.5,70.7,96.3,91.6,96.5,57.8,38.3,32.0,39.3
172.5,91.4,111.1,101.3,105.4,66.5,43.7,38.0,40.6
168.3,61.1,94.9,85.8,86.7,48.3,35.2,29.7,37.0
174.0,91.0,112.3,100.4,105.3,65.9,42.2,37.4,41.5
182.5,81.0,105.1,87.7,95.7,57.2,38.8,37.0,40.3
170.1,72.2,105.2,88.5,95.7,62.5,37.1,34.8,38.7
167.4,52.9,85.5,74.2,85.2,48.3,30.8,27.3,37.5
167.6,60.7,95.5,82.4,90.2,55.0,33.6,31.2,41.3
163.6,59.7,92.1,78.8,91.2,53.9,33.8,32.1,38.9
173.6,75.0,95.8,87.4,96.7,64.9,37.7,33.6,38.7
174.0,75.1,105.3,89.4,96.8,59.2,34.5,35.0,39.9
172.8,75.1,100.8,99.3,98.0,55.7,37.4,32.2,40.1
162.4,64.8,96.9,96.4,90.8,53.9,36.4,34.1,37.0
158.8,68.1,102.7,95.5,97.2,59.2,35.2,35.5,39.0
170.4,65.2,95.0,83.3,93.9,56.7,37.1,32.0,38.9
168.4,64.4,96.0,84.9,91.3,53.0,34.9,31.8,40.4
172.4,61.5,96.0,76.8,91.4,53.0,35.8,33.9,42.9
157.8,49.8,79.5,64.0,87.6,56.0,35.8,27.4,33.4
161.8,56.0,87.0,77.7,90.7,57.9,35.9,30.0,35.3
160.0,74.1,102.3,91.4,104.1,67.5,38.2,35.2,36.4
155.5,56.4,90.3,83.4,91.8,57.4,36.2,31.2,35.6
153.7,52.8,86.3,74.8,94.1,59.6,35.5,29.9,33.6
160.1,51.5,85.9,73.2,92.1,56.5,33.5,29.8,36.1
163.0,65.5,88.3,83.5,101.7,62.6,37.9,30.1,35.6
155.8,44.4,82.7,67.0,87.2,52.2,30.7,27.0,32.0
166.5,54.6,87.4,67.4,89.7,55.6,33.9,28.3,36.0
154.0,60.5,97.2,81.3,95.0,60.3,36.0,31.8,34.2
153.6,48.4,90.2,74.0,87.5,53.7,32.5,27.5,35.0
155.6,56.8,91.5,83.5,93.3,57.2,32.5,31.7,34.5
171.1,93.7,105.4,97.7,114.1,71.1,40.8,36.0,37.6
161.3,75.9,100.0,92.5,106.6,69.7,41.7,32.7,38.7
149.4,57.2,97.1,83.2,86.4,56.5,33.9,31.8,35.3
147.7,64.1,103.0,95.3,97.6,62.1,36.2,32.7,35.0
160.6,70.5,98.5,97.5,99.8,64.5,38.5,33.1,34.6
158.2,51.6,86.9,79.8,91.2,56.5,34.0,27.0,34.3
158.6,56.7,86.4,80.0,93.0,57.1,35.0,27.3,32.9
149.0,61.9,93.9,89.1,95.0,62.7,36.6,32.6,34.8
157.6,63.2,96.0,84.6,97.4,64.2,35.5,33.7,34.7
155.7,43.2,85.4,64.5,82.7,47.2,31.1,26.5,35.4
161.4,58.5,88.7,73.0,96.9,58.1,36.1,30.6,38.0
155.9,68.7,102.5,89.7,100.0,63.1,38.1,34.4,37.2
149.5,57.0,94.5,88.3,90.2,55.9,33.8,29.8,33.7
151.8,73.2,106.1,102.2,105.0,69.8,38.1,35.2,34.1
155.9,56.2,88.4,78.6,92.8,56.7,35.5,30.7,32.8
152.0,53.5,90.3,85.4,89.3,57.7,33.8,29.3,34.0
162.6,62.0,95.9,85.0,93.3,58.7,34.8,30.6,37.6
158.4,55.8,87.8,76.9,93.4,55.9,35.3,30.2,33.8
150.4,57.5,93.7,91.5,94.3,57.0,34.4,31.4,35.0
160.0,48.7,84.9,70.3,89.6,53.3,30.8,26.7,35.4
162.5,62.4,94.2,87.9,93.7,57.5,35.4,30.5,36.0
151.9,51.5,90.6,79.4,88.2,55.7,33.1,30.4,35.4
158.2,50.2,88.5,69.9,89.3,54.8,32.5,27.5,34.3
157.3,64.3,95.8,88.0,95.1,60.8,34.8,32.1,37.0
160.8,57.1,86.0,72.7,92.2,55.0,34.2,30.0,32.4
152.1,46.5,83.9,66.4,87.3,56.4,32.7,30.0,33.6
159.1,45.7,81.0,64.2,87.4,52.7,30.8,26.1,35.8
153.8,56.8,92.5,87.3,91.3,58.2,34.8,31.2,35.4
160.3,60.3,90.0,82.3,94.0,54.0,35.6,34.7,35.7
153.2,52.4,88.5,84.4,92.4,54.5,32.2,29.9,32.1
150.5,50.5,86.4,74.9,92.6,57.5,34.2,26.2,32.6
150.0,51.4,87.7,78.3,90.1,55.3,32.8,27.5,32.5
154.1,54.4,84.4,73.7,94.8,59.0,35.1,29.2,35.0
165.7,63.0,93.7,78.7,100.0,63.2,38.0,32.0,38.5
162.3,79.2,108.7,99.3,103.7,66.2,40.9,38.9,39.9
151.7,62.0,98.0,97.0,91.5,56.1,34.5,32.6,34.2
152.0,48.9,85.9,76.2,86.3,52.1,34.2,28.1,34.9
157.1,52.8,86.7,76.5,91.8,55.8,33.0,29.0,33.3
159.3,54.6,91.8,81.0,89.2,52.0,34.2,28.8,34.3
158.6,65.4,97.9,86.2,97.0,59.8,36.3,33.2,36.6
155.0,50.7,86.6,72.3,91.8,58.1,34.4,28.6,32.1
160.5,67.7,94.6,88.9,101.3,65.8,38.6,32.0,35.7
160.0,49.9,85.7,68.2,91.8,56.7,31.2,27.7,37.8
150.2,51.1,88.2,73.4,88.4,56.9,33.0,26.0,35.4
151.7,47.0,83.1,67.4,86.8,52.0,32.8,28.3,32.0
146.3,58.1,94.0,86.7,89.3,54.8,36.7,31.1,35.1
148.4,48.3,84.3,70.0,89.0,55.2,32.4,28.0,33.2
144.0,43.4,83.8,75.2,84.4,53.4,31.5,26.4,33.3
157.5,53.6,88.5,75.2,89.4,54.3,33.1,29.6,34.6
157.1,58.3,91.2,81.7,93.9,54.9,33.9,32.0,34.4
159.7,51.7,88.7,73.5,89.8,55.3,33.9,28.8,35.3
161.1,58.7,92.5,78.8,88.5,53.0,33.7,31.8,34.6
174.5,58.4,87.0,70.6,94.0,57.4,36.3,29.3,38.3
159.5,44.1,81.3,65.7,85.5,51.3,30.1,26.3,36.4
164.6,63.7,89.2,80.0,101.0,61.3,37.7,31.1,34.9
159.8,59.7,93.7,79.8,92.9,60.9,35.8,31.6,36.4
154.6,57.5,93.4,83.6,95.5,60.2,34.6,32.0,36.7
159.5,54.9,86.9,73.2,92.2,58.5,36.4,28.4,36.8
153.6,54.6,87.3,76.6,90.2,57.1,35.8,29.6,35.4
148.3,52.7,92.5,80.8,86.2,54.0,32.1,29.4,31.4
155.5,51.5,83.8,74.1,88.8,56.7,34.2,29.5,34.1
149.7,57.6,97.5,83.8,91.2,56.9,35.2,31.0,34.9
159.0,58.6,91.8,78.9,95.5,58.2,35.1,30.6,34.5
156.4,51.8,82.5,70.2,90.8,54.5,34.5,28.0,33.9
153.8,56.1,87.9,79.0,93.7,58.8,33.9,32.4,35.3
144.5,45.0,84.5,72.5,83.6,54.3,32.3,28.3,33.2
156.0,65.5,96.8,91.8,95.7,60.1,34.3,31.8,34.8
155.7,70.6,103.5,89.0,102.7,63.4,40.8,37.3,36.5
147.3,55.3,94.4,85.9,89.8,57.3,33.3,31.0,33.7
150.3,54.0,87.5,86.2,90.9,54.0,35.0,30.8,33.5
156.0,53.8,89.0,76.4,92.2,55.8,33.8,28.4,35.5
169.7,60.2,88.1,78.0,95.0,58.4,35.8,29.7,37.0
164.7,52.7,86.2,72.6,89.2,55.1,33.3,28.7,35.4
156.1,55.3,89.5,80.5,91.2,54.0,32.8,31.1,34.1
163.0,56.5,86.2,75.5,95.0,57.5,35.8,28.8,35.3
159.0,70.9,108.7,93.7,96.9,57.3,38.4,33.4,38.6
169.4,72.2,106.0,86.3,96.7,60.5,38.4,35.9,42.1
170.1,75.2,104.3,94.9,95.3,57.2,38.5,32.6,39.9
167.0,50.0,85.1,72.4,83.7,49.1,32.3,26.1,37.7
176.1,75.0,103.3,84.8,96.7,58.9,38.6,37.0,40.0
162.5,49.8,87.1,69.0,87.3,49.0,33.0,30.3,37.4
172.1,84.0,110.0,95.6,102.8,63.0,39.8,36.7,40.7
159.6,60.3,94.9,88.7,90.2,54.3,34.8,31.8,37.5
174.1,113.6,120.0,129.7,121.0,64.2,42.1,39.2,39.2
168.8,81.6,105.0,106.0,98.7,61.9,36.4,34.8,39.2
166.0,65.9,95.7,90.3,92.1,56.8,35.3,33.5,37.3
163.5,62.2,95.5,86.9,90.3,54.0,36.6,32.0,38.4
163.2,59.3,93.5,81.2,93.2,56.1,35.1,30.2,39.1
165.5,59.7,96.0,75.9,91.6,53.5,33.1,33.0,38.8
163.1,67.3,97.2,94.4,92.8,56.8,38.1,32.8,37.7
176.2,66.6,92.7,81.3,93.2,53.5,36.4,29.4,38.7
168.1,75.0,101.3,93.9,97.0,60.6,39.0,33.5,40.4
162.4,65.3,92.9,85.9,92.9,54.7,39.5,31.0,36.9
165.0,67.0,96.5,94.7,93.8,55.2,36.6,35.4,38.9
148.0,56.0,89.2,78.6,95.1,59.5,37.2,30.4,35.3
155.6,64.7,99.1,89.8,97.6,62.2,36.3,32.7,37.2
163.1,55.2,89.1,75.7,91.4,54.8,32.1,30.2,36.7
157.6,58.2,92.3,84.6,92.6,54.2,34.3,30.6,34.6
152.0,57.2,96.8,86.8,91.6,54.1,31.2,31.3,34.9
156.5,58.9,95.8,88.5,90.7,56.8,34.3,31.8,34.7
150.1,48.4,83.2,68.4,91.8,58.1,32.8,29.6,34.2
157.0,56.6,90.4,78.8,96.0,58.6,35.3,30.4,34.6
166.2,66.6,95.7,78.2,99.4,58.6,36.4,32.5,35.6
155.1,67.5,98.3,97.5,98.6,60.0,35.1,33.3,35.9
165.6,53.5,83.3,71.3,94.3,57.1,34.2,28.2,35.8
165.5,54.7,86.2,69.5,93.2,54.1,34.1,28.4,35.0
155.0,58.4,94.3,82.6,96.5,59.5,34.7,30.6,35.3
152.2,57.8,93.6,85.8,92.7,62.5,34.5,32.5,34.8
160.2,58.8,92.2,84.4,92.4,54.4,34.0,31.3,36.1
167.1,61.2,87.9,74.1,95.7,57.7,37.9,30.5,36.0
157.5,48.0,84.7,72.3,87.6,50.2,28.7,27.7,33.0
156.5,60.8,89.4,83.9,97.6,64.5,34.7,32.1,33.3
162.1,67.0,97.4,88.3,92.1,62.3,36.8,31.8,37.2
156.0,49.5,82.9,70.9,90.2,57.6,33.4,28.7,36.5
152.0,57.8,89.4,78.3,95.3,59.2,37.7,32.1,34.7
161.2,49.9,88.7,71.8,88.2,50.7,31.2,28.6,34.4
157.5,49.9,84.7,76.2,87.7,52.1,30.7,27.2,33.0
153.3,54.3,88.7,77.4,96.8,57.2,34.1,30.9,38.8
162.7,61.7,92.6,84.9,92.2,54.1,35.8,31.0,36.1
160.0,58.9,90.7,79.1,93.8,57.5,34.2,30.8,35.1
153.4,50.9,88.3,77.7,86.8,53.5,34.6,29.6,33.1
160.0,49.3,83.0,69.4,86.6,55.2,34.3,28.4,36.1
161.3,52.9,84.5,72.0,94.4,54.1,34.3,29.6,36.4
152.6,59.7,88.5,88.3,96.8,64.8,34.9,31.5,33.7
158.0,55.3,91.2,77.3,94.1,55.8,34.1,29.8,36.0
151.5,52.5,91.0,80.8,88.7,59.4,33.2,31.6,35.2
155.2,51.3,87.4,76.5,89.9,53.2,31.3,30.0,34.7
164.0,56.6,90.7,78.9,94.3,58.2,33.5,30.8,37.8
170.3,65.3,94.6,82.2,98.1,60.5,35.9,32.0,37.1
154.4,50.8,87.3,77.7,86.3,54.2,31.3,28.2,34.4
157.0,52.2,85.0,75.3,90.1,54.6,35.0,29.6,37.4
146.2,63.2,96.1,96.3,98.7,60.0,36.6,33.5,34.8
162.5,69.1,95.7,87.2,97.3,66.1,38.3,32.6,36.2
161.8,53.0,84.6,73.1,92.3,58.0,33.7,30.6,35.7
159.5,55.3,90.7,78.9,91.3,55.8,33.6,30.7,34.8
156.4,55.4,88.8,80.0,91.9,58.5,33.6,29.1,33.3
156.6,70.3,104.2,91.2,98.8,61.4,41.3,33.9,36.3
151.7,56.9,92.7,82.9,89.7,58.0,34.0,30.1,36.5
166.2,60.9,88.5,77.1,100.6,62.6,38.2,27.7,38.4
153.4,58.7,95.5,86.0,88.9,57.3,34.0,31.5,35.8
155.1,54.5,89.0,84.2,89.5,54.6,32.9,30.2,34.4
159.2,59.4,93.6,76.1,96.1,57.8,35.1,31.7,33.7
164.5,59.3,87.8,72.7,103.8,61.2,35.2,30.6,35.4
153.6,53.2,90.4,75.7,93.0,55.6,34.0,30.6,36.2
153.6,41.4,77.1,57.2,83.9,46.8,30.7,24.8,32.7
156.4,50.7,85.2,77.2,89.3,57.3,33.0,27.7,34.8
155.8,62.9,95.7,86.9,99.9,63.8,36.1,30.5,35.0
157.0,50.4,84.4,76.3,90.0,56.5,34.3,26.9,33.7
165.0,55.0,88.8,75.2,93.0,56.8,32.8,31.0,34.9
152.8,46.5,85.6,69.2,90.2,56.5,32.5,28.8,37.0
152.7,78.4,111.0,105.0,107.5,65.3,39.0,36.5,36.0
162.0,76.5,101.3,88.2,108.7,70.6,39.2,35.2,38.4
153.8,65.2,95.0,91.7,100.0,64.7,34.8,33.0,36.0
157.4,81.6,104.2,100.6,105.4,67.7,41.6,36.7,37.1
157.8,54.7,84.8,72.3,94.9,59.6,35.5,29.5,33.3
154.2,53.5,87.3,73.2,97.6,60.8,35.4,29.3,31.6
163.2,48.1,78.9,69.0,89.4,51.9,30.8,25.7,33.6
164.5,64.3,91.4,79.5,101.2,60.7,37.2,31.4,39.2
155.5,48.6,86.4,78.9,85.3,51.6,31.2,28.7,34.0
171.1,66.8,99.0,86.2,92.1,55.8,38.8,32.2,39.0
167.0,65.4,101.7,82.2,94.0,57.5,35.4,33.1,39.5
178.3,77.2,106.0,91.9,99.4,61.1,36.9,33.5,40.4
163.7,74.0,101.1,96.8,95.2,59.3,39.0,37.8,39.0
154.6,55.6,91.4,82.4,86.3,55.5,33.4,30.2,38.5
160.0,77.0,105.4,99.5,101.3,63.6,38.5,35.9,39.1
166.2,61.4,100.4,78.0,93.4,55.1,35.5,31.5,37.8
170.7,65.5,97.9,86.4,91.2,54.8,36.1,30.7,39.7
179.5,82.1,104.0,95.4,100.0,57.4,39.5,34.5,40.9
172.6,82.0,103.4,94.2,102.4,64.0,42.1,36.2,40.5
177.1,81.9,106.0,97.2,96.2,55.9,37.3,33.5,41.0
167.2,67.4,92.7,92.4,92.9,57.4,34.5,32.1,38.5
170.4,79.2,100.8,98.0,100.1,61.3,40.5,35.1,38.9
166.7,65.3,100.2,80.8,93.3,54.5,36.5,34.8,40.2
161.6,64.2,95.4,88.0,92.4,59.2,35.7,33.6,36.9
174.0,72.7,101.3,85.0,95.7,57.6,40.8,32.7,38.0
171.5,64.7,98.8,85.4,91.5,53.9,34.5,30.1,39.3
171.0,51.2,80.0,70.6,86.3,48.0,35.4,26.2,37.8
160.0,62.4,97.3,86.1,89.1,54.4,37.3,33.3,38.5
163.1,54.0,88.3,79.9,85.9,51.1,31.8,30.2,35.8
167.7,73.6,101.3,94.3,95.1,59.5,40.4,34.8,37.6
162.5,53.4,89.6,77.9,83.3,50.1,33.4,28.3,37.5
159.6,66.5,98.4,91.4,97.3,62.1,40.3,31.1,35.6
170.5,73.3,101.0,89.1,97.0,61.0,40.0,33.7,38.4
164.7,68.3,98.5,89.9,93.9,57.6,36.1,33.6,36.7
160.0,66.9,109.0,86.4,92.9,60.4,36.8,35.6,37.8
173.5,75.2,102.4,91.3,91.8,56.0,38.8,37.0,40.2
165.5,75.6,102.6,99.3,99.4,63.8,38.5,36.0,36.4
176.0,69.1,97.1,84.2,93.1,54.7,36.7,34.1,40.0
178.1,83.3,105.7,93.5,101.5,62.3,41.6,36.3,41.4
174.5,72.2,99.1,86.6,95.9,58.5,38.9,32.0,39.4
161.5,68.0,98.3,93.1,97.3,59.2,39.2,32.5,40.7
171.8,70.1,100.7,90.0,95.6,55.9,37.2,34.7,41.2
172.0,83.2,108.2,102.9,102.9,64.1,37.8,36.9,41.9
163.8,62.2,90.6,86.3,90.6,55.7,37.7,31.2,36.5
173.0,78.2,97.5,95.3,100.8,59.9,40.2,35.4,38.5
172.6,73.3,98.9,90.7,92.8,57.7,40.1,33.0,39.7
165.5,64.1,93.2,84.5,95.4,58.5,36.0,32.5,36.9
169.5,72.9,101.0,94.3,95.8,60.8,37.3,33.7,38.5
161.3,57.2,89.6,77.7,94.9,57.8,35.0,31.9,34.9
166.3,52.9,87.9,73.8,91.8,55.1,35.0,27.9,35.2
150.5,57.3,92.5,76.7,95.7,60.0,34.9,31.3,33.4
165.0,55.8,87.7,74.1,90.1,52.5,34.9,29.6,35.8
166.5,58.4,87.8,78.9,94.6,56.0,36.0,29.1,35.9
157.0,62.8,90.0,83.7,99.1,61.6,35.7,32.8,32.8
160.7,56.0,88.1,74.3,93.8,57.1,35.4,29.0,35.0
158.0,62.7,91.1,83.9,98.0,64.0,36.3,33.3,34.9
161.3,57.5,89.7,82.8,92.3,57.2,33.7,31.1,37.1
160.0,69.5,98.0,87.7,103.7,64.1,39.7,35.5,37.6
165.3,55.7,88.0,74.6,91.5,53.8,32.8,29.0,35.6
158.0,47.9,83.1,72.0,84.7,50.8,31.5,26.9,35.3
160.0,59.3,91.8,78.8,95.1,59.0,35.7,31.8,36.4
154.0,56.7,92.3,75.8,92.6,57.5,34.4,30.7,35.0
154.5,56.3,89.7,85.0,95.2,59.5,34.5,29.5,35.4
156.4,65.6,99.1,89.3,94.9,61.6,34.8,33.5,36.5
161.0,68.0,96.0,90.0,102.6,63.5,36.8,33.5,35.6
149.2,56.8,96.2,85.8,92.7,59.9,33.6,30.3,35.2
157.0,49.7,85.4,73.1,89.1,54.8,32.1,28.2,34.0
167.1,55.4,87.9,74.4,91.8,55.5,33.3,28.8,37.5
157.8,55.8,90.9,75.7,90.6,56.9,35.1,29.5,35.0
154.3,51.6,87.7,71.7,94.2,56.8,33.0,29.6,35.0
158.5,60.5,92.3,84.8,95.9,63.1,35.6,30.5,36.5
167.7,53.3,82.7,69.2,91.0,52.8,35.0,28.3,35.0
156.0,53.2,87.6,75.2,92.9,59.0,33.6,32.5,35.7
161.1,64.1,94.4,79.2,96.5,62.6,36.6,31.6,37.1
163.5,60.3,93.9,78.8,93.0,60.0,34.0,32.4,35.5
159.8,53.0,89.7,75.6,86.5,51.9,35.7,30.0,34.6
153.2,56.7,87.9,79.9,92.1,59.3,35.8,31.3,32.4
163.5,60.4,89.7,84.7,98.0,57.1,34.5,31.4,34.7
161.3,59.4,90.3,77.4,98.4,60.8,35.4,30.5,35.1
159.2,54.2,92.3,76.2,87.7,51.8,34.0,30.7,35.5
157.5,50.5,84.8,68.8,89.2,54.7,32.9,27.5,35.6
153.1,47.1,85.9,75.4,87.5,51.8,29.6,29.5,33.9
152.6,44.0,79.7,63.3,84.6,50.9,31.8,27.7,34.5
158.0,56.4,88.8,77.7,98.3,59.4,34.3,30.6,35.1
159.0,64.5,97.0,88.1,95.2,57.6,36.8,34.4,36.3
159.1,51.8,90.7,76.3,87.7,52.0,32.4,28.7,35.2
149.7,52.7,83.5,72.2,93.3,63.6,36.1,31.7,34.0
157.2,51.9,89.0,71.3,91.7,53.0,32.1,30.7,33.8
169.0,61.1,89.3,74.0,99.9,62.5,34.5,30.5,38.8
158.7,72.2,101.7,92.8,103.9,65.3,37.4,34.7,35.9
153.7,49.4,88.3,74.2,88.8,56.7,31.6,30.3,35.1
160.0,68.8,100.3,84.3,98.1,66.2,40.1,36.1,35.0
158.4,49.9,80.9,68.5,90.3,57.1,34.0,29.6,34.7
173.1,59.6,90.0,75.7,93.5,54.5,33.8,30.7,36.6
157.0,51.9,89.2,74.2,92.6,56.5,31.3,28.0,34.2
164.5,53.8,80.2,68.5,92.7,55.5,35.4,29.2,37.8
164.0,55.0,87.0,68.0,93.4,59.1,34.7,28.2,33.7
173.5,52.1,83.3,69.7,94.5,54.4,31.8,27.3,36.9
171.5,56.8,86.6,72.5,91.8,57.9,33.0,29.5,36.6
159.4,52.2,83.8,70.6,90.0,55.7,34.3,27.7,32.8
158.3,52.3,82.5,73.3,93.3,57.9,32.4,28.6,33.6
158.5,52.1,86.3,70.5,90.5,57.2,33.4,28.6,34.5
168.3,70.1,104.3,92.2,94.0,58.7,35.8,34.0,41.4
179.0,76.2,103.3,91.3,99.8,58.1,38.2,34.0,45.8
168.0,68.0,102.0,89.8,92.4,55.2,37.8,36.5,36.8
165.0,59.1,92.7,78.5,86.4,53.4,38.0,30.7,36.5
182.1,71.3,96.6,86.4,95.1,58.6,36.7,32.3,41.2
162.5,64.9,94.5,87.0,90.6,55.7,37.2,34.1,38.1
171.6,68.5,95.4,86.8,92.4,58.6,38.2,33.0,35.4
173.4,72.0,108.8,75.9,93.7,60.1,38.1,34.8,41.0
170.5,77.4,102.9,99.5,95.1,61.0,38.7,34.5,40.7
167.5,65.6,95.2,88.2,92.1,58.2,34.2,30.5,36.8
173.8,71.1,100.9,85.3,92.8,58.4,39.8,33.2,41.8
161.4,65.8,99.9,92.8,94.8,60.8,35.8,31.3,40.1
181.8,80.9,105.3,93.7,96.3,57.3,37.8,34.8,41.4
165.3,57.0,92.7,80.2,88.8,54.8,34.5,32.0,36.8
155.0,46.2,81.8,63.0,84.4,54.1,33.2,26.7,32.7
158.0,64.2,92.2,84.4,96.6,61.4,38.8,32.4,35.2
164.6,53.6,83.1,73.7,92.5,54.5,33.8,28.6,34.7
159.5,67.3,99.7,88.8,101.8,64.5,37.3,34.7,38.7
150.7,47.2,82.8,70.1,89.7,55.2,31.8,29.5,34.2
168.3,62.8,93.8,87.5,100.3,65.6,36.7,31.6,38.1
148.6,46.1,85.9,73.6,86.4,54.6,31.1,29.4,34.5
157.2,50.9,86.5,75.0,89.8,57.7,33.2,29.4,35.0
168.0,61.2,92.2,78.8,95.0,56.1,37.7,29.5,37.3
168.5,82.3,103.8,97.7,103.5,63.6,39.8,35.6,40.2
174.4,75.5,103.0,97.7,97.5,55.7,38.8,32.0,37.4
158.0,59.4,90.5,80.2,98.2,57.4,35.0,29.0,35.7
162.5,54.7,90.0,73.5,92.9,53.9,31.6,29.8,34.9
155.2,48.8,78.6,66.5,94.0,56.2,33.4,27.8,30.9
170.0,68.3,97.0,76.9,94.9,57.7,40.8,31.0,38.5
182.5,80.0,106.4,89.0,98.5,58.9,37.2,34.5,44.5
181.5,74.2,97.5,78.3,96.0,59.5,39.0,31.0,40.4
169.5,53.2,83.0,65.1,93.3,53.0,34.8,24.2,34.9
163.0,55.3,82.7,72.2,93.2,54.1,32.2,29.0,36.1
166.5,67.6,90.0,87.5,104.5,61.5,34.9,30.3,34.6
173.0,68.5,97.0,78.8,97.1,56.0,36.6,32.5,38.3
164.0,64.8,96.3,84.8,93.3,58.2,37.7,31.6,38.4
173.0,73.9,103.5,78.5,100.0,60.5,38.9,32.7,39.3
168.0,50.9,78.6,63.9,90.5,53.5,33.6,25.5,32.9
162.0,52.7,82.3,69.5,91.0,53.7,35.9,26.0,34.9
158.0,65.4,93.5,80.9,96.5,57.9,40.0,32.5,33.3
163.0,62.0,91.7,78.6,97.1,57.0,36.4,28.8,36.8
158.0,52.4,86.4,70.0,89.5,52.6,34.0,27.0,35.2
154.0,58.8,92.3,78.0,93.7,56.7,34.9,31.3,36.4
158.0,53.4,84.3,72.4,91.5,55.2,35.2,26.3,35.6
164.0,62.7,91.0,82.3,96.5,58.5,36.4,27.7,35.9
156.8,59.5,89.5,76.8,98.0,57.8,37.3,29.2,35.9
158.7,54.8,86.5,74.0,93.0,53.5,35.3,27.0,35.6
164.5,58.1,84.1,66.0,91.6,56.2,38.3,27.5,36.7
166.4,68.1,96.7,80.7,98.6,60.2,39.9,31.8,38.3
161.7,48.5,84.8,68.6,89.0,50.5,32.2,26.8,32.4
164.5,51.4,88.5,71.0,92.6,51.2,33.8,26.5,37.7
150.5,47.8,84.0,68.0,85.8,51.0,34.7,26.6,31.4
165.0,55.6,87.2,71.4,95.6,55.7,35.9,27.6,35.8
163.3,65.5,93.5,82.0,100.9,59.9,37.7,29.3,35.7
154.5,55.3,96.0,80.5,90.4,51.2,35.8,28.4,36.5
159.0,39.2,72.0,57.5,84.8,47.2,30.2,24.7,33.5
161.0,53.7,87.6,70.5,92.4,54.8,36.3,26.4,34.8
154.5,61.9,93.2,85.8,96.1,56.1,36.8,28.1,35.4
155.3,49.2,86.0,76.2,86.5,49.7,32.4,26.8,34.6
151.5,43.5,83.6,70.3,84.8,44.8,30.2,24.0,35.0
155.5,54.8,85.0,81.6,89.6,52.2,33.7,29.6,34.0
160.4,60.5,91.4,74.3,96.6,59.8,36.5,28.9,34.8
159.0,50.6,82.8,71.8,86.2,47.2,32.1,27.6,33.8
159.8,64.5,91.3,85.0,96.1,56.8,38.3,29.5,33.9
156.7,74.9,101.8,98.5,102.5,59.3,38.7,33.3,36.8
159.4,62.0,93.1,83.4,96.6,59.2,36.8,30.2,33.5
152.6,44.7,80.7,67.7,82.0,50.7,32.4,24.7,34.1
168.0,80.4,101.1,95.0,101.6,58.9,39.7,33.9,36.5
149.6,53.3,91.0,82.7,88.7,52.7,34.0,27.9,33.3
155.8,42.6,79.9,62.1,84.0,50.2,31.6,24.4,33.0
156.5,58.7,91.8,81.6,93.6,55.2,35.4,30.1,32.9
155.2,62.7,95.2,91.1,99.9,61.1,34.3,30.0,35.5
159.7,59.8,92.0,78.7,99.0,59.9,37.0,29.2,35.0
167.1,62.6,90.2,73.1,98.7,60.8,37.9,29.1,35.5
158.6,57.1,89.0,74.1,91.6,55.5,35.4,26.8,35.8
150.0,51.9,82.8,77.2,89.4,53.3,35.4,29.0,33.1
159.5,66.7,91.0,87.6,102.2,61.7,37.3,30.8,35.3
174.2,77.4,102.3,83.9,96.1,57.2,41.8,32.9,36.0
178.8,82.4,104.2,88.4,103.9,64.4,40.4,36.0,33.8
171.8,74.8,105.9,88.1,97.5,56.6,37.4,32.8,33.7
183.8,89.6,117.8,84.7,99.9,61.5,38.8,38.9,36.4
175.2,65.0,92.2,76.5,93.4,54.2,39.0,30.1,32.2
172.5,58.7,92.4,77.0,90.2,52.5,33.3,28.0,37.4
175.5,77.3,101.9,89.5,100.5,62.8,36.9,32.5,35.5
168.3,57.8,92.0,80.0,87.0,50.0,35.5,27.3,35.4
163.5,64.8,95.4,87.6,90.7,54.3,37.8,30.1,34.5
183.2,114.7,118.9,105.9,114.9,73.6,45.1,38.3,41.4
181.5,86.7,104.1,90.8,103.4,63.6,40.3,31.3,39.3
171.0,92.5,111.0,92.9,104.3,70.1,46.7,36.1,36.7
170.1,78.6,109.3,85.2,99.9,63.8,39.5,34.2,37.4
177.0,64.8,102.8,77.8,86.6,52.8,35.6,31.2,40.8
183.5,78.6,107.9,80.5,98.1,57.5,41.3,33.8,43.8
183.4,100.5,117.1,104.9,105.2,64.6,40.8,38.4,42.8
172.8,63.9,93.0,74.0,92.8,55.5,34.9,29.4,37.1
173.6,57.9,90.0,68.7,93.5,53.3,36.6,27.9,37.5
170.4,107.4,118.8,106.0,110.8,69.1,45.1,38.6,39.6
176.9,68.3,96.9,80.7,92.2,55.8,35.1,30.4,40.1
178.1,82.7,104.3,90.0,98.0,60.7,40.5,34.2,42.2
171.8,79.0,106.5,86.5,99.6,60.7,38.7,34.1,39.2
176.0,76.1,97.5,87.6,100.1,58.6,38.4,31.4,37.8
161.6,67.9,96.3,89.0,94.1,55.4,37.2,30.7,35.5
182.7,87.4,101.1,90.9,105.8,64.7,41.7,33.2,37.5
162.5,63.5,95.3,71.0,89.5,55.2,37.0,29.8,36.3
176.8,82.4,102.5,93.8,103.3,60.5,37.5,32.5,39.9
173.0,70.4,91.6,91.1,93.2,53.8,34.5,31.0,36.8
166.4,77.4,106.1,91.9,101.0,62.1,40.5,36.7,38.2
166.7,62.1,93.2,79.5,90.6,52.3,34.5,29.3,34.3
175.6,110.4,115.4,117.5,119.4,75.0,42.8,40.0,39.8
177.0,58.6,94.0,68.7,86.1,49.4,33.8,25.4,36.5
171.2,91.1,109.5,104.2,108.5,65.3,40.7,36.6,39.8
171.0,78.4,102.8,89.6,98.6,58.4,39.0,35.0,36.2
178.7,73.0,111.5,80.0,95.5,57.8,37.3,34.8,39.5
167.5,64.4,95.7,84.0,98.5,55.2,35.1,30.1,33.5
156.7,58.1,86.2,79.2,96.5,56.1,37.9,27.8,33.8
166.2,70.5,96.6,90.4,102.6,61.7,39.7,30.4,34.3
156.5,51.7,87.3,73.2,93.0,55.7,33.2,27.5,32.5
160.7,43.9,77.6,63.9,87.0,49.3,31.8,24.2,31.9
161.6,50.4,81.3,69.1,90.7,52.1,32.9,24.9,31.9
154.6,40.6,76.4,61.3,86.2,47.5,29.4,23.4,33.2
160.5,64.0,90.9,91.5,95.0,53.9,34.7,31.7,33.8
161.6,53.1,85.9,68.1,93.2,55.4,35.6,26.9,33.7
164.4,52.4,81.7,67.9,89.9,53.5,35.0,27.1,31.7
157.3,54.7,86.4,73.6,95.6,55.4,34.2,28.7,30.9
158.0,74.1,100.2,93.2,104.7,66.9,38.9,32.7,34.4
173.5,66.7,90.6,83.2,99.8,61.7,37.0,29.5,34.2
158.0,51.5,82.5,70.3,92.4,56.4,35.7,25.6,32.5
161.6,57.6,84.9,77.1,97.8,53.9,33.7,28.0,33.9
160.0,58.1,90.3,76.6,95.2,57.4,34.7,29.9,36.3
167.5,64.8,87.8,77.4,103.0,62.9,37.8,28.0,33.8
161.6,52.5,84.4,68.2,93.1,56.0,32.8,27.1,34.0
166.5,44.1,78.5,62.0,83.2,47.6,30.4,25.5,33.9
163.5,62.5,92.1,77.6,97.0,60.1,35.8,30.2,32.9
169.7,56.7,84.2,70.2,92.3,54.0,33.9,28.4,35.4
154.5,54.0,86.7,72.4,91.2,51.2,36.1,28.8,32.9
156.4,65.5,94.6,93.4,97.8,56.5,34.2,29.0,33.2
159.6,67.3,93.3,86.5,99.0,61.3,37.9,32.0,33.8
160.6,54.4,83.0,74.6,94.6,57.0,33.9,28.0,34.0
166.2,50.4,83.2,65.6,88.6,51.2,33.9,25.7,35.1
157.2,50.6,84.1,70.1,89.0,53.5,33.1,26.8,32.9
156.6,61.9,96.5,85.7,96.2,54.9,35.5,30.0,34.5
166.0,58.4,84.0,71.1,94.9,57.2,35.6,27.5,35.9
167.2,75.9,99.0,90.5,105.8,63.7,37.4,32.7,33.9
166.7,57.3,85.0,70.7,93.5,57.2,35.5,28.0,33.7
158.5,65.3,91.0,82.5,102.2,64.1,39.3,29.9,34.1
158.8,69.1,93.7,89.7,98.5,58.5,38.2,30.7,33.5
157.0,54.0,83.5,75.8,92.3,56.6,36.8,27.7,32.4
173.6,70.2,89.9,83.7,101.5,61.9,38.1,29.1,35.5
167.6,74.2,97.7,99.0,101.6,61.6,35.0,30.7,34.2
165.5,83.8,114.4,96.1,101.0,64.5,41.5,35.7,39.1
173.7,80.0,103.6,88.1,100.0,60.7,39.3,33.5,38.9
177.6,89.0,103.1,93.4,107.0,69.1,42.7,34.7,36.6
175.5,91.6,116.3,100.4,101.9,63.1,41.3,37.5,39.8
165.5,61.6,99.9,76.8,87.2,54.2,35.6,30.5,37.2
175.7,99.7,111.3,102.1,112.0,75.3,43.9,36.5,38.1
184.3,84.7,100.0,91.0,99.3,59.1,43.1,32.3,42.7
178.0,102.4,109.8,104.9,111.2,69.5,44.6,37.7,40.9
178.9,73.8,104.0,79.6,94.9,59.7,35.8,32.1,40.6
172.6,78.4,103.2,89.0,99.2,60.8,39.5,33.3,38.1
172.5,87.3,111.8,98.1,102.1,62.0,39.9,36.0,41.4
177.3,61.6,94.8,76.4,92.4,52.5,34.1,27.4,41.6
167.5,78.2,107.1,86.5,101.7,62.2,40.6,34.4,38.8
175.0,79.0,108.5,78.7,101.5,62.4,41.1,33.9,42.8
174.3,82.1,104.6,94.6,100.1,60.5,39.7,32.6,38.9
177.5,82.2,103.4,86.1,103.3,64.3,40.7,34.4,42.2
164.6,52.7,89.3,75.7,87.4,49.8,31.9,26.3,37.0
170.3,74.2,96.6,87.0,97.8,58.6,39.0,32.8,41.0
171.2,64.6,93.7,85.7,90.4,52.7,37.9,27.5,38.1
172.6,66.1,96.5,78.5,91.5,54.6,34.7,31.4,37.4
168.0,67.0,98.4,79.3,94.3,57.4,37.5,31.3,39.3
173.7,70.5,96.3,84.1,94.4,58.1,36.9,30.3,39.9
175.3,71.3,98.6,86.5,98.5,59.7,36.6,33.0,36.7
170.3,67.3,94.6,77.3,95.8,56.8,40.3,30.1,38.4
170.8,72.4,102.6,79.8,94.5,58.8,40.3,33.0,37.6
175.8,85.3,104.3,93.5,98.5,59.1,41.5,35.7,40.4
175.2,62.4,92.3,78.5,90.2,53.5,33.7,29.8,42.4
176.0,62.1,91.8,77.0,91.6,52.7,34.9,26.3,38.6
173.8,66.9,94.0,79.0,91.0,53.5,36.5,29.7,39.7
169.7,64.6,97.0,83.0,92.5,53.8,36.4,29.4,35.0
171.5,73.7,98.2,87.0,98.7,60.5,38.6,32.8,39.0
170.3,71.4,99.5,84.5,97.0,59.8,37.4,32.4,39.8
172.1,80.5,106.2,88.2,98.0,61.5,39.3,36.5,41.2
169.5,57.6,95.2,70.1,85.6,51.0,34.3,30.0,38.4
172.7,67.7,92.0,81.7,95.5,57.9,35.7,30.1,35.8
174.1,79.8,104.0,92.5,100.3,61.0,39.2,34.0,38.9
170.7,68.6,100.5,86.8,91.9,55.4,36.8,31.2,41.1
177.0,83.8,105.2,90.0,100.5,59.7,40.4,34.6,42.4
158.2,56.4,85.9,76.2,92.6,55.8,34.4,28.0,33.1
157.0,70.8,98.1,89.6,98.1,60.3,38.3,33.3,35.9
156.5,73.6,99.4,98.7,94.6,56.3,37.3,35.5,34.1
168.6,78.6,95.7,91.0,102.0,64.2,39.8,34.0,38.0
156.5,52.9,85.3,74.9,88.5,51.9,33.4,29.1,32.9
163.0,73.0,98.3,86.6,103.9,63.7,40.1,33.0,36.2
161.3,52.7,85.0,69.9,94.6,55.2,33.7,27.5,31.2
152.8,53.2,85.7,76.0,89.7,52.6,32.7,28.0,33.5
168.2,55.2,87.0,71.9,89.7,51.7,34.5,28.2,35.7
165.5,50.3,78.0,68.1,88.3,51.7,33.0,25.2,32.9
157.3,49.7,85.6,65.5,83.5,49.6,33.1,26.0,33.1
158.2,48.5,82.9,70.4,85.0,49.5,31.0,25.6,33.1
153.0,58.8,90.7,82.9,93.8,54.9,34.5,30.9,32.1
160.4,52.5,82.5,74.2,89.6,52.2,34.2,25.3,33.0
157.0,44.0,77.5,66.0,86.4,49.0,32.5,23.8,33.2
155.7,54.6,88.8,81.6,88.6,50.0,31.6,30.4,31.5
160.6,68.1,94.0,90.4,95.9,56.4,37.5,32.6,34.5
155.7,72.9,99.3,90.1,100.8,63.7,38.5,34.8,35.4
159.6,44.9,80.1,68.1,87.4,47.7,29.6,24.9,32.3
158.5,53.8,87.9,76.4,88.5,51.0,34.5,30.3,32.7
157.5,58.4,86.2,78.9,97.3,55.5,34.9,31.2,33.3
155.5,61.9,90.2,81.4,99.2,57.8,36.8,29.9,31.9
156.6,43.5,79.3,62.1,85.6,43.8,32.7,25.2,33.0
167.4,57.4,79.7,71.8,95.9,59.3,35.6,28.9,33.7
157.7,51.1,81.9,75.3,90.8,53.6,33.8,27.8,33.2
152.8,54.8,87.5,79.0,92.6,55.7,34.7,28.4,32.0
149.0,57.3,89.8,81.8,98.2,57.7,33.9,30.0,32.2
155.2,42.6,80.2,68.5,83.8,47.7,30.7,24.3,30.9
160.8,54.1,91.0,79.6,89.3,50.9,34.2,28.7,35.4
164.1,55.4,86.0,75.0,92.2,52.8,36.7,29.4,34.5
162.9,58.1,91.0,79.8,95.1,55.4,33.7,30.7,34.7
161.2,61.6,90.5,82.0,94.5,54.3,35.4,32.1,34.6
160.3,50.5,81.2,71.5,88.7,48.0,33.6,28.3,32.1
153.1,45.7,83.3,63.8,88.3,51.2,31.8,25.3,33.5
161.3,59.4,90.0,74.9,100.6,58.2,35.6,29.4,36.0
157.3,44.4,82.3,67.6,82.8,46.7,31.5,26.0,35.0
159.4,54.0,86.7,78.1,88.5,49.5,33.8,27.8,32.8
157.3,44.5,80.1,60.6,80.8,47.0,33.5,23.1,30.5
166.1,62.8,94.2,92.3,96.2,56.2,35.2,31.2,33.3
167.1,76.6,97.0,95.7,106.2,63.0,38.3,31.5,35.7
160.0,90.3,107.9,99.0,118.5,73.2,43.5,35.2,36.1
151.6,49.9,90.6,75.7,87.9,52.1,32.8,29.0,34.1
156.8,46.4,82.6,71.3,85.8,47.3,30.2,25.3,31.1
153.7,60.3,92.5,82.2,94.5,58.0,34.0,30.5,32.3
161.8,51.7,82.5,72.9,90.5,52.6,33.2,26.6,34.8
152.0,53.9,85.7,75.7,94.3,54.9,35.5,27.6,34.9
150.0,60.0,91.9,76.1,98.5,60.1,38.0,30.0,32.0
155.8,47.4,80.4,67.0,86.1,46.6,33.6,27.0,32.4
155.3,58.2,87.6,76.0,100.3,58.2,36.9,29.0,32.8
155.7,42.7,79.1,63.6,86.8,51.1,29.0,23.8,31.4
158.0,61.9,88.9,84.2,99.4,60.7,37.8,30.7,34.0
153.5,66.3,97.6,88.2,96.8,57.5,38.5,32.5,34.1
158.3,48.9,84.0,66.9,86.2,49.7,32.2,26.3,32.3
158.1,63.5,95.7,84.8,94.1,56.1,34.8,29.8,34.8
150.7,48.6,84.7,76.9,85.0,47.6,30.8,27.3,31.6
167.1,61.6,89.4,77.8,95.6,57.6,36.7,30.4,33.7
153.6,61.6,94.9,84.6,96.6,56.2,35.7,30.2,35.0
167.5,74.0,91.7,82.7,108.8,68.5,39.3,35.3,32.4
158.3,66.0,94.3,86.5,100.9,61.2,36.9,30.6,32.4
155.5,50.6,80.6,70.3,93.0,53.8,34.2,27.1,31.9
159.7,56.1,88.2,80.8,95.3,55.7,35.0,29.8,32.6
164.5,49.7,82.5,62.8,90.8,50.7,33.9,23.2,32.3
155.1,58.7,89.2,82.5,92.5,53.5,33.6,31.7,33.4
150.6,38.3,72.3,57.2,81.2,45.9,29.0,22.9,31.2
155.3,56.2,91.7,82.5,88.5,50.4,33.5,29.3,32.9
155.2,63.6,92.8,88.0,95.4,57.7,35.6,32.3,33.0
145.2,47.4,84.9,69.4,85.0,51.4,33.6,27.7,32.6
156.6,47.7,82.4,73.2,86.0,48.2,31.7,25.8,31.5
154.0,54.8,87.2,84.3,86.9,51.3,34.5,29.0,34.6
159.5,51.9,84.2,77.0,86.7,47.6,32.5,29.0,34.0
166.8,92.0,105.6,103.6,107.5,68.1,43.7,38.2,35.9
161.6,49.0,77.7,63.5,90.0,49.8,34.0,25.5,33.0
157.9,59.3,90.5,84.8,93.5,51.5,35.6,30.1,35.2
162.2,73.4,94.3,89.9,108.7,63.0,40.0,34.1,35.3
149.4,47.4,83.1,75.0,86.5,47.2,32.2,26.3,31.9
157.9,52.5,89.5,76.2,87.8,50.0,33.5,28.6,32.1
156.3,58.2,90.0,83.0,92.5,51.4,36.3,29.4,32.3
159.2,45.7,83.6,63.7,86.0,50.1,32.7,26.4,34.9
148.2,47.0,85.3,70.7,86.5,49.9,32.7,27.6,31.4
156.9,55.1,90.2,82.6,87.7,48.5,32.6,30.3,33.7
159.0,71.4,94.6,93.3,103.2,59.1,39.0,33.9,34.9
158.3,75.3,101.0,97.4,107.0,64.8,37.7,35.8,33.5
161.2,48.0,81.6,64.6,87.1,49.8,32.5,26.4,33.6
165.5,88.0,106.9,101.4,110.5,68.3,42.1,37.3,34.8
156.3,64.6,89.7,75.8,105.6,64.9,38.1,31.3,34.8
158.0,55.8,82.0,79.5,92.2,53.5,33.6,30.2,33.5
162.2,52.6,85.5,74.9,90.5,54.6,33.5,26.0,32.7
149.2,49.9,81.2,71.6,89.5,52.4,33.0,26.7,32.0
160.4,56.5,81.2,71.8,97.3,58.6,37.1,27.5,34.7
174.4,59.6,88.7,68.6,97.0,56.3,35.5,30.5,34.5
168.5,57.5,82.1,73.6,94.4,57.4,34.5,27.0,33.0
159.3,50.9,84.6,68.0,90.0,54.4,34.5,27.1,34.9
153.8,53.7,86.7,84.0,91.2,53.5,32.8,28.6,32.3
163.5,65.7,94.1,91.4,99.6,58.5,36.1,30.4,32.1
157.2,52.9,84.4,69.6,94.5,55.4,35.7,28.2,34.0
165.2,62.5,95.4,77.6,93.0,57.5,35.7,31.5,37.5
170.5,70.7,99.7,93.2,91.7,51.2,36.8,30.4,37.9
170.5,74.7,98.8,86.7,99.4,61.6,38.4,33.1,38.5
170.5,71.4,100.1,88.5,94.4,56.4,37.4,32.8,35.7
183.4,68.0,99.0,68.9,90.0,52.7,37.1,30.1,41.0
175.2,69.5,93.8,82.3,93.1,55.7,38.0,34.2,38.1
170.0,46.5,79.6,61.2,80.9,46.3,32.5,25.4,36.6
172.1,77.4,102.1,89.3,97.4,59.5,39.0,32.9,38.9
174.3,74.2,102.2,82.8,97.7,60.2,36.8,32.2,40.4
173.3,85.8,102.8,97.3,100.1,60.9,41.5,36.7,39.4
164.0,76.5,98.8,93.1,100.3,61.0,40.4,33.6,36.0
169.5,72.9,98.8,83.5,97.0,59.3,39.0,36.0,38.4
164.2,54.7,90.4,72.4,85.4,51.5,35.2,29.3,36.5
168.0,67.9,95.7,88.3,89.7,51.1,37.5,31.2,37.3
177.1,88.6,103.7,100.2,102.1,62.0,41.7,35.4,36.8
186.3,96.9,106.5,99.1,106.4,64.4,43.0,36.7,49.4
178.0,79.4,101.5,89.8,99.1,57.6,39.0,32.0,39.8
179.1,88.9,106.1,97.5,101.2,65.7,37.6,35.6,35.6
173.5,73.7,101.4,87.3,95.4,57.5,37.1,33.1,39.5
173.2,75.7,102.1,88.6,101.0,62.3,36.4,33.4,41.0
180.2,87.1,104.5,94.9,103.8,63.6,39.6,35.9,41.0
160.5,63.8,96.4,81.2,91.0,55.6,35.7,31.4,36.6
170.0,75.2,102.9,92.8,93.2,55.3,38.9,34.9,37.7
166.2,58.0,88.0,74.0,90.9,54.0,35.5,30.2,37.0
165.2,62.9,93.8,86.1,91.4,50.4,34.0,30.5,35.5
179.0,74.6,98.6,82.5,99.6,59.0,40.0,31.7,41.3
184.4,70.3,95.1,74.1,90.1,53.5,36.6,30.2,42.7
176.1,75.3,99.5,91.4,99.4,59.5,37.8,31.5,40.0
181.2,76.4,111.8,81.5,93.8,56.0,37.5,35.0,42.4
172.8,71.5,107.9,77.6,94.6,54.6,38.2,33.4,42.6
187.0,104.1,111.6,101.8,111.0,67.6,44.1,37.2,43.3
185.5,80.2,99.6,81.6,96.7,58.2,40.8,33.0,40.6
173.1,68.8,97.9,86.3,90.7,53.7,38.3,30.0,38.8
170.2,95.4,112.3,105.9,108.7,66.1,43.6,41.4,41.8
176.7,75.6,93.4,83.7,102.0,62.7,39.7,34.5,36.8
169.5,65.6,97.7,76.0,94.1,57.4,34.5,32.3,38.9
179.2,84.7,106.4,88.0,105.0,62.3,38.9,33.3,38.3
188.1,93.9,108.3,92.5,103.9,61.8,41.6,36.3,39.8
173.7,83.3,102.4,91.9,102.0,61.4,41.6,33.2,40.6
169.6,71.9,102.7,80.6,94.6,58.7,38.0,33.0,38.3
178.0,97.8,118.5,95.7,107.8,68.0,44.3,37.3,43.3
162.7,78.6,102.2,90.9,107.9,65.2,39.6,37.0,34.6
162.4,52.7,83.3,67.6,92.2,50.9,32.3,29.0,33.8
151.1,51.4,86.7,79.8,86.4,48.4,32.0,27.9,33.5
153.1,54.3,89.3,78.8,90.2,50.8,34.5,29.2,33.7
153.4,52.5,87.2,79.2,91.9,52.8,31.8,27.5,31.6
160.9,55.4,87.9,78.2,91.5,50.5,32.6,29.3,32.3
157.2,55.1,86.6,76.3,94.4,55.9,35.0,29.0,35.2
147.5,54.3,83.3,80.5,90.8,53.6,35.5,29.0,32.7
161.4,50.9,80.9,61.4,87.3,51.8,36.4,25.0,35.5
163.3,64.8,92.8,88.2,96.1,54.1,36.0,30.3,36.6
157.6,73.7,101.1,94.4,99.2,58.6,36.8,32.1,35.2
155.3,60.5,94.2,84.2,94.1,54.9,36.7,29.8,33.1
156.3,62.1,92.9,83.9,94.9,56.6,37.3,30.2,34.4
162.2,61.5,91.3,79.8,92.5,54.9,38.4,28.3,35.4
165.2,63.3,90.2,80.4,96.2,55.8,34.5,30.5,37.5
156.7,70.9,95.8,95.1,94.7,56.1,34.5,33.1,33.3
158.5,54.9,84.9,75.3,94.8,55.6,34.1,27.1,34.3
167.8,69.4,89.7,75.9,107.1,62.7,38.0,31.1,36.4
154.3,49.1,83.3,69.2,89.0,51.3,31.7,27.1,33.2
153.7,58.2,91.1,80.8,91.0,48.9,32.9,31.6,35.0
158.0,45.3,78.8,63.8,87.9,49.5,32.5,26.2,32.8
149.4,54.4,88.3,77.9,93.8,54.7,33.7,28.9,34.3
157.8,43.2,78.2,61.0,87.9,49.8,29.8,25.4,32.1
167.6,57.6,89.5,66.4,93.4,55.4,34.3,29.5,34.9
161.6,54.9,85.4,71.4,90.1,52.5,33.3,27.9,33.4
171.4,70.1,92.7,77.5,100.9,61.8,38.0,29.6,35.3
166.4,61.6,90.2,80.3,94.5,54.6,35.3,29.6,35.6
157.1,54.9,88.3,75.3,92.9,52.0,35.2,27.5,35.7
151.6,53.2,86.8,77.3,93.8,55.8,33.1,29.8,32.5
163.2,56.7,87.4,76.7,94.5,54.6,35.7,37.6,34.0
153.8,50.8,84.5,70.8,89.0,55.1,34.3,26.1,34.6
162.3,53.4,85.0,71.5,91.8,55.1,34.3,27.1,35.1
156.2,78.8,102.0,97.8,106.5,63.8,38.5,35.0,36.0
161.0,56.0,86.6,74.6,96.8,53.5,33.0,29.6,35.5
157.1,47.8,78.4,68.0,90.8,50.6,33.0,24.7,33.7
156.2,41.2,75.8,62.5,83.5,47.1,31.5,23.9,31.3
161.7,57.2,92.3,80.5,91.9,52.0,33.4,28.0,35.0
152.1,55.2,91.2,80.2,93.2,54.2,34.5,31.2,32.2
156.3,62.0,94.0,84.2,94.4,55.1,36.1,30.6,34.5
155.0,55.7,92.0,83.5,89.7,48.5,33.7,29.5,35.7
156.0,52.0,82.4,75.5,90.5,53.0,36.5,26.9,33.6
156.6,55.9,89.0,84.6,91.5,52.8,32.3,29.3,34.3
156.6,63.2,96.2,84.4,95.3,53.3,35.2,28.5,37.0
159.1,52.6,82.8,68.3,91.8,55.8,34.3,28.0,35.1
153.1,55.4,92.0,77.5,90.7,55.6,33.6,29.6,35.4
150.9,55.8,92.2,78.2,91.1,53.5,35.8,28.9,33.9
167.9,66.1,90.8,77.4,103.9,62.1,39.3,31.1,37.5
160.7,72.2,93.4,83.3,108.2,66.5,40.1,32.2,37.4
157.2,48.4,81.4,69.5,84.5,51.8,33.4,26.1,34.0
159.4,62.1,89.3,81.2,97.8,57.7,34.8,30.2,35.0
155.4,53.8,84.6,66.8,96.0,59.0,36.6,26.5,34.3
167.3,74.6,105.7,83.4,96.9,60.6,39.1,36.3,35.8
178.1,65.9,100.1,74.5,89.7,52.0,35.1,31.6,41.7
166.5,62.5,93.9,83.4,88.0,50.8,36.2,29.0,35.3
174.6,66.4,95.0,75.8,94.7,55.5,37.5,30.8,40.4
179.0,72.6,97.3,85.2,94.1,55.3,37.2,31.5,40.5
176.5,71.8,100.7,79.4,95.9,58.6,36.6,33.9,43.4
161.0,72.9,97.8,93.9,95.0,55.2,38.5,32.0,35.2
172.2,74.6,99.1,91.4,96.6,57.8,38.5,31.7,37.0
173.0,79.3,107.2,82.2,100.1,60.9,41.1,35.7,41.6
173.5,73.8,102.3,84.5,99.4,61.6,38.2,33.8,39.3
174.9,83.0,105.4,91.7,100.8,62.5,41.4,31.6,41.3
172.1,60.5,89.2,84.7,88.6,49.6,33.1,29.4,37.5
171.9,71.6,97.2,85.4,94.1,57.1,36.9,34.3,38.6
174.8,65.9,97.3,74.8,91.6,54.0,35.8,30.3,38.9
185.6,68.4,96.3,74.4,95.2,54.8,34.2,30.3,42.1
178.5,74.3,93.0,86.5,97.5,60.4,39.8,30.3,40.3
175.2,62.4,93.8,73.4,94.5,53.5,33.5,28.9,37.3
172.4,71.5,98.2,79.8,93.2,56.6,38.0,33.8,38.0
185.3,72.9,99.3,75.9,95.3,56.1,35.3,32.0,39.9
159.7,62.4,92.8,84.3,89.6,51.6,38.2,29.9,37.3
161.0,62.9,95.5,84.8,93.3,51.0,33.9,30.3,37.9
171.1,74.5,102.0,80.9,96.4,60.3,39.7,34.1,39.4
167.7,76.8,104.1,96.8,99.4,56.5,35.5,31.2,39.3
182.0,62.6,89.6,69.5,90.8,53.4,36.2,28.1,41.0
175.6,76.0,99.7,88.3,98.1,58.6,39.5,35.6,42.4
169.4,66.7,96.9,76.3,95.8,57.3,38.3,32.9,44.1
173.7,61.4,91.2,72.8,90.1,53.2,35.1,29.7,39.1
172.8,73.6,101.8,88.3,93.5,54.2,37.8,31.7,39.3
170.2,100.5,112.4,106.8,114.0,73.1,43.0,39.7,38.9
173.2,60.9,96.1,73.3,90.2,52.5,34.7,30.5,41.9
170.4,72.1,104.9,87.9,89.9,52.3,36.9,35.3,40.7
172.3,59.3,93.9,73.5,87.4,49.3,33.2,28.5,38.6
165.7,95.0,113.6,117.5,96.3,61.0,42.5,38.3,42.5
172.3,71.7,105.0,81.1,97.1,58.5,36.6,34.0,37.1
175.0,75.7,99.4,87.5,98.1,59.1,38.3,32.4,39.4
167.2,70.7,98.5,85.8,95.0,56.1,39.5,30.6,41.1
171.7,86.4,99.0,99.7,103.4,62.2,46.0,33.2,41.9
174.9,64.9,93.5,76.1,90.6,53.8,36.2,31.5,40.3
173.8,76.4,97.8,86.7,103.2,61.2,38.6,33.4,42.3
171.0,67.9,94.1,76.3,96.6,58.9,37.2,31.4,40.5
174.3,72.7,99.6,87.8,94.4,57.8,37.7,32.5,41.3
165.0,88.7,105.1,104.3,108.2,68.0,40.0,36.2,37.5
163.5,64.1,92.0,78.1,100.0,57.5,36.1,30.0,36.4
165.3,53.6,83.9,70.8,90.7,52.2,34.5,26.0,36.5
160.5,60.7,92.3,81.4,92.9,54.3,34.7,30.3,37.0
154.7,53.8,91.2,75.8,89.9,51.5,34.2,29.3,36.1
153.8,47.5,83.1,64.5,84.7,48.7,34.6,25.6,35.4
160.3,81.3,104.6,101.3,102.3,63.5,41.5,33.1,36.3
158.0,64.6,95.5,91.0,97.6,56.2,34.5,31.2,37.4
151.8,56.0,91.6,80.6,93.8,52.7,34.6,29.7,36.7
159.7,63.1,92.4,85.6,95.0,54.8,37.1,30.1,35.3
160.4,73.2,103.1,98.5,102.2,57.7,35.5,33.0,36.2
148.0,50.7,88.3,75.1,86.4,48.2,33.1,29.0,35.0
152.8,67.7,93.9,78.3,105.0,61.0,42.3,37.1,36.1
150.5,52.9,84.8,77.4,91.7,54.5,36.7,29.4,33.3
151.8,53.1,92.1,81.1,91.3,51.1,32.4,29.3,35.1
152.8,53.7,91.4,82.4,85.1,45.6,33.4,29.3,34.8
159.7,55.1,86.3,75.8,94.0,53.2,34.8,28.3,35.6
158.9,50.9,82.8,69.4,89.7,53.5,34.0,26.3,36.0
163.5,58.0,84.2,75.2,98.3,58.0,35.5,28.2,36.1
167.7,63.1,87.8,74.9,101.2,59.5,37.1,27.8,36.6
154.5,56.9,84.8,74.2,95.5,56.7,36.7,29.8,34.3
149.0,54.6,86.9,81.8,93.0,53.7,35.5,29.6,36.5
160.6,61.4,94.3,79.3,93.4,56.7,34.6,30.5,37.3
146.0,58.5,88.6,89.8,91.7,57.0,36.2,30.6,32.4
147.0,52.4,84.2,78.1,91.9,56.1,34.5,28.5,33.0
158.8,58.5,90.2,81.3,92.2,52.0,34.2,29.3,36.1
164.2,64.3,94.8,81.4,96.9,58.0,34.7,31.9,37.2
157.5,54.8,86.6,72.8,96.9,55.5,35.2,27.5,36.4
158.8,61.5,90.3,82.2,95.3,58.0,33.7,32.6,34.2
152.9,43.8,81.1,71.1,85.1,47.9,31.8,25.2,35.7
154.2,51.2,84.9,77.2,85.3,48.7,31.1,27.5,35.4
163.0,55.4,88.8,75.6,92.4,54.2,34.6,29.5,34.5
155.2,58.1,91.6,78.7,94.0,53.5,34.6,29.0,34.8
161.1,53.8,82.0,66.0,95.4,56.3,36.2,26.2,34.6
156.0,46.1,82.1,67.6,84.0,48.8,31.7,25.4,35.0
170.0,66.7,89.2,77.5,101.0,62.8,36.7,30.9,38.2
162.0,57.2,84.5,73.2,97.5,59.9,33.7,30.4,37.8
156.9,47.2,86.4,67.8,86.7,51.6,30.8,26.2,34.1
162.6,63.9,100.0,82.8,98.8,57.5,34.5,28.0,37.3
158.5,60.6,91.1,81.0,95.4,53.3,35.5,31.2,34.7
164.0,79.5,102.5,92.0,107.7,66.1,40.5,32.7,37.3
157.4,53.2,83.3,68.6,92.5,54.3,36.3,26.8,33.2
160.7,58.8,88.1,80.2,94.0,55.2,34.6,30.0,36.5
155.0,58.8,91.1,84.8,95.4,55.9,34.9,28.2,33.1
154.6,56.6,90.2,84.9,88.7,48.9,34.1,29.3,35.9
147.4,61.2,94.1,91.5,93.2,54.7,36.2,31.3,37.2
163.5,58.6,88.0,77.8,92.2,51.9,35.7,27.3,38.5
156.4,57.4,89.2,73.9,94.5,56.7,34.5,29.0,35.0
160.4,49.6,83.2,65.0,91.6,54.4,32.0,26.7,35.8
160.3,56.1,85.7,68.7,94.8,55.0,36.0,27.3,34.4
152.8,51.9,89.1,74.3,89.7,51.8,33.4,30.3,34.7
151.9,48.1,83.7,71.2,89.2,53.7,33.2,26.0,35.3
165.7,57.3,87.0,73.9,94.9,54.4,35.9,28.9,38.1
165.4,77.8,97.2,82.9,106.1,64.2,42.9,34.7,37.7
158.0,54.2,82.1,70.4,94.6,55.2,37.8,26.0,34.4
160.6,53.5,86.9,68.1,97.0,55.5,32.8,27.8,35.7
161.0,65.0,89.9,80.5,102.5,62.6,36.9,30.0,36.3
159.8,68.4,96.2,87.4,101.2,59.8,37.7,32.4,36.4
159.6,65.5,94.2,83.8,92.6,54.7,36.9,31.6,37.5
153.0,62.0,88.4,83.8,95.8,57.9,37.0,30.8,35.4
163.1,74.0,97.7,85.0,105.8,64.6,39.2,34.2,36.5
162.8,79.5,104.9,102.1,104.4,62.4,39.1,36.1,37.8
166.3,80.7,103.7,96.6,108.5,64.0,39.0,32.8,36.8
156.9,58.5,90.8,83.0,93.1,55.4,33.7,28.3,35.0
173.0,66.9,90.4,82.4,95.3,53.1,36.5,29.2,37.5
157.5,70.9,97.8,91.9,103.2,63.8,35.9,33.2,38.5
156.0,67.5,95.4,88.0,101.2,62.5,38.4,32.8,32.9
163.7,73.6,98.4,83.9,105.8,65.3,41.6,33.0,39.7
161.0,60.4,93.4,79.1,94.2,54.7,35.0,30.9,35.2
156.9,66.9,96.3,87.0,95.7,56.3,36.3,31.2,36.3
150.5,64.5,94.6,93.6,98.7,58.5,37.5,32.0,35.9
158.2,50.8,83.0,74.6,90.1,51.9,32.9,27.3,35.3
162.8,70.4,94.4,88.1,101.6,60.2,36.6,29.3,38.4
154.6,57.3,90.9,81.2,90.9,49.6,35.1,28.3,34.1
162.8,68.7,94.9,84.1,101.5,59.8,37.5,31.9,39.4
163.8,51.1,83.5,66.2,93.4,53.8,34.1,24.5,35.8
158.8,46.6,85.1,69.8,85.3,46.1,28.8,26.7,35.8
156.6,65.0,97.1,80.5,100.0,60.2,36.2,31.4,38.0
165.6,63.8,92.4,76.7,97.6,58.2,35.7,30.0,38.0
161.4,66.2,96.2,85.0,100.6,58.5,36.2,30.2,37.5
160.3,58.4,87.4,81.8,93.3,51.1,33.6,27.5,35.4
154.9,50.8,87.9,78.8,85.7,48.3,31.9,26.9,36.7
160.5,47.6,79.6,69.6,87.4,51.6,33.3,26.9,36.9
153.5,60.6,93.0,85.7,93.7,57.1,34.5,29.8,36.2
147.0,47.2,84.4,69.8,89.6,50.9,32.1,27.2,34.7
159.1,55.7,83.0,78.2,92.6,53.3,36.5,28.5,36.4
159.9,60.1,92.1,79.0,100.3,59.7,37.0,28.9,35.3
162.2,55.7,91.1,74.2,90.3,51.7,33.6,27.6,36.3
155.0,63.7,89.9,84.0,100.4,56.7,37.1,32.0,36.7
145.9,55.7,92.2,85.5,94.8,54.3,33.5,28.7,36.0
158.4,61.0,90.0,83.3,97.3,59.9,36.0,29.5,37.4
154.5,55.3,90.1,79.5,91.3,54.4,34.3,29.0,36.0
163.4,56.3,85.8,76.3,89.6,52.7,34.6,28.9,33.3
160.6,60.4,90.9,78.7,92.6,55.2,36.5,30.8,37.2
162.6,59.5,87.0,76.7,96.0,57.5,34.8,28.4,34.8
160.0,61.0,91.5,79.5,91.7,54.2,36.2,30.2,35.6
151.2,62.3,91.4,93.1,96.3,55.8,39.2,32.4,35.8
160.2,58.0,88.5,82.3,90.8,49.6,36.5,27.7,35.1
160.2,61.1,85.2,75.6,101.0,59.4,35.3,28.6,35.8
168.3,72.4,99.2,88.2,93.8,56.3,39.0,30.8,40.3
171.3,64.6,95.9,74.6,91.9,55.2,35.2,30.5,37.9
168.5,74.9,100.1,88.2,97.6,57.7,39.8,32.8,40.6
173.1,82.3,105.9,100.1,100.1,60.5,40.1,35.3,35.9
165.0,73.0,101.1,90.7,97.3,58.0,36.3,32.9,39.5
177.5,77.6,100.6,89.2,96.5,55.7,38.9,31.3,40.8
165.2,53.6,88.4,70.7,83.7,48.0,34.0,28.0,38.9
190.2,114.1,125.2,102.9,114.8,73.3,45.0,42.7,42.4
163.4,59.2,93.3,78.6,88.8,48.8,33.9,29.3,34.9
177.1,76.7,98.5,82.5,100.0,60.7,40.5,32.1,42.5
176.9,69.7,106.8,73.6,92.7,57.3,34.9,33.5,39.6
175.3,77.1,102.2,88.8,96.9,54.7,39.4,37.2,40.8
164.0,78.2,104.1,97.8,96.6,58.8,39.2,32.3,39.8
163.8,53.1,84.2,66.7,88.7,53.2,36.3,28.1,37.2
167.4,66.6,104.1,81.7,93.6,57.4,34.5,32.7,40.9
183.1,74.1,98.4,77.6,97.6,56.3,37.3,30.6,40.2
184.2,73.1,94.1,74.3,97.4,56.0,39.0,31.7,42.6
176.0,87.6,108.8,95.3,105.7,64.0,39.8,36.0,41.9
184.0,87.7,106.6,90.2,103.3,61.2,38.7,31.9,42.3
174.2,88.6,109.3,97.2,102.9,62.0,40.8,35.3,39.7
176.5,100.1,108.5,108.2,112.2,69.8,41.3,38.4,42.8
175.6,86.1,104.2,94.3,103.6,62.4,43.2,34.5,39.9
172.2,78.0,101.4,86.6,100.6,60.5,39.3,34.9,38.5
174.6,85.4,107.3,97.3,98.0,56.2,38.3,33.2,40.0
178.6,75.8,95.4,84.2,95.9,55.4,38.2,32.4,40.4
172.0,66.2,92.7,78.2,96.4,55.5,37.0,28.9,39.9
169.6,60.8,93.8,76.6,91.4,54.3,32.4,30.3,35.0
178.6,73.4,96.7,77.3,100.3,61.0,38.8,32.6,37.8
189.1,63.7,89.8,70.6,91.4,50.5,36.0,27.2,41.7
164.0,54.8,91.1,66.2,86.3,51.4,35.4,28.4,37.9
174.1,80.6,100.2,100.2,98.3,58.1,39.5,31.0,38.2
171.2,80.0,106.8,91.4,96.6,58.9,39.1,36.8,38.1
173.8,71.5,98.6,88.0,93.1,53.4,37.5,31.0,37.8
169.5,62.4,91.9,80.8,87.9,51.9,37.3,30.2,38.7
172.0,70.0,98.4,79.3,98.6,61.2,36.9,32.5,40.8
164.2,60.2,94.2,74.0,92.2,54.5,36.6,30.3,38.3
173.4,66.2,96.5,77.6,95.3,57.1,34.9,32.0,40.8
169.8,62.3,93.2,84.6,92.1,50.8,33.6,30.1,39.1
167.0,64.1,94.6,85.8,86.0,50.0,34.5,28.1,38.1
171.0,94.2,109.2,99.0,107.8,65.3,41.8,37.6,42.6
167.2,61.5,93.4,75.5,86.3,53.4,37.4,30.2,39.8
168.0,59.9,90.0,75.2,91.1,53.8,36.7,28.0,38.2
167.0,70.0,98.4,91.6,91.0,56.2,37.2,29.9,40.4
177.5,92.8,107.9,99.1,103.5,63.5,40.3,34.5,40.6
173.3,61.4,95.2,76.5,88.3,51.8,34.1,28.2,39.5
166.9,67.8,98.0,86.5,95.0,52.7,37.5,30.5,40.5
182.1,84.9,106.7,95.3,101.4,62.2,39.1,33.3,42.2
174.7,71.8,100.3,82.2,98.0,58.0,37.0,30.5,36.9
185.6,83.3,104.7,86.6,102.8,59.3,36.7,34.5,42.4
164.9,51.1,87.9,70.2,84.7,48.0,32.6,25.0,38.3
173.4,68.6,97.4,82.7,94.4,54.8,37.7,30.0,40.7
167.7,56.2,86.0,75.6,89.6,53.8,34.2,27.1,37.4
164.4,65.7,91.7,81.7,101.8,60.4,37.3,29.8,38.5
167.3,59.2,88.4,76.0,95.7,56.7,33.3,28.1,36.7
167.7,61.6,85.7,76.7,97.6,56.3,38.1,29.2,37.9
153.8,69.2,96.9,91.3,97.7,60.6,39.1,31.1,36.7
162.0,51.7,80.0,66.4,90.9,48.9,36.0,24.7,36.3
155.6,63.6,94.9,88.3,95.9,55.1,36.3,30.2,37.0
157.2,58.3,89.1,85.9,92.6,55.2,33.8,28.1,33.6
156.3,49.5,84.4,71.3,86.5,50.1,31.8,27.3,35.2
165.0,62.4,89.2,84.1,94.5,57.2,35.8,29.9,37.7
150.7,54.6,93.7,81.6,89.5,52.5,32.5,30.5,36.4
161.5,56.3,86.4,74.6,89.7,52.4,36.7,27.3,35.0
160.2,51.4,80.8,67.4,93.2,55.8,32.7,25.9,35.4
157.8,47.6,81.0,62.8,85.1,51.5,33.7,26.1,34.9
160.7,41.0,71.9,60.2,85.1,47.6,30.5,23.8,32.4
152.5,51.5,85.0,76.8,91.1,53.8,32.4,28.9,31.7
156.0,65.3,88.6,85.4,97.8,60.1,40.2,30.4,36.9
161.0,51.0,86.2,69.2,86.7,50.4,32.8,27.1,35.6
149.0,45.4,80.7,70.6,86.0,52.0,33.3,27.4,33.3
165.4,58.5,86.4,73.1,93.5,55.7,34.5,29.8,36.2
166.3,54.9,81.5,71.0,93.6,55.8,33.9,26.8,37.4
162.4,51.4,81.2,71.2,90.6,52.3,34.6,25.2,33.8
159.1,49.5,84.0,71.1,84.3,50.0,32.0,26.2,35.5
149.5,46.9,85.6,74.3,82.2,45.4,30.3,26.5,34.8
162.2,50.0,83.9,69.4,89.2,48.4,32.4,26.3,35.1
151.0,59.1,92.6,80.7,97.7,59.4,34.5,30.5,35.3
154.6,79.5,102.3,99.6,104.7,65.9,39.1,35.9,35.4
170.0,67.3,88.7,81.7,101.1,55.2,38.5,29.1,38.0
155.0,70.7,98.4,93.9,100.2,61.3,37.7,33.2,37.6
157.7,63.3,91.3,80.3,104.6,62.2,36.0,30.7,35.8
162.6,59.0,91.3,78.6,92.3,56.1,34.2,28.6,35.4
152.6,57.7,91.4,79.5,92.5,53.5,34.1,29.0,35.1
156.0,67.8,96.3,89.6,98.0,57.7,38.2,32.7,35.5
157.1,55.2,90.2,83.5,90.1,52.9,34.2,28.6,36.2
156.3,51.9,87.0,80.5,84.7,48.3,32.8,28.9,34.7
153.6,52.8,84.7,86.3,89.0,53.8,34.3,30.0,33.7
149.1,56.5,87.8,79.4,94.5,58.7,34.6,31.0,34.2
157.0,49.0,84.3,73.0,89.9,52.2,33.4,26.1,34.7
156.7,57.0,90.1,81.8,94.8,56.8,32.9,28.6,36.1
153.2,62.4,93.0,89.9,92.2,54.2,36.3,30.3,35.0
160.1,62.3,92.0,87.0,91.9,55.8,34.0,30.5,35.0
156.3,54.4,88.8,78.1,93.7,53.8,32.0,29.2,37.2
153.7,63.8,92.7,92.2,93.1,55.0,37.1,30.5,36.9
153.6,51.5,84.0,78.5,86.7,48.4,33.0,26.4,37.2
169.9,76.5,98.2,88.2,108.5,63.7,38.1,33.1,37.9
155.5,75.8,98.2,91.3,107.4,65.1,40.2,34.5,37.1
162.5,61.4,89.5,83.3,99.3,57.8,37.2,28.3,36.2
167.9,70.1,93.4,85.4,97.7,59.3,37.5,34.2,37.3
168.2,82.4,99.9,93.7,107.0,66.9,41.1,35.6,38.4
178.7,82.9,103.9,84.1,101.1,59.5,42.8,34.3,41.8
171.5,71.5,100.4,81.4,96.4,58.5,39.1,33.3,38.7
174.8,70.1,94.9,83.6,95.0,54.5,39.0,31.1,40.7
172.2,80.2,104.2,95.6,102.2,59.7,39.4,33.0,42.2
177.0,90.8,109.5,98.7,109.3,67.7,41.3,36.2,42.4
170.2,69.9,99.5,79.3,99.8,59.1,37.2,32.9,41.1
163.2,62.2,94.0,77.5,92.3,58.7,36.8,39.8,37.4
172.7,74.3,99.4,89.8,99.1,59.0,37.0,33.8,39.9
170.2,97.9,109.6,100.8,108.8,68.6,47.3,37.5,40.4
182.5,79.9,99.9,82.3,98.3,60.7,43.8,31.2,41.4
170.4,73.0,103.1,90.6,93.9,54.6,36.5,31.4,39.9
175.1,84.8,106.5,87.4,101.6,63.3,40.7,35.6,41.9
170.6,69.9,100.5,81.2,93.2,57.0,37.3,33.1,39.7
176.4,93.0,116.9,99.8,106.6,66.2,40.1,35.8,41.7
174.9,71.4,100.1,81.8,98.7,60.2,37.1,32.3,40.3
167.0,84.0,109.4,95.7,101.2,63.0,39.2,34.8,38.7
170.8,67.8,101.1,86.1,94.4,53.7,34.7,37.1,42.0
173.9,79.5,105.2,90.2,96.3,57.2,39.8,34.5,41.2
176.8,101.7,115.9,101.9,107.7,69.1,44.7,40.0,43.3
176.4,66.9,93.7,80.3,93.2,54.5,36.7,37.4,41.0
175.0,72.2,97.7,83.0,95.2,56.6,36.1,31.5,39.4
174.4,75.0,99.2,82.0,101.2,60.6,40.2,33.6,39.3
168.4,62.3,92.3,82.0,90.3,53.3,35.5,30.3,38.7
165.0,58.0,91.3,80.9,87.7,50.8,31.4,30.1,39.8
169.0,76.3,101.3,93.6,101.2,61.2,37.6,33.3,40.7
169.8,73.3,99.4,85.0,95.7,59.5,37.8,34.3,40.8
179.9,72.2,96.5,75.7,97.1,58.9,39.2,31.1,41.4
160.0,57.3,91.8,83.6,89.6,51.8,33.7,29.0,37.3
167.7,69.7,97.4,87.4,91.9,54.0,37.3,29.5,39.8
160.7,61.3,95.2,82.2,90.5,51.8,35.2,29.3,37.1
164.0,66.2,93.8,88.4,91.2,52.0,38.5,30.5,37.3
173.4,71.6,93.3,93.6,93.1,54.7,38.0,31.0,40.4
167.0,55.4,87.2,75.3,88.7,48.3,31.3,27.2,37.8
185.5,114.2,108.3,114.8,115.9,75.7,45.4,38.5,42.8
163.4,64.9,92.7,79.8,93.1,58.3,40.2,31.9,37.3
181.5,72.6,99.0,84.2,97.5,55.4,35.2,30.9,39.5
162.0,66.7,95.0,89.0,90.7,53.0,37.3,30.2,38.3
172.6,74.1,105.7,77.5,96.3,58.9,40.8,34.0,40.1
180.3,68.6,93.5,81.4,90.9,52.3,38.3,28.5,38.8
162.8,63.7,94.1,86.0,94.1,55.3,35.5,31.3,37.5
169.7,78.5,102.0,96.1,99.6,56.2,39.2,32.4,39.8
179.6,65.3,92.6,77.5,91.5,54.7,35.5,29.3,42.4
168.0,73.3,97.0,96.2,90.2,55.2,36.6,32.0,39.7
168.0,69.3,97.4,81.0,94.6,57.8,37.7,32.0,39.0
162.3,60.6,94.6,75.2,92.3,54.6,36.4,30.9,37.5
171.1,71.5,96.1,85.9,99.2,57.3,37.8,31.3,40.3
159.2,56.6,89.1,79.5,92.5,52.7,34.6,28.8,35.6
160.1,69.1,98.5,88.2,99.5,62.3,39.3,33.0,35.9
171.1,55.5,85.2,71.3,91.7,52.1,33.0,27.7,37.5
157.8,65.3,94.3,87.3,102.9,61.0,34.0,31.5,35.8
164.2,55.7,88.4,72.4,94.0,53.2,33.0,28.0,35.4
159.1,56.7,84.6,80.5,93.4,56.3,33.0,28.9,33.6
159.3,54.9,86.8,71.6,92.2,53.5,36.0,28.1,35.0
155.5,54.6,88.6,75.8,88.7,50.5,33.5,29.5,35.4
161.6,58.2,90.7,78.5,93.7,53.6,34.3,28.3,34.8
160.7,53.2,80.6,71.0,93.0,54.3,34.8,27.5,33.3
159.2,52.2,82.8,73.4,92.4,54.8,33.4,27.3,34.0
151.9,59.2,92.8,85.4,93.3,56.8,34.5,30.4,35.4
157.2,63.5,95.2,84.5,94.9,56.2,37.1,30.7,34.7
160.3,70.0,97.4,88.0,98.4,59.5,36.9,32.7,36.2
164.8,69.4,99.8,83.5,103.0,60.2,38.7,32.5,37.8
162.6,58.2,86.8,74.0,97.2,57.2,36.8,29.0,36.6
160.6,55.4,90.0,78.9,96.8,49.2,32.5,27.6,34.6
158.1,67.4,96.4,81.7,100.8,61.9,37.8,33.5,35.1
166.2,66.2,91.2,82.8,95.5,58.4,36.3,29.5,36.8
157.7,56.1,85.4,65.2,94.9,56.8,36.6,27.2,36.0
157.7,57.9,89.4,76.6,93.2,53.0,36.0,30.0,37.1
157.1,56.5,83.7,69.5,93.3,55.7,38.1,28.7,34.9
167.0,76.8,97.3,88.1,101.4,63.6,39.8,32.8,35.6
160.8,62.3,89.7,78.7,100.8,60.2,37.0,29.1,35.7
160.0,49.0,82.6,67.2,86.5,50.8,34.5,26.4,33.3
158.0,62.5,91.2,84.6,93.3,53.8,38.3,30.5,37.1
160.6,57.2,88.1,74.8,95.9,58.3,36.6,27.2,36.4
168.1,68.9,91.4,82.4,103.6,62.1,38.3,31.0,38.3
163.9,58.9,87.8,75.1,90.6,53.9,35.1,27.1,35.7
164.3,55.4,84.8,69.3,92.0,53.1,35.8,26.8,35.5
160.3,52.2,82.3,73.6,90.6,53.0,33.5,26.4,36.4
155.8,60.7,92.0,81.8,94.9,56.8,37.2,30.1,36.5
150.7,58.9,87.1,82.3,95.3,59.2,35.1,29.3,33.6
157.4,51.4,84.7,76.5,88.2,51.5,32.0,26.0,33.0
159.7,59.4,90.0,77.0,89.9,54.7,35.3,29.8,37.0
156.3,52.8,86.1,75.6,90.2,50.0,35.6,26.9,35.8
163.5,63.2,88.7,80.4,97.1,59.5,37.4,29.5,35.5
157.1,56.2,85.8,73.7,89.7,54.3,35.0,28.5,33.6
161.3,63.1,93.0,86.3,95.1,55.1,33.5,30.2,37.8
161.8,53.3,85.3,72.0,92.2,53.0,33.4,25.7,36.3
168.2,62.5,91.5,83.3,96.3,57.7,34.8,28.3,38.4
159.8,52.1,86.5,70.7,90.0,55.0,33.6,28.1,35.1
157.9,59.8,89.9,74.0,98.5,57.9,37.2,28.2,34.3
154.4,51.1,81.6,74.3,91.1,56.7,34.4,26.0,31.4
162.2,52.9,84.1,67.7,93.1,54.2,35.6,37.2,36.4
158.2,43.3,78.6,59.2,85.7,48.1,32.7,24.0,36.3
165.1,60.5,86.7,68.1,96.6,57.1,37.8,26.7,38.3
147.7,51.2,81.5,76.4,89.2,52.2,33.7,27.9,33.6
152.6,38.2,75.4,62.2,80.2,44.2,27.5,22.0,33.6
160.0,73.9,99.2,92.4,105.8,65.0,38.0,32.9,36.1
159.8,50.0,79.6,67.8,91.6,53.5,31.2,29.4,33.1
172.4,68.6,98.6,82.5,94.4,55.5,38.7,30.4,39.7
187.1,95.3,110.7,98.5,103.2,63.0,41.7,35.3,41.4
164.9,51.2,82.9,73.7,83.7,46.2,32.4,25.4,37.5
168.5,73.9,102.8,91.9,97.5,57.9,39.7,37.5,41.5
169.0,62.1,91.7,77.8,89.6,52.7,34.2,29.7,37.7
172.6,75.5,100.2,82.6,99.8,62.8,40.8,33.2,41.1
168.0,78.8,105.7,93.6,96.2,60.8,41.2,34.0,38.3
168.5,58.7,95.0,80.8,86.4,50.2,35.0,29.9,39.2
185.2,90.5,114.2,88.6,101.3,61.9,40.2,37.9,43.4
163.5,110.5,115.2,121.4,122.1,79.8,44.8,40.9,39.3
173.2,69.8,98.8,81.9,91.1,52.5,36.1,32.5,39.9
175.2,75.0,99.2,87.8,96.2,57.4,39.1,31.7,41.6
173.0,67.0,99.5,81.4,90.2,52.0,36.0,28.9,40.4
174.7,72.3,97.1,84.8,93.3,57.4,38.3,32.3,40.9
170.2,65.4,93.4,77.9,94.9,56.1,36.9,30.5,39.1
166.3,63.3,97.5,79.0,92.7,56.1,37.5,32.0,39.4
174.5,72.3,98.2,81.5,98.6,59.6,38.4,31.2,39.9
174.3,76.0,103.2,84.1,100.6,61.7,37.7,33.4,36.7
172.7,64.2,97.8,81.1,92.2,54.0,34.3,29.2,40.2
170.1,68.8,100.3,83.2,96.6,55.4,37.1,31.6,41.5
180.6,124.7,125.2,124.7,117.1,74.0,46.7,43.9,45.1
168.5,77.5,104.6,91.2,99.5,60.7,38.7,32.1,40.7
169.3,67.7,90.8,87.9,96.5,57.3,39.1,30.3,38.6
177.1,85.5,102.3,96.2,101.0,62.8,40.3,33.9,40.6
168.5,70.6,102.2,80.4,96.3,59.8,37.7,35.2,39.1
173.0,83.4,110.2,90.5,102.6,60.8,39.1,35.1,41.8
176.8,94.7,109.3,97.1,107.4,68.2,44.0,36.7,40.7
169.5,77.9,101.5,88.3,99.1,60.4,39.5,31.4,39.5
176.5,88.6,101.8,98.9,99.3,62.8,41.5,36.5,40.7
173.0,78.9,102.3,83.2,99.5,62.0,40.7,33.0,41.8
173.4,79.3,103.3,91.8,100.9,61.1,37.7,33.6,41.3
174.5,71.7,95.8,83.6,96.1,54.5,38.5,29.2,39.5
159.6,74.3,102.6,98.3,93.3,57.4,39.3,32.3,37.8
167.5,63.3,96.3,84.0,88.7,54.3,35.3,30.7,38.8
173.0,72.7,101.7,86.9,91.8,56.9,38.7,31.3,40.8
165.4,59.2,93.4,76.9,89.3,52.7,34.2,29.0,39.2
180.3,78.0,105.4,88.1,94.5,56.4,37.1,33.7,38.2
168.5,69.0,99.1,91.5,94.3,55.8,36.3,31.2,38.4
171.5,72.7,100.0,81.7,94.9,59.4,39.5,32.8,36.5
168.5,83.8,100.7,99.3,106.4,66.4,42.4,35.1,36.4
173.3,82.8,105.0,95.2,98.0,58.7,39.1,34.0,38.4
171.3,65.2,99.5,78.5,91.3,56.4,35.0,33.7,39.7
176.7,77.2,101.0,86.7,97.4,57.9,37.8,33.3,41.7
182.6,91.6,108.5,99.4,107.7,65.6,38.6,38.4,41.7
171.3,73.0,100.9,89.7,94.7,56.8,36.1,33.2,41.0
172.7,72.9,104.2,89.0,94.4,55.2,35.5,35.9,40.4
170.0,62.6,98.6,76.3,87.5,52.4,34.2,31.8,40.5
178.4,93.7,107.8,101.7,106.1,64.5,42.8,34.9,39.3
158.7,51.2,87.7,74.0,89.7,50.3,31.6,26.9,34.4
161.5,47.6,79.8,67.0,93.1,50.7,31.8,26.1,36.1
158.0,66.1,96.3,92.1,99.9,60.0,36.7,32.7,37.0
156.3,50.0,84.0,71.7,87.3,52.1,33.0,27.5,35.7
149.3,64.2,91.8,90.4,97.8,59.3,36.9,31.0,33.7
162.9,65.2,94.7,83.2,97.1,56.9,37.3,29.8,36.7
140.4,54.2,90.2,80.6,93.1,55.8,33.7,30.4,32.4
164.8,63.5,90.2,78.9,100.4,60.3,38.0,33.2,35.9
162.8,59.8,86.7,74.4,94.3,58.4,38.3,29.1,36.1
169.5,53.2,83.8,67.2,92.5,51.4,33.9,25.7,36.1
166.0,82.5,101.4,92.1,109.3,69.7,40.1,34.5,36.6
156.9,57.5,92.2,79.2,89.7,54.9,34.4,28.8,35.2
161.4,56.8,88.3,79.5,90.4,52.8,33.7,28.1,35.2
162.2,58.9,89.2,81.9,96.5,56.1,33.4,29.3,35.1
163.6,68.0,96.2,87.4,104.3,63.3,37.9,30.1,36.4
158.4,55.0,90.7,76.4,89.9,53.1,32.8,31.0,34.6
158.1,55.9,97.3,79.7,89.6,50.3,33.6,29.0,33.7
152.0,57.6,89.9,88.3,93.0,52.7,33.7,29.6,34.9
160.3,52.6,84.2,70.7,95.3,55.5,32.5,26.1,35.6
160.5,56.5,90.1,80.8,92.5,50.0,33.0,27.9,35.4
165.3,50.3,85.6,67.4,87.8,51.7,32.3,27.6,37.0
167.2,70.5,94.3,84.4,99.5,61.2,37.8,33.8,37.8
168.3,60.7,88.4,81.2,96.5,58.3,36.1,28.4,37.4
155.0,53.5,84.3,73.9,91.7,54.0,38.4,29.3,35.8
165.0,53.0,85.6,70.3,94.4,52.7,31.7,27.1,36.7
166.4,58.3,86.3,72.2,93.8,57.7,35.0,27.2,37.6
166.6,63.1,90.6,75.6,99.0,60.0,36.1,28.5,36.6
153.7,55.0,88.8,78.8,89.4,54.9,34.1,28.1,35.1
152.5,56.2,91.9,81.6,90.8,50.5,33.5,28.7,35.5
167.3,55.4,85.0,72.3,94.1,53.4,34.4,25.4,36.2
163.8,62.3,86.7,78.3,101.6,61.3,37.9,28.2,37.2
157.6,47.3,79.3,69.9,87.6,53.8,31.8,26.2,34.3
150.2,54.0,87.5,84.7,88.0,51.4,34.1,29.3,34.0
155.7,53.3,83.5,75.9,93.2,54.0,33.6,26.9,34.4
154.6,52.1,87.3,71.9,89.4,51.7,34.3,28.0,35.6
156.2,52.8,84.9,71.4,94.3,55.2,33.5,28.0,35.4
167.7,57.4,85.4,71.4,95.1,55.0,36.4,28.3,37.3
167.4,71.3,96.6,86.8,99.5,60.3,38.6,32.1,37.8
153.6,58.7,91.4,88.6,88.8,53.0,32.4,31.0,35.6
165.4,57.8,83.4,75.2,95.7,58.7,36.4,28.1,35.9
163.2,57.2,85.0,75.8,95.5,53.1,34.6,27.7,37.0
155.8,57.4,83.0,74.4,101.0,60.8,38.6,28.0,34.5
157.3,66.3,92.2,89.9,97.7,59.0,36.7,32.1,36.7
158.3,52.6,87.3,71.2,89.5,50.0,33.8,27.2,34.7
154.7,57.2,85.2,80.2,96.3,61.1,36.3,29.8,35.6
144.8,53.6,90.4,91.0,89.3,49.2,30.9,32.0,33.4
159.0,58.2,90.3,77.0,93.4,55.7,34.2,30.0,34.4
160.0,60.0,94.7,81.5,88.5,53.2,35.6,29.0,36.4
181.0,108.2,121.7,103.6,109.1,70.0,46.1,40.3,45.4
176.7,88.0,116.0,93.4,104.3,63.2,39.9,38.6,42.8
167.4,70.6,97.3,84.5,99.7,57.8,39.3,30.8,37.4
172.6,80.5,107.9,87.1,99.8,62.1,40.7,36.8,37.2
162.0,55.2,93.8,74.6,89.3,52.4,32.2,30.0,37.5
178.9,81.4,107.8,83.2,99.6,62.8,40.1,33.7,39.3
170.7,74.9,102.1,91.8,97.6,58.8,38.5,31.0,41.3
170.2,71.5,104.6,81.1,97.4,59.5,36.4,33.8,38.3
169.0,80.6,103.4,100.4,102.7,60.7,39.0,32.4,40.1
174.3,81.8,105.3,96.3,100.3,61.6,39.9,32.8,42.4
177.9,72.3,101.4,85.4,96.7,59.2,37.3,33.5,41.3
169.2,72.5,95.8,89.8,99.8,61.4,39.0,33.3,39.8
164.2,72.2,100.7,84.0,94.9,58.5,39.0,34.2,40.3
166.6,74.3,111.9,83.7,97.3,58.2,37.9,36.7,41.0
169.6,69.6,99.0,80.8,95.4,54.7,37.0,31.0,40.5
167.0,65.4,96.6,82.0,94.2,55.4,36.6,29.5,40.0
176.3,81.0,110.8,85.8,102.7,64.2,40.3,35.1,39.8
165.2,68.3,95.4,93.2,94.0,53.2,35.3,30.8,38.1
161.3,74.5,103.9,86.0,96.6,62.2,41.2,34.7,37.3
181.0,104.8,115.1,105.1,108.9,66.0,44.8,37.5,40.8
180.5,95.1,105.8,107.0,106.8,66.9,42.0,35.3,38.4
161.9,67.0,96.3,86.4,91.0,52.3,36.7,31.0,40.1
179.4,81.2,105.8,89.8,98.2,57.7,36.5,34.5,43.4
172.3,91.2,114.9,102.8,105.1,62.7,42.1,35.9,41.2
174.6,90.6,106.3,103.0,105.7,61.6,42.5,34.4,40.9
164.0,63.9,98.6,86.1,91.6,55.1,35.0,32.5,39.3
165.7,58.3,89.0,78.5,88.4,52.0,35.3,27.6,38.9
164.1,66.5,99.0,88.2,90.9,52.7,36.8,30.4,39.9
170.1,75.2,95.9,92.0,98.2,62.0,41.0,33.5,39.3
170.5,68.8,98.7,78.9,96.0,59.3,36.0,32.4,40.5
177.2,78.1,103.2,85.0,101.2,61.5,39.3,34.3,40.5
167.6,64.4,92.6,83.3,94.0,55.4,36.3,30.6,38.7
171.2,79.8,106.2,97.7,100.1,58.9,38.7,34.7,38.0
182.4,89.4,110.6,90.5,104.0,60.5,40.6,35.0,44.1
178.9,76.9,99.8,92.7,97.2,57.8,36.0,32.8,41.8
170.7,70.6,98.5,87.4,94.3,55.5,38.3,31.3,42.6
157.2,63.4,100.8,84.5,87.5,51.2,35.4,31.0,37.6
167.0,66.2,91.9,85.6,93.6,56.3,38.1,31.9,38.4
170.2,74.2,99.7,91.8,96.2,59.6,39.6,31.2,39.4
171.2,68.9,100.6,76.6,95.4,57.0,39.2,32.0,41.2
169.2,78.6,100.7,99.5,98.0,58.2,39.1,32.0,38.6
172.6,72.3,96.8,85.3,93.8,56.3,38.6,32.7,40.8
162.8,57.0,89.8,77.8,89.5,52.7,35.6,28.0,37.2
170.9,76.2,106.0,88.7,96.9,59.6,38.1,35.0,40.5
177.5,66.1,97.6,80.6,96.0,55.6,37.0,30.1,40.5
165.0,63.2,83.0,80.6,99.6,61.2,37.6,29.6,34.9
165.0,57.0,89.4,75.3,94.9,54.8,35.5,26.2,37.4
155.0,70.3,100.8,92.5,100.2,61.7,40.7,35.2,37.0
154.8,55.4,92.6,81.7,89.3,55.3,32.7,29.7,34.0
162.2,62.4,85.1,73.1,103.1,59.4,38.4,28.3,36.9
151.7,68.8,96.8,95.2,95.8,58.5,38.2,34.6,35.2
153.8,68.7,101.2,101.0,93.5,54.3,35.8,33.1,38.0
157.3,49.0,82.2,69.3,90.3,55.4,33.7,27.3,33.4
154.3,56.2,88.2,81.9,88.9,51.0,33.7,30.8,33.9
165.7,58.2,84.9,77.8,93.1,55.6,36.2,27.9,35.0
163.6,61.0,91.8,77.2,98.1,57.6,35.5,29.7,35.8
160.6,57.3,88.6,73.1,93.0,54.1,34.5,28.4,35.4
156.6,46.7,76.7,64.3,90.3,54.5,33.4,24.2,32.6
152.1,51.4,88.0,81.2,89.0,53.3,30.9,26.3,33.1
152.0,57.4,89.5,84.0,91.8,56.7,34.8,31.0,35.3
165.7,58.7,84.9,77.8,93.6,55.8,36.2,28.7,35.6
159.9,54.5,82.2,73.0,96.6,58.5,35.3,27.5,34.7
160.9,43.9,73.4,62.9,85.4,49.9,31.7,24.1,35.5
159.8,60.4,87.7,76.3,101.2,61.2,37.8,29.8,35.7
172.5,58.6,86.3,68.9,91.6,54.0,34.3,25.8,35.9
174.9,59.0,86.3,67.2,94.9,55.3,37.0,27.6,37.8
161.9,61.7,91.0,83.7,99.9,59.3,35.5,26.6,36.1
155.0,53.2,88.5,80.1,86.5,50.8,33.7,30.6,33.8
163.7,61.0,93.4,79.7,95.8,56.1,35.5,28.4,37.5
153.7,56.7,87.2,75.4,92.4,55.9,38.1,28.4,34.8
157.0,55.4,88.2,80.2,91.8,54.6,32.5,29.0,35.3
156.2,64.4,96.0,88.4,96.5,59.0,35.5,32.0,31.8
165.4,55.3,88.7,77.1,87.8,47.4,34.2,27.2,36.9
154.0,51.6,84.9,77.6,86.6,48.0,31.7,26.8,34.2
170.0,60.8,96.0,79.8,90.2,53.3,36.0,31.7,35.8
166.5,54.6,82.3,69.7,95.3,53.8,33.6,28.1,35.3
161.3,52.3,86.6,71.9,92.0,53.8,31.7,27.2,33.0
157.9,62.3,91.4,82.3,93.0,57.2,36.6,30.3,35.8
156.7,63.3,92.0,80.1,100.0,60.8,37.3,31.3,34.4
168.4,64.8,90.8,83.7,100.0,62.2,37.1,31.8,38.0
162.0,53.9,86.5,74.6,92.3,54.7,35.1,28.0,35.5
161.4,53.4,85.7,75.2,91.2,53.5,33.8,28.5,35.5
158.6,52.3,83.3,70.7,93.3,55.2,34.7,27.3,34.8
167.1,55.7,87.7,71.7,90.9,55.3,34.8,29.0,35.7
160.0,52.4,84.9,71.7,89.0,54.4,34.6,26.2,35.3
162.2,79.8,104.2,99.3,102.3,62.7,40.2,35.7,36.8
160.6,48.5,80.3,67.7,86.2,49.6,32.7,25.3,35.8
162.0,72.9,98.4,91.3,102.4,64.2,37.6,33.5,38.1
156.0,47.3,79.6,66.5,89.0,51.2,33.0,27.5,32.8
158.7,69.0,94.7,91.5,104.1,60.3,38.3,30.5,36.2
161.5,55.2,87.5,76.8,92.8,54.3,34.0,29.5,36.1
157.0,54.3,86.5,80.5,92.5,56.7,32.9,26.3,33.8
175.0,80.0,98.8,96.0,94.4,57.0,41.1,33.9,40.0
174.0,80.8,100.8,95.4,98.9,62.2,37.9,33.2,38.1
169.0,68.2,98.8,85.7,92.3,51.4,35.5,33.0,40.7
164.0,62.1,89.7,85.4,91.8,54.9,36.5,31.8,39.3
182.2,70.7,96.7,77.5,95.5,57.6,38.2,31.1,43.5
172.8,75.6,99.1,90.2,97.6,58.2,37.6,32.4,39.6
177.2,74.8,98.4,82.8,97.2,57.1,36.8,34.2,40.9
158.8,59.6,93.7,77.8,87.9,53.1,35.8,29.4,36.6
169.0,64.0,95.4,81.5,91.9,54.6,35.5,32.0,37.6
171.3,83.2,107.0,95.4,97.0,58.0,40.8,33.8,40.3
173.5,75.8,101.5,85.8,100.8,61.2,38.8,31.7,40.7
165.5,65.7,97.4,87.9,88.4,54.1,36.7,29.5,37.7
165.1,57.7,95.5,72.1,88.0,51.0,35.0,30.0,40.2
165.6,65.7,96.1,83.0,91.3,54.5,37.7,33.1,41.2
162.3,67.8,97.3,86.8,90.9,54.4,36.5,31.0,38.0
162.4,74.6,102.7,94.0,96.4,58.7,39.4,32.4,40.0
183.3,95.8,104.5,101.3,105.2,65.3,43.2,35.3,40.2
175.7,78.1,104.0,87.7,98.3,60.5,39.8,32.9,42.0
179.6,89.0,106.3,95.5,99.7,63.3,42.7,36.5,39.8
180.1,110.1,115.1,112.2,113.0,72.0,43.5,39.6,41.1
177.2,70.1,96.8,80.7,94.5,55.5,35.8,32.1,40.3
166.6,67.3,97.4,88.5,89.5,53.2,33.6,30.5,36.4
166.3,60.8,89.7,79.4,89.6,52.3,34.6,30.0,36.8
168.0,75.3,96.8,94.5,95.3,54.7,36.1,33.2,39.4
181.3,74.2,101.1,77.1,97.4,50.1,39.5,34.3,40.7
184.0,74.4,99.1,77.4,98.3,57.2,37.0,33.6,40.2
169.0,65.0,95.9,73.6,90.7,56.7,39.1,31.6,40.5
177.0,82.2,102.6,86.7,99.6,61.7,41.5,36.1,42.4
168.3,60.4,90.4,82.7,92.5,50.7,34.5,30.5,41.6
178.7,79.5,108.2,88.2,98.2,58.7,39.8,33.0,41.4
159.6,52.2,87.3,74.4,84.2,49.3,32.3,27.0,37.5
176.0,69.7,100.0,82.6,92.3,52.5,37.5,30.5,39.2
169.9,71.9,96.8,94.5,96.0,55.7,36.3,30.6,38.1
175.1,64.2,91.5,81.3,93.0,52.7,34.4,30.0,41.4
172.5,87.6,105.4,102.5,99.8,60.0,41.7,34.2,41.4
166.9,73.9,100.7,97.8,92.0,58.1,36.2,32.9,40.2
173.5,74.0,100.8,84.4,96.9,58.2,40.0,32.0,39.8
169.2,91.6,111.6,101.0,106.0,66.5,43.1,36.7,42.9
171.7,65.4,93.2,76.5,95.5,57.8,37.8,30.5,39.0
180.7,77.1,98.8,84.0,98.5,59.0,40.8,31.8,42.6
171.5,63.3,94.3,79.5,91.0,51.6,34.9,28.5,37.7
162.6,62.2,95.5,82.8,91.0,54.4,35.0,30.5,38.1
168.0,74.0,102.6,90.6,95.7,59.5,40.0,35.0,40.5
164.5,69.1,97.2,88.5,95.0,56.9,38.4,32.0,39.8
170.7,55.1,90.2,73.5,83.6,48.1,33.6,27.6,38.3
173.7,73.6,98.8,82.0,94.8,57.4,40.4,33.2,40.7
172.5,74.0,100.8,91.9,95.3,58.3,37.7,31.5,38.9
166.1,69.8,96.4,91.0,94.4,57.4,39.4,31.0,38.8
184.6,83.5,105.9,88.5,100.8,60.2,39.6,33.5,42.6
171.0,65.6,95.5,80.7,93.2,54.3,37.4,31.0,40.4
176.6,84.8,105.0,97.5,98.7,60.0,39.2,34.5,40.6
163.7,64.8,94.3,82.5,92.8,55.3,37.8,31.2,39.9
162.6,62.3,93.7,84.8,91.3,53.6,36.9,29.2,38.6
174.3,79.8,99.3,98.1,100.9,56.6,39.6,31.6,39.4
181.5,89.6,106.9,93.5,104.4,63.1,42.7,34.0,42.1
168.5,72.0,97.0,91.0,93.0,54.4,38.5,31.8,38.9
175.5,80.2,104.0,94.2,99.1,58.8,38.3,32.6,39.8
171.0,74.4,99.2,87.1,97.0,56.7,40.2,32.2,40.9
177.0,79.3,101.7,86.0,100.7,59.7,39.4,33.2,41.5
168.0,73.4,99.1,91.1,97.5,57.4,40.5,31.8,38.5
163.5,73.2,103.2,89.8,97.8,58.5,37.2,33.3,36.7
160.0,61.3,94.3,77.3,90.6,54.8,38.6,30.5,38.2
174.5,72.7,95.9,82.9,95.7,59.3,37.2,33.0,37.9
166.0,63.8,96.0,83.9,91.4,51.3,36.4,29.8,39.7
175.5,76.7,104.3,88.0,95.3,58.1,39.7,32.0,42.4
163.2,57.9,89.5,79.7,88.1,50.0,33.2,28.5,35.7
162.7,56.6,93.9,78.2,87.0,49.5,34.5,29.8,35.9
169.0,71.9,101.3,90.6,95.6,55.0,37.8,31.6,40.6
167.7,64.4,94.8,86.7,89.4,53.0,34.0,29.2,37.3
173.6,75.7,100.4,86.3,95.4,55.9,39.0,32.7,41.0
165.0,78.1,102.7,92.9,104.0,60.8,38.5,34.8,39.8
169.0,73.5,101.1,92.9,96.0,55.5,37.7,33.1,38.8
183.5,96.2,110.8,97.7,109.5,63.9,40.5,35.8,42.9
171.2,69.8,94.1,80.3,96.8,57.0,37.7,31.6,37.0
176.5,97.1,114.4,105.3,107.9,65.0,42.3,38.7,41.4
175.2,60.2,92.9,71.3,85.9,47.2,35.9,27.7,42.9
164.4,69.1,96.1,87.3,91.3,53.2,36.0,31.2,37.8
168.0,62.6,89.8,78.7,94.4,57.0,35.9,32.1,38.8
165.5,66.4,96.1,86.4,94.3,52.7,36.7,33.5,37.4
170.0,63.4,89.2,84.2,92.0,50.0,34.5,27.6,37.4
161.0,52.5,89.1,76.0,87.6,47.7,30.8,26.3,37.7
173.0,64.0,90.7,80.8,92.7,55.3,37.5,28.5,41.5
175.7,86.6,104.2,97.8,103.0,61.7,38.3,34.9,40.5
169.8,66.1,96.5,89.4,90.8,50.6,35.0,27.5,39.0
172.2,76.6,102.6,91.7,97.7,57.2,36.8,35.0,40.2
162.0,59.9,94.7,82.0,88.7,53.0,34.5,31.2,39.5
172.5,87.6,105.2,104.3,100.5,57.0,39.5,35.0,38.8
161.5,65.7,100.1,82.0,90.7,54.2,38.7,33.0,37.4
162.5,66.9,95.0,92.5,88.5,52.8,36.3,34.0,38.1
177.8,75.2,97.5,84.8,100.2,61.0,38.3,31.5,42.5
181.2,79.0,105.5,87.1,94.0,56.1,36.5,35.2,40.4
167.0,72.9,94.2,95.5,95.6,56.5,36.8,31.2,38.4
175.8,68.6,95.7,82.9,93.0,54.8,36.0,32.9,39.8
174.0,84.8,108.3,100.3,100.0,58.4,38.2,33.1,41.5
167.8,70.2,102.0,84.8,95.3,56.4,37.2,32.5,40.5
174.5,74.6,96.0,88.3,95.2,54.3,36.8,32.5,40.4
160.5,56.4,85.0,76.7,95.0,54.2,35.0,27.1,35.5
161.7,55.6,88.9,82.6,89.4,49.3,32.5,27.5,34.9
163.5,50.6,84.2,74.5,91.2,51.3,32.3,26.3,33.4
165.7,57.4,85.6,69.0,93.0,52.5,36.7,28.1,33.4
156.5,60.9,90.1,81.7,96.3,58.8,37.2,32.1,34.3
169.6,55.7,84.9,65.7,93.8,53.6,34.3,28.7,37.4
162.5,64.0,89.4,80.4,102.6,63.8,36.8,30.8,36.6
167.3,50.3,78.4,69.8,90.4,50.2,33.7,24.8,37.2
164.7,72.9,96.0,82.0,101.6,63.1,36.8,33.4,38.6
155.7,64.9,94.1,83.6,97.2,54.0,36.4,31.4,36.4
164.5,57.0,86.9,77.3,96.6,54.4,33.8,27.6,36.4
163.4,59.4,89.9,77.2,97.3,56.2,34.8,29.6,35.6
153.9,50.9,86.1,76.1,90.8,53.4,33.0,26.5,35.2
164.4,84.4,99.6,98.8,109.4,66.3,42.5,35.0,36.8
165.3,74.4,95.8,95.9,98.8,56.1,38.5,33.0,35.6
166.7,64.5,88.4,78.4,100.8,58.9,36.4,28.7,36.5
153.3,56.3,86.3,77.9,100.0,60.6,34.7,31.3,30.5
157.4,50.6,83.0,72.8,89.8,48.7,33.3,25.2,35.1
153.0,43.7,78.1,65.5,86.5,48.6,31.4,25.0,32.5
170.2,62.5,89.8,76.9,95.5,55.1,35.0,30.8,35.9
162.8,59.7,89.7,76.2,94.4,54.5,35.9,30.5,35.4
161.0,53.5,83.3,72.0,92.8,52.8,33.0,28.1,34.1
169.0,55.8,88.0,73.2,90.3,49.8,32.2,28.2,36.7
157.0,45.7,81.9,64.9,88.7,49.7,29.5,26.3,35.4
177.3,61.3,83.5,71.9,98.2,53.0,36.3,27.1,38.1
164.0,62.8,90.6,82.7,97.8,56.9,34.2,28.9,35.4
157.6,56.5,88.3,73.4,98.5,57.0,34.5,28.2,34.9
155.5,54.6,85.4,69.4,93.5,55.5,35.8,28.2,35.2
160.5,44.8,80.7,65.3,83.7,49.4,30.5,24.2,34.5
165.7,61.4,84.4,77.5,100.4,60.6,36.6,28.5,37.9
164.5,80.3,90.7,83.0,109.8,68.0,44.7,30.0,35.4
159.2,70.5,97.8,86.3,102.5,62.0,39.7,33.2,34.6
159.8,53.1,86.3,75.3,90.8,51.4,34.4,27.8,35.1
157.8,55.9,87.8,78.4,93.3,53.0,32.3,28.6,35.1
165.3,52.2,81.5,66.0,91.3,51.8,35.3,25.7,37.8
151.8,57.3,89.6,79.2,91.0,53.2,32.0,29.5,33.6
157.5,58.7,88.8,79.2,95.0,56.6,34.6,29.5,34.8
160.0,59.1,84.8,72.0,96.8,55.7,35.0,29.8,35.4
151.7,53.0,86.8,78.2,88.5,49.0,32.4,27.9,36.3
161.0,51.5,84.2,72.2,92.0,53.4,32.4,27.4,35.5
171.0,54.8,84.7,63.9,90.5,50.3,34.0,27.0,38.1
166.0,63.7,92.4,72.6,97.4,56.8,37.0,30.2,37.5
168.2,57.1,87.4,70.7,92.1,52.8,34.4,28.8,34.3
161.5,62.9,91.6,82.3,96.8,56.3,35.5,30.8,36.5
173.7,67.9,96.7,76.0,92.7,55.4,36.4,31.3,41.9
172.5,68.3,96.4,81.8,94.7,55.3,37.3,31.2,36.7
168.0,73.1,97.2,93.7,93.7,55.7,36.0,30.7,37.1
160.3,55.6,88.8,83.5,86.6,49.8,31.3,28.8,35.9
179.4,76.9,97.6,81.7,99.3,58.3,38.7,31.8,36.7
177.4,75.9,101.2,85.0,99.4,58.3,38.0,34.2,41.4
169.5,64.7,98.4,80.3,96.4,57.6,37.2,32.6,40.2
169.9,66.7,101.3,76.7,94.7,57.9,37.1,32.4,38.9
176.5,93.9,111.2,95.2,102.5,62.8,43.0,35.9,42.2
177.2,78.5,100.3,86.0,101.2,60.2,40.0,30.7,41.4
177.0,78.7,99.1,91.9,98.7,57.3,38.2,30.4,41.5
168.0,76.3,102.5,95.5,92.7,54.5,37.8,32.3,40.3
170.3,72.9,98.0,90.2,97.4,57.8,36.3,32.0,38.1
173.5,82.0,103.4,93.8,102.3,59.9,39.0,34.5,41.6
169.7,96.7,117.4,108.4,102.6,61.7,41.7,40.0,40.0
177.3,81.8,106.7,93.1,98.8,58.8,39.0,30.6,41.7
168.6,71.0,101.8,82.0,97.4,57.5,38.3,32.0,38.8
167.3,77.1,104.8,94.5,94.4,58.1,39.2,33.5,40.7
165.8,82.5,103.3,98.9,102.4,61.0,38.4,33.0,39.4
175.3,78.3,101.9,93.7,100.8,59.0,37.9,30.6,41.0
177.4,79.0,106.2,84.0,100.2,60.0,39.2,32.9,43.3
174.0,78.6,104.4,89.0,102.9,61.5,39.7,32.0,38.1
169.7,73.9,98.3,92.0,95.8,58.0,39.8,32.7,38.6
177.6,89.5,105.7,101.7,102.5,60.5,40.3,37.6,38.1
172.5,72.6,102.9,79.5,93.8,57.5,38.3,33.3,38.1
171.7,66.2,101.1,81.2,91.9,55.2,34.0,31.2,41.1
165.3,66.7,94.9,90.4,92.5,54.4,39.0,30.5,39.6
168.8,70.8,99.7,93.8,93.4,56.6,37.8,31.0,37.8
181.6,84.1,104.0,94.8,102.5,61.7,39.6,33.8,41.2
178.7,77.9,99.3,88.0,98.2,59.1,40.6,32.1,41.9
176.0,102.1,113.3,107.3,107.0,67.9,44.0,40.6,42.3
161.6,41.2,72.6,59.6,83.0,46.4,31.9,20.3,33.7
164.4,70.0,94.0,99.0,100.1,59.1,36.2,33.1,36.0
155.0,45.4,79.8,66.7,87.3,51.2,32.1,26.1,33.7
163.8,60.6,88.1,80.0,94.5,57.6,36.4,29.8,34.9
154.6,63.3,95.9,84.7,92.5,57.6,35.2,32.7,34.4
159.8,63.4,91.3,83.2,103.5,62.1,35.6,32.0,34.8
159.5,46.9,80.3,66.0,85.8,50.8,34.2,25.2,35.2
160.5,71.0,93.7,86.7,105.8,63.9,37.4,37.0,36.2
155.0,51.3,79.5,76.8,94.1,53.1,35.4,25.5,33.5
163.0,51.3,83.4,71.4,93.0,53.8,33.3,27.2,37.0
161.2,68.3,93.3,89.9,101.4,63.2,38.9,30.9,35.4
149.0,50.4,88.5,79.0,83.6,48.2,30.5,28.4,34.3
156.6,55.1,84.7,78.9,86.9,53.3,32.8,29.8,33.9
152.5,44.7,79.8,63.4,84.2,50.3,33.0,26.3,33.1
160.6,64.4,89.4,81.2,102.1,60.2,38.5,30.5,35.4
159.0,57.9,93.5,80.7,89.3,51.6,36.3,29.5,37.0
159.1,52.4,88.0,76.8,88.5,52.7,35.2,27.7,34.1
146.0,51.6,87.4,82.1,88.0,53.7,33.0,29.1,32.6
155.2,63.4,90.9,94.0,97.0,56.6,34.7,31.0,32.6
154.3,65.4,91.6,94.1,98.2,57.0,35.4,31.6,35.7
156.7,48.8,82.6,75.7,85.9,50.0,32.6,26.5,31.4
162.5,64.0,91.8,89.0,97.5,58.1,33.8,29.2,36.3
161.3,55.5,85.7,80.1,93.1,56.0,34.6,28.1,34.0
163.2,67.2,92.9,87.4,101.0,59.0,40.0,30.0,36.6
152.5,52.3,88.3,81.2,91.8,54.7,34.6,28.0,33.8
160.2,64.2,90.8,87.5,94.5,54.5,36.5,32.3,37.9
152.2,73.2,98.7,93.6,104.1,63.4,39.5,34.7,34.7
164.7,50.7,84.9,73.4,90.2,52.1,31.0,27.3,36.0
167.5,53.5,83.0,73.5,98.0,56.5,33.2,24.7,36.5
158.4,61.6,90.5,80.8,101.5,61.2,35.0,31.0,34.5
160.6,44.4,81.3,69.5,84.5,47.1,30.5,24.9,33.0
148.2,58.3,91.3,90.1,91.2,51.8,34.4,31.5,34.5
153.4,66.4,91.3,91.0,100.1,62.3,39.0,32.5,34.4
159.6,70.4,94.8,94.5,99.5,56.9,37.6,32.7,34.7
154.7,68.6,98.4,96.3,94.1,57.7,36.2,33.5,32.7
162.9,71.7,94.0,94.7,97.7,57.1,36.8,33.2,35.1
158.6,56.9,86.1,82.5,95.3,55.2,33.0,29.0,35.9
159.7,56.7,87.5,79.0,90.0,53.0,33.0,28.8,34.8
160.9,48.7,83.3,73.1,88.3,50.5,32.0,25.3,36.8
164.5,57.2,84.5,73.7,96.5,58.5,33.8,28.2,35.5
156.4,53.8,86.5,77.8,91.8,53.2,34.0,28.0,34.9
157.7,67.2,95.7,90.3,98.1,56.5,36.1,31.4,36.6
157.9,64.9,87.7,81.0,101.0,59.7,38.4,30.0,35.3
152.4,53.3,92.0,80.4,86.0,52.1,31.9,29.0,34.8
159.8,54.1,87.0,75.8,93.8,55.8,34.2,27.7,36.5
165.7,69.2,95.8,84.7,98.8,59.2,38.3,32.8,37.8
178.7,76.3,101.3,90.6,94.4,56.5,37.1,31.0,41.2
168.1,54.3,88.3,67.0,87.7,49.4,35.1,26.9,39.0
174.9,82.7,106.6,98.1,98.7,60.0,38.0,34.5,41.8
171.4,74.1,98.0,89.4,95.4,56.0,37.4,32.3,37.7
179.6,80.7,105.7,88.4,99.9,58.8,40.0,33.6,42.1
166.4,71.7,99.8,81.8,97.6,59.2,40.7,31.8,36.5
180.4,82.1,109.7,84.6,101.0,62.8,40.0,36.4,41.8
177.7,87.8,110.0,98.1,103.3,62.6,40.8,33.0,41.6
169.6,70.0,102.2,83.9,92.9,56.0,36.1,36.0,41.7
175.4,75.8,101.4,86.6,98.9,58.7,38.0,32.3,41.2
179.1,76.6,102.4,85.4,97.0,58.6,37.9,35.5,39.0
171.0,73.1,93.7,86.6,97.2,59.5,39.3,30.2,39.0
165.5,68.6,93.5,88.0,97.9,57.5,38.0,31.7,38.1
174.4,76.2,105.6,85.9,96.1,57.2,37.8,31.9,40.1
161.6,64.9,95.6,81.7,91.0,57.4,36.1,32.8,37.9
178.2,90.5,105.3,91.0,103.8,64.3,42.3,38.2,41.7
172.4,78.1,101.2,89.6,103.2,61.3,38.5,34.3,37.6
175.6,88.6,101.8,96.8,103.5,64.3,43.2,34.7,40.9
170.5,76.9,100.2,90.0,97.7,57.7,36.9,35.4,36.9
159.5,63.6,96.4,88.1,90.0,54.4,35.3,31.0,38.4
174.0,75.5,101.7,88.9,95.5,54.7,38.4,34.2,40.0
177.7,88.3,106.6,98.9,101.5,63.7,41.3,35.1,42.4
169.9,71.4,100.9,87.8,94.7,55.6,39.1,32.0,41.9
171.6,69.0,100.5,83.5,96.6,55.4,36.5,33.2,38.7
169.4,74.3,102.3,84.2,97.5,60.0,38.8,35.0,40.9
171.1,72.8,100.2,85.2,94.7,60.1,39.6,31.7,37.9
172.7,64.0,93.2,81.0,93.0,54.6,34.6,31.0,39.4
170.1,87.0,103.3,94.2,104.0,64.2,45.3,34.9,38.3
178.2,80.5,109.0,86.1,97.7,59.2,37.9,36.5,40.3
173.5,68.6,98.5,87.4,90.7,53.4,36.8,31.0,39.2
168.0,61.3,93.2,76.7,91.2,55.2,36.6,30.6,37.8
168.7,93.2,106.0,110.2,105.5,63.0,44.9,34.1,35.8
171.5,77.3,107.6,86.9,102.7,64.2,37.3,36.8,40.4
161.5,57.6,87.8,80.2,89.0,53.8,34.3,30.9,37.6
173.2,70.8,93.4,87.3,93.7,55.1,39.0,32.0,39.7
169.4,78.6,105.3,84.3,96.9,60.5,41.6,31.5,41.2
180.0,70.5,97.5,79.0,95.8,58.9,36.9,31.5,39.3
171.6,68.8,100.4,85.9,93.7,55.7,37.2,32.5,39.1
179.8,75.8,99.3,87.3,93.7,56.1,38.7,32.8,40.1
177.6,61.6,96.7,72.2,90.8,49.2,34.7,26.5,38.9
173.5,99.6,114.4,103.2,112.7,69.6,43.3,38.3,42.4
167.8,76.1,101.8,90.5,99.8,58.0,39.2,33.5,39.4
173.4,62.9,92.3,84.7,89.4,52.0,36.3,30.5,34.9
186.6,86.0,108.4,92.3,100.0,60.0,37.8,37.4,41.7
160.6,58.6,89.2,77.1,88.1,53.0,36.7,28.5,37.2
177.0,72.9,100.1,83.0,97.6,57.3,36.8,31.0,40.3
173.0,93.8,109.3,102.4,109.9,67.5,41.9,36.9,37.5
184.5,79.7,100.0,85.7,102.3,58.9,41.8,31.8,38.9
172.0,81.7,104.6,93.0,100.9,61.5,39.6,35.7,39.9
163.0,60.8,93.9,82.3,91.1,53.6,33.3,31.1,36.2
169.0,84.0,102.0,99.8,105.3,65.2,40.2,34.7,36.9
170.8,74.6,100.0,88.3,94.8,58.0,40.7,31.3,38.9
176.6,96.8,109.0,96.1,107.7,66.8,45.4,38.8,38.9
171.0,68.4,95.1,86.9,92.0,53.0,37.7,30.9,37.8
176.2,77.0,102.3,85.2,95.7,57.6,41.9,33.2,40.2
174.0,85.2,107.3,96.4,103.5,63.0,39.3,34.0,39.8
163.7,61.5,92.4,78.0,92.2,55.1,36.4,31.4,38.6
177.0,99.3,116.7,106.2,107.5,65.3,44.6,39.5,40.9
174.5,81.4,101.6,90.8,101.5,63.0,39.5,35.5,39.8
173.0,90.1,111.8,102.0,103.8,64.3,41.0,35.9,42.0
157.5,57.3,88.0,77.0,92.5,54.4,35.8,30.3,35.8
164.5,66.9,92.2,90.0,98.5,58.4,36.5,30.9,35.4
159.8,75.5,99.0,90.0,103.2,66.1,41.0,34.5,33.4
164.6,52.7,84.3,69.9,91.0,54.0,33.7,27.0,35.5
165.3,58.6,87.3,73.2,86.7,55.9,35.6,28.0,36.5
165.0,57.1,87.2,76.4,94.3,55.2,34.3,29.1,34.5
154.4,51.7,83.3,73.2,90.5,54.7,35.0,28.0,35.9
159.5,59.1,90.3,79.5,97.1,59.0,36.1,28.8,36.8
156.0,53.9,88.3,78.8,87.8,52.1,33.3,27.4,33.6
158.5,53.1,84.7,70.2,90.3,54.1,37.4,26.0,32.9
165.9,57.9,86.6,74.3,87.7,50.4,36.5,26.0,35.3
160.5,53.1,85.6,68.6,90.8,55.1,34.5,27.2,34.7
160.0,51.5,85.4,71.8,88.6,54.1,33.6,28.1,34.7
173.2,67.3,91.3,81.8,97.7,58.7,36.3,30.3,38.6
155.5,71.0,95.6,92.2,102.5,66.5,40.9,33.8,33.6
160.0,57.6,86.4,76.2,94.3,56.6,36.3,29.5,37.0
165.0,78.7,100.8,85.4,102.2,63.3,38.3,35.7,36.5
162.0,51.0,83.7,69.0,87.3,51.8,32.7,26.0,36.1
162.5,59.2,87.8,74.3,92.3,56.6,33.9,29.0,35.8
173.0,54.4,79.0,68.5,92.5,55.5,32.5,27.0,35.9
173.5,65.2,88.3,75.4,95.6,58.7,36.2,28.9,35.1
163.2,53.6,89.4,69.5,92.9,54.2,34.3,28.0,35.9
153.0,60.6,92.0,86.8,91.7,53.5,36.0,30.8,33.9
159.5,52.6,88.8,68.5,93.0,54.2,33.2,29.8,36.9
166.7,57.8,84.5,72.5,98.5,59.1,34.4,28.7,34.5
164.8,79.7,97.3,95.7,99.6,63.9,40.6,34.9,35.4
159.3,61.7,87.4,80.4,99.6,60.4,37.8,31.0,34.9
157.0,70.5,95.0,84.8,99.7,62.1,39.4,34.3,37.8
153.3,57.9,88.7,83.5,99.4,56.5,34.4,29.0,35.9
153.0,54.0,91.0,83.7,90.8,54.7,31.5,28.2,34.4
155.5,60.9,89.0,89.0,91.3,52.2,34.1,31.0,32.7
162.5,61.0,91.9,89.4,94.9,54.6,35.3,28.8,34.4
161.2,40.3,74.9,59.4,83.0,47.4,31.9,21.6,33.8
162.0,58.4,83.7,77.7,96.7,61.0,36.8,29.6,35.2
161.5,50.0,83.0,75.5,89.6,53.0,32.4,25.8,33.9
152.0,55.7,86.4,78.2,97.2,59.5,36.7,27.8,35.7
154.3,54.8,87.3,70.0,93.7,57.6,36.7,27.8,34.7
163.2,75.8,101.7,92.2,103.6,64.5,39.1,33.6,37.8
164.0,52.0,81.4,71.8,90.9,51.0,33.3,26.0,35.7
158.5,67.6,95.8,86.7,98.3,62.3,37.4,33.7,35.4
161.0,49.4,78.2,69.5,89.5,55.0,35.0,25.0,35.3
164.6,67.3,92.2,88.0,100.3,61.0,38.2,30.9,37.3
149.3,54.4,88.5,87.7,89.6,51.7,31.5,28.6,34.8
147.0,47.6,85.4,73.4,87.5,49.2,32.3,26.3,33.5
177.0,61.8,89.2,73.2,98.0,57.0,33.7,27.7,39.0
165.0,46.2,75.4,67.3,87.7,49.1,32.3,24.2,35.7
155.8,50.2,81.9,72.5,89.9,52.3,33.4,28.1,32.5
160.0,54.0,86.9,73.6,89.7,50.6,34.4,28.1,35.0
159.8,65.7,96.0,86.3,95.6,57.7,36.1,30.4,36.5
177.0,65.5,102.6,78.2,90.9,54.1,35.5,30.9,42.6
177.8,83.1,105.4,90.4,100.8,61.1,39.5,34.3,39.7
171.5,73.9,102.6,91.2,99.5,61.6,37.7,34.1,36.9
171.0,76.0,100.4,83.7,97.9,61.6,37.3,36.4,37.7
178.7,92.2,109.2,101.9,102.9,64.3,43.1,36.7,42.1
166.7,72.6,101.5,86.8,97.3,61.6,37.4,35.1,37.8
170.0,61.0,94.7,75.7,89.0,53.8,36.5,31.8,38.7
178.0,72.9,102.4,80.9,93.7,57.1,37.5,32.6,39.2
171.0,81.9,103.6,99.8,100.8,60.3,42.1,32.8,38.2
173.8,75.5,101.7,86.4,99.5,61.2,39.3,32.2,38.8
175.3,76.6,101.5,81.7,95.0,57.6,39.9,34.4,41.3
176.5,73.9,100.1,80.0,95.5,57.8,40.5,32.6,41.4
169.7,71.9,98.3,84.5,98.0,58.4,37.9,34.4,40.1
177.0,92.7,107.8,97.7,108.7,68.5,41.7,36.9,38.9
166.8,73.7,99.0,87.4,99.9,60.1,41.1,31.9,38.4
178.6,78.6,101.3,87.0,102.5,58.3,37.7,32.9,43.0
171.6,77.1,101.2,91.7,101.0,59.7,38.0,32.3,40.4
176.0,78.5,104.2,90.0,97.5,60.3,38.2,34.5,41.9
176.7,91.7,106.3,100.6,103.8,63.6,41.1,36.1,38.8
165.0,93.6,108.0,105.4,108.4,69.0,41.5,37.5,36.9
161.0,61.0,91.8,84.2,93.1,56.6,35.6,30.6,35.2
167.1,59.3,89.1,75.1,96.6,57.4,35.0,27.7,36.0
166.0,63.3,87.3,78.1,98.0,62.1,36.5,31.0,35.9
165.8,52.8,81.6,67.3,93.2,52.9,35.2,24.9,35.2
163.2,63.4,90.2,79.7,98.6,60.5,36.3,30.9,35.9
164.3,68.1,90.2,88.4,103.3,61.7,37.4,28.8,37.9
164.4,68.5,92.2,81.8,102.1,59.6,39.3,32.8,37.1
159.2,47.3,79.5,68.8,92.0,54.7,32.8,25.0,36.0
171.1,101.0,109.8,108.8,118.4,72.3,42.3,37.9,37.9
167.1,70.7,93.6,84.4,99.5,62.1,39.2,32.2,35.6
151.1,61.1,93.7,82.6,97.4,61.1,37.7,30.8,31.9
155.7,50.7,81.3,75.0,90.0,53.2,32.2,27.8,32.5
158.3,65.2,94.7,81.3,99.1,62.1,37.7,32.7,35.7
162.6,52.3,84.0,70.7,86.3,51.1,33.6,27.9,34.2
164.1,53.1,87.3,72.5,94.9,55.4,33.6,28.8,37.3
159.6,55.8,87.2,78.5,93.0,55.2,33.7,28.2,36.7
169.0,62.6,89.4,79.9,98.3,60.4,33.7,30.7,35.2
162.3,62.9,88.0,82.7,101.7,58.4,35.3,31.2,33.6
162.0,65.5,98.1,82.4,98.0,58.7,36.7,33.6,37.3
157.0,54.3,84.8,78.0,93.8,56.9,34.0,27.1,33.4
171.3,60.8,84.8,75.9,96.5,55.7,35.6,27.3,36.2
164.3,93.0,110.0,117.8,108.5,67.6,40.9,37.7,37.9
163.7,61.0,88.4,79.1,97.2,57.3,35.5,29.3,35.9
160.1,47.1,79.5,65.5,85.6,48.9,31.5,25.2,33.9
156.4,66.7,91.0,83.0,97.3,60.5,40.5,33.8,36.0
158.0,72.9,96.6,92.6,101.3,61.5,38.3,33.3,35.6
165.3,47.1,81.1,66.2,83.6,48.7,31.0,24.4,36.7
172.8,72.0,97.2,83.6,105.8,60.5,37.4,31.0,36.9
162.2,51.6,82.0,65.3,89.2,51.4,35.4,25.8,36.5
154.7,49.9,86.0,75.0,86.9,50.8,30.9,28.7,34.4
158.6,53.2,85.0,75.2,87.5,53.4,33.8,29.1,37.3
156.9,53.8,89.2,78.5,91.0,52.6,33.2,28.0,36.4
158.5,56.3,88.7,81.3,85.5,53.0,32.7,28.8,35.4
153.8,49.5,88.1,77.2,86.7,49.9,32.4,26.3,35.4
160.0,61.3,89.5,81.7,94.1,58.7,34.9,31.0,36.0
157.0,63.1,92.0,76.8,99.7,62.3,38.2,32.5,35.8
165.3,52.1,85.1,68.6,90.0,53.8,33.7,27.7,37.8
169.4,58.6,88.3,74.8,91.6,55.0,35.5,27.5,37.1
162.5,63.7,93.3,77.6,98.5,62.0,37.0,31.5,36.4
168.5,79.2,98.2,95.4,106.2,65.6,37.2,36.5,35.9
162.6,67.9,91.6,86.2,97.4,61.4,38.7,32.5,36.4
155.8,49.6,88.8,71.1,88.6,56.0,32.4,30.0,35.8
164.7,52.8,80.6,67.1,90.4,54.0,32.5,28.0,35.0
160.0,65.2,89.0,85.5,100.7,64.2,36.3,30.7,34.4
163.9,76.2,101.2,81.2,101.3,63.8,40.2,35.6,39.2
165.0,54.0,85.3,66.7,94.1,56.7,36.6,26.6,35.4
166.3,54.7,81.3,72.2,96.3,57.9,33.4,26.1,35.5
159.7,39.6,74.7,63.0,81.5,49.0,29.8,22.6,33.5
161.5,63.9,89.8,78.3,100.7,64.3,37.3,30.3,34.9
164.0,66.9,93.3,81.9,97.1,60.7,35.7,30.5,33.8
156.0,48.0,78.8,73.3,84.7,49.5,32.0,28.5,33.3
157.6,50.4,84.1,69.0,89.0,53.0,33.7,27.3,35.4
163.5,61.6,91.5,81.6,97.7,57.0,36.8,30.5,35.8
160.2,52.0,84.6,79.0,87.2,51.2,30.6,29.2,34.7
158.0,52.6,82.3,79.1,87.0,52.0,32.0,28.5,32.4
153.6,71.6,94.6,93.9,104.3,68.2,38.2,33.8,34.8
159.0,55.3,81.7,73.3,97.7,62.3,34.0,27.6,33.8
161.3,74.5,96.7,90.2,98.6,61.6,39.5,33.9,34.8
155.0,82.2,98.8,99.2,106.2,72.5,44.2,35.6,34.4
158.8,47.8,81.2,63.6,90.4,53.3,33.4,26.1,36.9
165.7,59.7,85.5,76.7,99.0,59.5,35.3,29.1,36.0
153.6,47.3,79.8,70.5,91.6,55.6,33.1,25.4,32.0
147.0,73.1,91.8,101.2,110.1,69.0,40.5,31.8,34.8
164.7,52.4,84.1,72.0,92.9,53.4,32.3,27.5,35.6
163.5,52.6,84.8,66.8,90.7,55.4,31.7,27.2,35.4
160.3,72.4,97.7,96.2,106.3,68.2,38.3,33.2,35.8
168.5,64.1,92.1,73.0,92.1,53.2,39.9,31.6,39.6
172.0,72.6,103.8,84.7,97.7,58.9,35.1,34.1,39.6
171.5,92.1,107.5,97.7,108.0,71.0,43.2,37.7,39.2
166.5,71.3,96.1,90.4,97.7,59.5,36.9,29.9,36.9
179.0,87.4,111.3,86.7,103.9,68.5,39.5,39.1,40.6
169.2,60.7,95.5,77.9,90.8,57.0,34.0,28.7,38.4
163.5,74.1,102.3,97.0,96.7,59.0,40.0,33.1,36.2
176.5,70.2,93.6,80.7,94.4,55.3,36.5,32.4,39.6
166.0,50.4,85.4,69.0,84.2,47.4,33.5,26.6,35.5
185.4,71.3,94.8,72.8,96.8,57.5,36.5,32.2,42.6
188.0,68.9,96.0,72.8,91.9,50.6,35.8,30.5,40.6
168.0,66.4,94.5,78.5,95.6,57.7,38.6,30.7,41.7
175.0,65.0,89.8,78.5,94.2,54.6,35.5,30.8,39.6
171.0,70.4,100.9,84.2,99.7,58.8,36.6,32.3,38.4
173.2,68.1,96.3,79.2,95.1,57.6,37.0,30.5,38.6
171.0,74.1,100.8,92.4,97.4,59.0,37.2,32.8,39.5
175.6,83.5,106.0,88.1,104.9,67.0,40.4,36.3,38.1
180.0,80.5,105.8,84.5,99.2,59.9,37.5,37.8,42.7
175.0,73.5,103.0,78.0,96.4,59.0,36.4,33.9,38.9
182.0,63.3,93.0,77.1,90.0,55.5,31.5,31.3,37.6
172.5,84.7,105.8,97.2,100.6,63.0,42.0,35.5,39.8
175.6,90.2,105.4,92.2,108.6,71.4,43.9,37.3,39.8
178.0,60.8,90.6,72.3,88.7,49.5,35.3,27.8,38.4
170.0,71.0,96.6,88.3,100.1,60.6,37.5,31.4,42.6
173.0,64.4,103.7,71.5,93.3,59.0,36.3,32.6,39.3
164.0,57.5,100.0,67.3,86.0,52.0,35.0,32.0,39.4
177.0,76.8,101.8,73.8,96.2,58.8,38.7,36.2,42.3
176.8,63.8,98.0,71.6,91.4,58.4,35.0,32.2,38.4
172.5,66.3,95.0,76.2,93.3,56.5,35.5,32.7,39.6
170.5,63.8,92.1,76.4,95.4,59.3,36.0,31.2,39.4
172.0,79.2,100.1,84.8,103.3,66.7,40.8,34.6,39.6
176.5,66.9,98.3,73.7,91.8,58.5,33.9,34.5,40.3
178.6,58.2,93.6,71.3,89.2,51.9,33.5,27.0,41.1
189.0,91.0,106.7,85.3,103.3,66.3,41.5,34.0,42.0
170.0,69.2,99.4,81.5,89.8,55.2,38.0,34.5,38.0
184.4,94.2,104.0,93.5,106.3,66.5,43.9,38.0,41.9
164.5,70.6,104.5,80.1,96.4,58.7,39.5,35.3,37.3
171.6,78.3,103.0,92.1,96.2,56.0,41.4,32.0,37.0
184.0,89.6,109.1,87.6,105.3,68.5,41.4,36.1,43.9
172.6,90.5,109.2,100.3,108.8,69.0,41.8,39.1,40.5
172.6,68.3,97.3,80.5,94.2,56.0,35.7,32.7,41.8
175.8,69.2,95.9,79.4,97.0,61.8,36.2,33.2,37.7
179.0,60.6,87.9,69.0,91.1,52.1,37.2,27.5,40.1
164.2,55.5,84.9,69.2,90.0,55.5,35.4,28.0,36.1
162.0,65.6,88.7,86.9,90.8,56.6,35.4,30.7,34.7
154.5,52.3,89.5,81.0,87.5,52.4,31.9,28.4,33.4
163.3,65.1,94.2,88.1,95.5,54.6,34.9,30.8,38.3
159.0,71.3,96.5,86.6,108.2,66.8,36.0,33.8,36.4
156.2,63.8,94.6,85.1,96.2,58.0,37.2,31.7,36.9
156.0,53.7,85.5,76.6,99.1,56.1,33.5,26.6,34.4
158.0,49.4,85.1,68.9,88.8,53.1,33.4,26.5,35.4
166.5,81.7,100.2,93.5,105.2,65.9,42.5,34.1,36.6
157.5,65.0,96.8,83.5,99.8,60.8,37.5,32.5,36.2
159.6,74.3,101.8,96.2,109.1,65.0,39.4,33.9,35.7
165.0,63.3,88.0,77.2,100.4,60.8,38.9,31.0,35.5
165.0,57.7,86.9,74.5,101.3,57.3,36.0,29.6,37.3
160.5,50.4,81.5,69.7,91.7,55.4,32.9,26.4,33.0
165.0,54.5,84.1,68.8,97.3,56.7,33.0,28.8,35.5
154.5,50.2,85.1,78.5,90.8,52.2,31.8,28.0,32.5
153.0,64.4,95.3,84.0,98.6,60.0,37.3,31.4,33.4
165.2,52.7,83.9,69.6,94.2,55.5,32.8,28.6,37.5
164.0,53.0,80.6,68.4,92.4,55.3,36.0,26.1,34.3
164.1,54.4,83.3,68.1,93.9,57.2,36.7,27.3,35.9
173.8,59.3,85.1,72.3,94.4,53.4,34.1,27.1,37.5
153.4,40.7,75.0,61.8,83.5,49.8,30.2,23.4,34.4
150.6,63.6,94.6,92.4,95.8,55.7,36.0,31.2,35.4
152.8,53.2,85.5,81.5,88.2,51.7,34.5,30.0,32.9
153.5,53.1,87.2,76.0,94.6,49.7,32.5,27.4,34.5
155.0,53.9,90.6,82.3,88.0,44.5,33.4,26.2,36.3
154.6,54.4,89.2,83.6,86.0,49.5,33.2,30.0,35.8
153.3,50.8,86.5,75.4,84.5,47.9,32.0,29.5,35.4
159.8,50.7,79.2,68.3,90.3,54.9,36.9,27.8,33.8
169.2,76.7,99.0,89.0,105.3,64.2,36.6,35.5,36.4
162.0,63.1,91.5,76.7,98.5,60.0,37.5,31.5,37.9
165.0,63.5,90.8,76.5,97.3,59.6,38.2,30.7,36.9
161.5,52.1,85.5,70.7,91.4,52.4,34.1,27.5,34.3
155.3,58.0,89.4,84.7,93.6,54.5,34.0,30.5,35.3
163.2,54.4,84.0,69.2,90.5,54.4,35.6,30.6,33.8
164.3,64.2,88.6,79.8,97.7,59.4,37.5,32.0,34.1
160.3,43.4,73.8,59.3,84.7,49.8,31.2,25.2,34.1
163.0,49.3,80.2,59.3,88.6,51.6,34.6,25.7,33.4
165.0,53.8,84.0,73.3,89.6,52.2,34.7,27.5,35.6
164.3,63.5,91.1,79.7,96.7,56.4,38.2,31.8,34.9
157.8,48.4,79.0,67.6,87.7,53.4,34.0,26.0,35.8
165.5,42.5,75.6,60.7,82.4,43.3,32.0,23.2,37.0
164.0,64.8,88.5,88.2,102.7,57.5,36.5,30.3,35.7
166.3,52.8,85.1,68.6,91.3,53.7,32.0,28.2,36.0
177.0,83.9,108.7,99.7,99.6,56.7,37.4,33.7,39.4
174.5,71.7,96.5,86.2,97.2,55.9,37.8,30.5,40.6
173.0,68.2,102.2,79.8,95.5,57.5,37.9,30.0,40.9
174.0,88.0,104.6,93.0,104.4,64.3,42.8,36.6,40.7
184.0,82.9,103.8,90.5,101.1,60.4,39.6,32.5,42.8
174.0,62.3,92.8,79.0,90.0,53.0,36.3,27.9,41.4
177.0,134.9,129.5,124.5,126.6,81.2,47.5,46.2,43.8
178.0,91.6,108.6,99.7,105.6,67.2,41.3,38.4,41.8
182.8,78.7,103.8,87.3,101.0,59.7,37.7,32.2,41.5
179.2,89.5,105.5,96.2,102.5,61.0,41.2,35.5,42.6
179.0,95.3,105.2,97.9,108.1,67.2,42.4,36.3,40.4
177.0,74.8,99.7,86.0,94.2,59.4,38.5,34.9,39.5
173.5,60.6,93.8,72.1,90.3,54.4,35.8,30.6,36.1
176.6,73.2,102.8,75.7,96.6,57.8,37.9,32.0,40.8
171.0,56.8,93.2,73.0,87.6,50.0,33.2,30.5,39.9
171.5,68.5,94.5,84.0,97.2,55.1,37.7,30.2,39.0
166.0,66.4,94.5,75.9,94.5,59.0,40.5,32.0,36.6
182.7,83.9,107.4,82.5,99.2,60.9,40.4,34.7,42.3
169.2,64.7,97.6,75.6,90.7,53.7,36.3,31.4,37.4
180.2,59.0,87.4,73.2,87.0,49.2,32.8,26.8,39.3
182.4,75.6,99.0,78.5,96.1,58.1,39.6,34.3,40.4
189.2,88.2,102.8,91.2,102.4,62.9,42.1,35.5,42.3
184.1,60.7,94.4,66.2,89.2,49.1,35.2,28.0,41.5
174.4,61.5,94.7,74.2,90.2,52.2,35.3,30.1,40.4
182.5,76.9,106.4,84.7,95.8,58.8,35.6,35.3,41.5
169.4,65.2,96.2,78.4,92.3,53.4,36.3,30.2,39.6
178.7,71.4,99.0,73.0,93.5,55.2,39.3,31.8,40.9
168.5,76.5,102.0,88.6,98.2,60.2,40.9,36.0,36.8
166.8,69.6,101.4,86.9,89.0,50.0,35.5,34.3,38.4
176.8,77.4,104.2,83.8,100.4,60.2,39.3,33.0,41.6
170.4,73.2,100.5,88.8,93.0,56.7,37.0,33.4,38.3
165.8,51.4,87.0,70.0,83.1,47.0,32.5,26.7,38.5
191.2,114.9,114.3,107.7,117.5,76.5,44.7,42.0,41.4
183.0,74.9,96.5,84.2,94.7,57.8,35.8,31.5,38.3
166.8,62.2,101.1,79.2,89.6,57.3,33.5,31.6,40.7
176.6,69.2,97.6,86.0,93.1,50.5,34.5,28.7,42.1
180.5,82.7,102.1,87.3,99.9,60.0,41.0,34.7,42.9
169.0,62.2,88.9,73.0,92.0,53.4,35.1,30.5,41.2
169.1,60.2,100.4,74.5,88.4,53.5,33.9,31.1,39.6
171.5,63.6,96.7,74.4,91.0,53.2,36.4,32.7,40.4
178.1,80.8,110.7,85.5,100.0,60.0,38.5,38.5,43.7
162.2,54.7,83.2,74.1,93.2,54.7,33.1,29.0,34.9
154.2,51.0,84.4,68.9,85.8,51.6,33.8,29.1,33.1
164.0,56.7,89.9,71.6,93.8,55.4,35.9,27.9,37.6
159.9,67.5,99.7,84.3,96.1,57.2,38.5,32.1,36.4
165.6,60.5,88.8,75.7,98.2,57.9,37.1,29.1,38.7
165.1,50.0,82.8,66.0,86.7,50.0,34.0,26.0,35.7
154.1,52.6,85.5,75.5,88.8,51.9,34.4,28.0,34.8
157.4,49.7,80.3,69.1,92.8,54.8,34.5,26.3,32.8
152.4,57.0,88.8,90.7,91.5,49.9,33.6,29.9,33.4
159.5,69.1,99.4,89.5,99.3,59.6,36.8,34.0,36.4
171.4,66.2,92.5,79.0,98.0,61.3,38.9,28.6,39.3
158.4,62.0,91.7,80.6,100.0,57.4,37.0,30.8,33.3
156.8,51.9,81.8,68.6,90.9,54.2,36.0,26.5,35.4
160.0,54.8,90.4,71.3,91.4,54.5,34.5,28.4,36.8
166.2,89.3,102.8,97.7,121.8,74.0,43.5,34.7,38.4
151.3,60.3,89.0,87.0,95.7,55.8,36.2,32.8,34.4
151.8,56.6,90.6,78.5,94.2,53.0,35.9,28.6,36.3
147.4,46.7,81.3,78.9,91.5,53.1,32.3,27.2,35.1
152.4,52.0,81.5,73.0,95.0,56.3,33.2,28.0,34.4
153.6,52.8,82.8,69.5,92.9,55.6,34.5,28.7,33.8
161.3,52.5,81.9,76.0,93.3,53.2,32.8,25.9,33.8
156.2,62.8,95.2,86.3,97.1,55.0,34.6,32.7,34.4
167.0,67.6,89.0,87.0,97.0,55.7,36.3,29.8,36.4
157.7,46.4,81.8,68.1,87.5,48.6,32.1,24.0,35.3
159.6,51.8,84.9,71.5,93.5,51.8,33.9,27.2,35.3
159.6,54.2,87.5,77.5,91.5,48.9,31.3,28.9,34.6
149.7,50.3,90.5,80.2,82.5,46.8,32.8,28.6,36.1
150.0,47.5,85.4,74.3,89.9,51.9,33.1,26.2,34.1
166.4,67.9,95.1,83.2,100.9,59.4,35.5,32.3,36.7
161.3,60.0,90.0,82.6,91.6,52.9,34.1,29.8,35.5
153.3,65.4,91.2,79.2,99.6,60.1,39.9,33.3,36.6
164.0,55.9,83.1,73.3,92.7,55.9,34.7,27.5,36.0
163.0,59.0,88.7,78.7,92.0,52.9,34.0,30.6,37.7
157.5,44.8,74.3,66.3,86.6,50.3,33.9,23.0,34.8
158.7,46.3,80.2,63.1,87.7,50.2,32.5,26.7,35.2
159.4,61.0,88.5,85.8,95.8,54.8,35.6,29.9,34.5
152.8,45.9,80.1,71.0,84.0,44.5,32.1,26.0,33.4
156.3,49.5,79.2,66.8,89.9,52.4,34.4,26.7,34.4
159.1,52.0,83.7,74.9,92.2,51.3,31.6,28.7,36.0
156.1,56.4,88.0,81.2,90.1,51.0,32.2,30.7,32.8
151.1,58.7,87.4,86.0,96.2,54.9,36.2,29.9,32.4
173.1,75.2,97.6,91.7,106.4,62.0,37.5,33.8,39.0
164.4,67.3,92.0,81.7,97.6,57.0,37.5,31.1,34.8
158.0,46.7,82.1,70.5,87.9,47.8,31.8,26.4,34.5
155.8,60.5,90.4,90.0,94.4,52.7,35.8,30.0,33.8
156.1,65.5,95.9,91.0,97.2,53.8,38.4,31.5,36.4
164.8,52.8,83.6,74.9,91.7,52.4,32.9,27.2,35.3
157.2,60.5,87.8,72.0,101.8,61.6,36.7,32.0,34.5
160.9,77.0,97.7,83.9,104.0,61.3,42.1,35.2,37.8
161.2,77.4,102.4,97.6,105.3,60.9,37.1,31.9,36.3
152.0,60.5,90.0,86.8,99.0,59.0,36.5,30.4,35.2
158.2,53.8,87.8,78.7,89.8,50.6,35.1,28.3,32.9
164.2,69.6,97.5,86.2,98.6,57.6,38.0,32.6,36.8
163.7,90.5,103.3,98.2,113.4,69.8,45.9,36.7,36.3
154.3,77.4,99.3,100.7,111.0,65.6,38.2,34.5,36.8
158.2,45.7,78.0,67.9,89.6,51.1,33.0,24.3,36.1
151.4,56.3,90.6,85.0,94.3,55.2,32.9,30.6,33.3
176.1,57.2,86.3,69.2,95.4,51.9,33.6,26.6,36.3
174.0,69.7,91.2,78.8,108.6,60.6,37.5,29.9,36.7
162.1,50.5,86.7,64.8,89.8,54.0,32.4,27.8,35.3
152.8,50.5,85.4,74.4,91.3,53.8,31.3,27.2,35.1
155.3,44.6,80.5,66.9,86.8,49.4,31.0,24.4,34.7
164.3,62.9,91.2,72.9,97.5,60.4,37.4,28.2,38.8
155.1,52.9,86.0,78.4,92.0,53.2,33.4,28.2,33.7
152.7,49.8,83.8,98.1,90.0,52.9,32.9,25.8,33.8
159.1,48.2,83.0,69.5,87.3,49.5,30.0,24.6,34.1
158.6,52.1,80.0,70.2,87.0,51.3,32.0,30.0,35.7
162.1,44.4,78.8,61.4,80.6,47.8,30.8,26.2,35.0
151.2,60.0,89.8,80.4,95.3,53.1,34.1,31.0,35.3
163.1,73.0,93.6,91.2,103.1,64.6,39.0,30.2,34.9
161.4,62.9,95.5,88.8,98.9,57.8,33.6,32.2,37.7
153.5,65.0,95.9,97.2,89.3,50.4,32.9,32.3,35.4
153.2,52.4,88.4,70.9,93.0,53.8,33.8,29.5,35.1
165.4,58.1,85.3,74.4,97.6,58.7,35.2,28.2,35.4
149.8,57.3,90.2,81.1,97.4,58.2,35.4,29.1,33.3
152.8,75.7,98.3,100.2,103.8,61.5,42.7,36.2,35.4
156.4,57.7,86.8,75.6,97.2,58.9,35.3,28.4,34.8
156.2,55.2,88.3,74.0,92.6,52.8,34.8,30.6,36.5
158.6,62.4,95.8,84.7,96.4,54.4,36.2,31.2,38.7
160.0,59.8,88.8,76.1,96.4,55.1,35.7,28.9,37.9
160.1,55.3,87.1,73.8,96.0,54.6,34.0,30.2,36.5
168.6,64.3,90.0,77.1,95.4,57.6,39.0,30.6,36.5
153.1,67.4,97.7,93.1,97.1,58.0,37.4,30.6,34.8
157.8,48.1,80.0,67.5,89.3,51.0,33.8,27.0,34.3
160.7,68.9,97.9,85.5,100.0,58.0,40.5,35.0,37.3
151.4,47.4,86.4,72.4,82.8,44.1,32.3,27.2,34.0
165.9,60.9,90.1,80.9,94.5,55.7,35.6,29.8,39.0
176.4,77.4,94.8,93.2,107.3,63.2,39.7,32.2,37.8
166.6,70.1,99.7,90.2,98.1,56.3,36.6,31.6,41.4
180.9,78.7,101.9,86.0,98.9,60.7,38.9,34.0,41.8
183.3,74.4,103.0,81.1,97.6,56.7,36.0,32.0,40.1
178.3,72.6,100.4,74.8,97.2,58.4,37.0,34.3,42.0
186.6,85.7,103.9,95.8,105.8,58.2,37.1,33.4,40.2
184.4,78.6,105.3,82.3,98.5,55.9,37.6,33.7,42.6
160.2,64.6,97.6,92.8,89.7,55.2,33.5,30.7,35.8
180.0,76.3,104.3,87.0,96.1,56.4,37.9,33.6,41.4
170.4,72.8,93.0,88.5,98.5,58.9,38.1,32.6,37.4
175.7,70.6,97.8,83.0,95.9,57.6,37.2,30.6,39.6
182.8,73.7,100.2,76.4,97.8,56.3,37.9,30.4,40.7
178.0,116.8,112.5,108.9,121.6,77.0,53.0,40.4,40.4
179.1,80.8,102.4,85.3,97.4,60.1,39.6,34.3,40.3
178.9,80.6,106.9,84.3,100.6,62.0,38.4,35.6,39.3
167.1,62.4,96.2,79.6,94.0,56.1,34.2,31.7,38.8
170.2,71.3,98.5,84.7,96.0,54.0,38.2,32.8,38.9
169.1,69.4,99.8,83.9,92.3,52.4,37.7,31.2,40.6
167.9,70.1,98.0,85.3,94.7,57.3,38.1,33.7,39.0
172.5,73.1,101.6,87.6,96.0,55.9,36.7,33.9,38.9
180.1,80.9,108.0,87.6,99.7,59.3,37.9,32.7,40.7
176.7,72.1,108.1,82.2,94.0,54.2,36.0,35.7,40.4
171.1,75.0,101.4,82.0,100.0,60.6,41.5,33.4,40.8
173.8,89.9,104.4,101.0,104.4,60.5,45.3,35.9,39.1
176.0,84.3,102.4,92.8,99.7,59.5,39.6,35.6,39.8
167.9,64.7,93.0,73.4,93.8,53.6,36.8,29.3,39.0
174.5,62.7,90.8,73.9,94.8,55.1,35.3,31.2,38.3
169.9,75.9,104.2,84.5,97.9,59.5,40.1,35.9,39.4
170.0,56.1,85.1,77.8,83.9,47.6,34.5,28.0,36.3
168.6,67.5,95.9,78.4,93.1,59.4,38.3,32.8,37.2
176.0,91.3,112.1,100.0,103.5,63.7,41.0,39.6,39.9
173.6,89.8,109.6,90.2,105.5,64.3,43.0,39.4,40.9
175.4,76.8,102.2,90.2,99.4,58.8,37.0,35.1,40.7
172.3,56.8,87.3,74.0,88.0,50.0,33.6,27.2,38.0
174.7,92.2,111.5,97.0,107.3,68.3,42.6,39.0,39.8
171.0,71.9,98.6,93.8,95.5,53.0,36.7,30.8,40.1
164.1,68.3,94.8,88.4,95.5,55.2,38.6,32.8,38.8
168.7,63.1,89.9,77.2,92.8,52.8,36.4,30.2,39.3
172.8,68.5,99.0,84.5,95.5,52.9,38.1,31.1,41.0
174.2,74.5,95.6,86.0,97.8,60.4,40.9,32.6,37.0
173.7,80.7,101.5,91.4,102.8,62.7,40.3,33.5,39.4
155.7,62.8,95.6,87.6,86.9,48.8,35.5,31.8,35.2
161.4,59.1,89.4,84.7,92.6,54.4,32.5,30.3,35.4
168.8,70.9,97.8,88.8,103.0,56.8,36.2,31.9,37.2
146.7,51.5,83.0,72.3,95.8,54.0,34.5,27.8,33.2
170.5,55.9,84.7,72.6,90.4,51.9,33.1,26.6,37.8
154.4,56.5,89.8,85.3,95.7,49.4,31.5,30.6,34.1
153.5,71.4,94.1,95.0,111.7,68.4,38.2,29.6,34.4
149.4,66.1,98.1,95.4,103.6,56.6,37.3,31.3,37.0
163.0,78.1,93.3,92.5,115.1,69.2,40.3,34.3,36.7
164.7,60.7,90.1,83.8,96.0,54.4,33.1,31.7,35.8
153.3,78.2,93.4,99.4,110.1,67.7,40.8,34.1,35.4
161.1,55.8,87.7,75.1,96.3,52.9,34.9,28.9,37.0
157.2,60.0,92.3,83.1,90.3,51.0,35.7,32.1,35.0
157.3,67.7,92.0,76.3,103.0,60.5,40.0,31.8,35.4
157.6,57.5,91.2,73.5,92.6,56.7,34.9,30.2,33.0
153.6,48.0,82.0,72.0,86.5,50.2,30.4,26.7,35.2
140.4,56.5,88.1,87.3,101.7,59.5,35.3,30.8,31.4
150.7,62.7,91.3,94.5,91.5,52.9,40.8,30.8,35.8
159.2,59.4,85.2,80.0,95.1,53.9,33.8,30.7,34.4
155.2,70.3,95.7,91.9,102.0,59.5,37.2,33.2,36.8
158.3,54.4,89.4,72.1,91.9,54.7,33.8,28.2,31.2
161.4,50.6,81.2,68.8,89.2,50.6,35.4,24.7,34.4
159.8,55.4,86.0,78.8,95.2,51.8,32.4,27.9,34.4
158.2,61.1,92.5,88.8,96.0,52.3,34.6,29.5,34.8
150.8,72.6,95.7,103.6,104.0,59.9,39.2,31.4,35.4
174.1,58.5,90.2,70.7,92.8,54.9,35.0,28.2,37.7
156.2,55.5,84.0,76.0,96.5,55.4,36.0,28.1,34.4
157.0,68.8,95.5,93.5,100.4,54.5,35.9,30.8,36.5
153.7,56.0,84.2,75.5,95.8,56.3,35.9,28.4,34.2
159.4,65.6,90.0,81.2,97.6,56.6,39.5,30.7,33.5
159.7,53.6,88.9,75.1,93.1,53.2,33.1,29.2,33.1
162.4,51.9,80.7,69.7,90.2,51.7,33.0,26.6,34.3
149.9,55.7,85.4,83.8,89.8,52.5,35.6,30.4,35.4
157.6,69.6,97.0,90.2,97.0,58.7,36.6,32.5,37.4
165.0,58.5,86.4,75.8,95.7,56.8,34.3,30.8,34.4
161.5,63.9,91.3,84.5,100.4,58.9,35.9,31.3,37.8
154.4,53.0,86.2,74.0,93.5,52.3,34.4,28.0,35.0
160.3,73.0,97.6,90.2,105.9,61.2,39.1,34.5,34.4
156.1,51.5,84.5,75.9,86.6,48.4,30.5,29.0,33.0
147.6,53.3,86.0,82.4,93.1,52.9,33.2,28.0,34.6
163.0,50.8,81.9,70.1,88.8,51.6,32.2,27.8,34.4
174.0,60.1,94.6,70.0,90.7,52.9,33.3,30.2,38.4
175.3,70.9,101.0,86.3,97.9,56.2,33.7,33.8,39.6
180.1,69.8,99.5,78.6,90.6,52.6,36.7,30.8,40.3
169.4,66.3,96.2,82.9,91.0,50.9,37.9,28.8,40.2
164.1,65.1,95.1,81.7,90.4,53.0,37.9,30.9,39.3
174.1,76.7,106.8,89.2,98.8,58.3,38.6,35.7,40.4
167.4,70.1,98.4,84.0,93.3,57.3,38.7,33.3,39.3
175.2,77.0,102.5,90.3,103.0,57.8,36.3,33.9,40.1
179.0,97.1,108.1,103.6,110.0,66.6,41.8,37.6,40.6
162.5,67.9,103.0,91.9,94.8,53.1,35.0,30.2,39.0
175.4,63.7,94.5,76.0,90.5,52.4,36.7,29.8,37.8
171.5,59.6,93.2,74.5,87.2,49.5,32.8,30.2,36.0
176.0,73.3,102.8,75.7,98.3,59.0,38.2,34.2,39.1
176.3,73.7,103.7,82.1,96.4,54.1,36.6,34.6,41.2
159.1,64.8,95.2,90.6,90.8,52.4,36.5,30.9,36.4
167.6,70.2,96.8,82.8,94.9,52.5,38.9,32.3,40.8
176.7,79.0,100.9,84.0,100.8,60.6,39.6,34.6,39.4
179.1,75.5,100.0,83.5,97.7,58.9,40.4,33.2,39.9
189.2,92.7,112.8,81.2,107.0,67.2,42.1,38.1,42.7
162.1,77.8,102.2,95.0,98.4,56.5,41.4,35.2,38.5
168.5,72.8,98.2,87.3,95.3,56.3,41.6,32.4,39.1
167.2,74.0,102.4,87.5,97.7,57.6,40.2,32.2,38.2
167.8,82.6,101.3,93.0,105.8,71.0,42.8,35.4,38.8
163.8,57.2,92.7,72.8,87.9,51.9,34.6,29.1,37.9
170.5,70.1,103.7,81.6,93.2,56.5,36.9,32.2,38.5
168.4,72.9,96.0,84.2,98.5,57.6,40.4,32.1,38.7
162.0,67.7,85.4,88.5,96.0,56.9,36.3,30.0,38.1
171.0,76.7,104.3,94.7,96.0,56.6,38.6,31.9,41.2
171.4,61.7,95.6,75.7,89.1,52.2,35.5,31.9,40.4
172.0,79.5,105.6,94.9,101.2,56.9,39.5,34.9,39.4
172.3,67.3,96.3,76.1,94.2,55.4,36.7,33.1,42.1
179.0,91.5,104.7,92.8,105.2,66.4,45.0,36.5,40.8
179.9,74.9,100.6,80.8,94.7,56.8,37.6,34.3,39.8
165.4,71.1,96.7,89.5,96.0,53.4,38.9,34.4,39.4
170.2,77.0,97.7,90.4,101.6,60.2,38.9,32.8,36.2
173.1,101.9,114.3,106.6,105.5,65.2,43.3,38.0,41.8
169.7,67.0,95.8,78.3,93.7,56.6,36.3,35.7,37.1
176.6,84.7,106.1,98.5,104.4,57.2,37.6,36.2,39.8
164.4,67.5,96.6,83.4,95.8,56.4,38.0,31.8,36.9
170.2,70.7,98.6,85.0,93.2,53.8,36.5,32.1,39.9
161.2,76.4,99.3,88.5,104.3,66.4,41.3,34.5,37.3
166.1,61.8,85.5,75.2,103.0,56.9,37.5,27.2,38.3
158.9,61.9,92.7,80.4,99.7,58.0,37.2,30.1,38.8
168.9,65.5,92.0,85.2,94.9,53.2,34.1,30.0,37.0
166.3,57.2,86.9,74.2,92.4,52.2,33.0,28.1,38.4
160.5,59.3,88.2,79.5,94.6,54.8,34.7,30.2,36.1
160.9,53.3,90.8,77.3,91.0,51.3,34.1,27.1,36.1
166.0,53.6,81.8,70.9,90.9,50.0,33.2,25.7,34.9
154.9,61.1,91.2,90.7,97.1,54.4,35.3,28.3,33.8
152.1,64.3,98.2,92.7,93.3,51.4,35.5,30.6,37.7
156.5,54.9,83.7,74.0,97.6,58.5,34.8,28.4,35.9
159.9,82.1,100.2,106.5,101.3,63.7,42.4,37.0,38.1
168.1,75.3,95.5,88.2,105.9,58.9,40.1,34.2,38.7
163.9,60.7,90.6,83.7,95.6,52.6,31.9,29.6,36.5
159.4,61.1,91.5,81.9,97.7,56.5,37.5,30.2,34.2
151.6,63.7,91.6,87.6,96.4,57.5,38.2,31.4,33.5
154.6,62.2,94.0,84.2,96.3,55.5,35.7,33.0,33.6
150.6,48.2,87.0,75.9,86.0,50.4,30.4,28.2,33.3
168.3,57.3,84.0,77.7,93.7,51.6,35.0,28.9,35.8
156.5,51.8,83.6,72.9,91.8,54.6,34.8,27.3,34.6
154.5,53.4,88.8,79.0,89.8,52.8,33.5,30.0,35.3
153.1,39.8,77.0,66.4,80.6,43.0,30.0,22.2,34.8
164.9,66.5,90.8,78.1,101.0,59.4,39.0,29.9,36.6
166.3,54.7,81.5,71.4,95.4,52.5,33.4,26.7,35.4
169.2,62.3,86.7,78.2,95.9,55.1,35.3,31.3,35.9
156.9,69.3,94.3,95.1,107.0,65.4,37.0,33.9,35.2
159.2,45.3,77.8,66.5,84.0,47.8,31.7,23.8,33.7
166.2,60.3,87.0,78.4,97.4,54.8,35.4,27.2,37.1
155.8,53.3,84.4,76.0,93.2,54.5,32.9,27.8,33.2
165.2,54.5,86.3,74.4,90.9,50.7,32.4,26.8,38.7
163.0,49.4,79.9,68.4,89.3,52.5,31.8,24.2,35.0
173.5,81.2,97.6,95.3,104.7,57.8,39.3,32.0,38.2
152.8,62.5,95.1,88.9,95.8,55.7,35.0,31.1,34.5
155.1,49.5,84.8,73.5,85.5,48.8,34.9,26.3,34.6
154.2,71.7,99.9,91.8,101.7,57.0,39.0,32.5,35.4
157.1,55.2,90.1,76.5,92.1,54.2,33.1,29.3,34.5
169.1,51.2,82.7,64.8,91.8,48.7,31.5,25.0,34.7
157.2,82.8,97.4,96.5,114.0,71.7,44.5,34.6,33.6
163.6,49.6,79.7,69.8,86.1,51.3,32.3,27.0,34.4
153.4,57.4,90.8,83.1,89.6,51.7,36.9,32.3,34.0
148.2,67.8,92.0,97.0,100.5,61.9,37.0,32.6,35.5
145.5,49.1,82.5,80.8,87.4,51.8,31.4,29.5,31.5
159.1,66.1,88.7,82.5,97.0,59.4,37.9,30.3,35.7
160.0,70.2,96.0,88.1,103.0,63.1,39.2,33.4,37.8
159.7,41.8,78.2,62.1,82.1,45.2,29.8,22.1,32.8
174.0,63.4,94.8,75.2,94.8,53.5,34.0,31.3,37.7
176.2,66.8,93.6,76.2,93.7,54.1,37.5,31.8,40.4
172.5,67.0,99.4,74.2,91.7,52.5,36.7,33.8,42.2
173.5,70.3,102.9,72.8,93.6,55.2,40.0,34.0,40.7
176.7,73.9,97.8,89.6,96.9,51.4,35.6,31.0,40.8
174.2,75.0,97.8,78.2,94.6,58.3,38.7,36.8,39.3
163.5,66.5,100.1,91.8,89.2,49.3,35.3,31.2,39.8
177.1,92.4,111.5,100.3,105.2,62.7,42.4,35.8,43.7
158.1,58.8,94.1,79.2,87.2,50.0,33.0,29.1,36.3
172.7,89.2,109.4,96.5,104.7,63.9,42.0,36.6,41.1
171.3,68.5,106.2,78.1,90.9,52.6,34.2,31.7,39.9
168.4,63.6,95.1,87.5,90.2,50.0,34.1,30.3,38.9
168.4,99.0,116.4,115.9,103.7,65.0,41.2,39.0,38.3
177.0,74.6,105.2,78.7,98.0,60.3,38.2,34.4,40.8
166.2,56.7,94.5,69.9,87.2,52.2,34.2,28.2,37.4
175.6,85.2,106.0,96.4,106.9,62.2,40.4,36.0,43.0
167.8,86.1,108.2,105.4,101.5,57.0,38.8,35.6,38.5
170.1,89.4,105.0,101.5,104.4,58.4,39.5,36.2,41.2
159.0,78.1,98.8,102.5,98.8,59.0,39.8,35.4,38.8
167.7,78.7,106.0,87.0,99.3,59.8,38.7,34.5,39.8
166.7,63.3,102.4,80.3,90.5,52.5,36.2,32.0,37.8
179.0,83.6,104.9,90.0,100.2,59.1,37.8,34.6,40.2
180.6,79.0,104.9,88.2,96.0,56.3,38.4,33.2,39.1
170.4,75.3,96.7,82.9,101.9,62.1,39.4,32.3,38.8
159.4,55.2,88.7,75.9,85.7,51.9,33.9,28.7,35.3
162.6,80.6,106.4,96.0,103.2,63.4,38.7,36.5,38.5
170.1,78.6,105.3,89.2,98.0,59.2,39.3,32.7,36.8
173.5,77.0,98.6,87.5,97.8,58.6,41.1,32.4,38.3
173.6,71.0,97.5,81.6,93.5,53.5,40.0,32.0,39.8
167.4,68.3,99.1,82.6,96.6,56.3,36.0,30.7,38.7
172.8,68.4,98.5,80.8,93.8,55.4,33.9,32.0,39.7
173.6,104.3,111.0,111.0,108.7,66.2,42.8,40.3,40.3
173.6,71.0,97.2,87.3,94.3,55.6,36.4,34.0,39.6
170.7,84.2,104.7,93.5,100.6,62.0,41.4,36.0,39.2
165.9,73.3,102.8,88.0,94.3,56.8,38.1,33.0,39.9
165.2,72.9,94.5,93.4,98.3,58.5,37.3,31.5,37.4
160.6,72.3,99.5,94.0,94.7,55.4,38.3,34.3,36.4
169.4,54.2,86.0,71.9,86.1,47.2,32.5,27.0,36.1
177.4,78.6,101.7,86.7,97.8,58.1,39.1,34.8,36.8
173.6,60.8,93.7,74.0,88.3,51.8,33.8,29.5,39.9
166.8,59.5,94.9,80.9,87.0,47.2,33.0,29.4,39.6
178.1,84.3,104.4,96.4,100.5,60.6,40.0,35.9,39.2
181.1,86.2,106.2,89.2,102.3,60.0,41.3,36.0,41.7
168.1,74.1,97.7,91.2,97.0,58.7,41.1,33.3,37.8
170.8,67.6,102.3,80.9,94.4,53.0,37.9,31.0,41.5
180.8,87.3,106.0,94.6,102.6,60.7,41.4,34.6,40.9
175.5,81.1,104.0,89.6,101.2,58.3,41.7,33.6,41.2
170.1,72.6,100.9,86.3,97.3,56.9,37.5,32.0,37.3
176.1,79.1,101.8,88.4,100.5,57.9,38.5,34.2,38.9
173.5,90.7,107.0,109.9,102.5,62.2,39.6,34.2,37.8
161.3,66.0,98.5,93.3,91.7,53.3,36.3,31.5,36.2
172.4,58.2,91.2,73.9,88.0,51.0,34.4,28.2,37.9
174.5,75.3,103.5,86.2,97.5,57.9,38.4,33.0,40.9
171.4,75.3,102.5,92.9,99.1,60.1,36.7,34.0,37.9
179.3,100.9,113.2,104.2,107.8,67.8,43.4,37.6,41.4
171.1,68.8,100.2,82.2,93.5,53.1,38.1,33.0,38.9
168.4,69.5,97.2,92.0,93.8,51.5,34.7,30.2,39.9
180.5,73.8,105.0,84.0,99.2,56.7,34.8,34.7,42.6
171.9,71.9,102.0,87.7,96.4,57.0,35.5,32.4,35.9
176.5,100.4,114.3,110.3,113.5,67.9,43.9,39.1,40.9
174.6,79.1,102.2,95.5,97.2,54.1,38.3,32.5,38.9
175.8,78.0,100.3,94.1,96.0,59.2,38.0,34.8,39.6
174.1,62.6,94.4,72.9,88.6,51.5,33.8,30.5,38.6
175.7,73.6,100.1,88.0,95.5,53.0,37.4,32.2,38.9
166.0,64.1,99.3,82.4,95.5,55.5,37.1,30.0,38.9
168.8,68.8,99.3,83.5,97.4,57.8,36.4,31.8,40.4
189.2,88.2,106.6,84.8,105.0,61.1,40.7,35.2,41.2
174.8,53.2,94.0,67.9,82.7,45.9,31.6,27.2,39.0
170.8,75.4,101.8,87.5,99.5,60.2,39.8,35.4,39.9
170.5,59.1,95.0,76.7,89.0,51.2,34.2,29.0,39.8
170.4,70.1,100.6,86.2,94.0,55.9,37.3,30.7,41.1
175.4,80.8,102.5,86.7,102.2,59.2,40.2,33.4,40.0
165.5,72.3,95.8,99.4,93.6,52.0,37.4,31.5,38.7
167.2,62.7,95.1,74.3,91.5,53.2,36.2,31.2,40.6
164.0,69.8,96.0,86.5,93.5,53.8,40.7,30.0,38.2
163.4,63.1,96.3,78.4,91.6,55.0,38.9,31.8,40.9
169.7,68.0,96.0,89.3,88.9,51.0,37.5,33.0,38.0
162.6,68.2,103.9,85.4,93.5,57.2,38.7,32.7,35.1
159.7,59.7,90.1,79.9,87.7,51.1,36.8,30.8,35.2
168.3,57.4,92.4,74.5,88.2,49.6,35.8,27.3,40.6
175.6,88.7,101.9,99.4,106.4,62.9,43.2,35.5,38.4
150.3,46.4,80.4,72.0,85.9,48.7,31.8,26.0,33.4
153.0,46.7,84.0,72.4,88.7,47.1,31.0,26.7,34.5
170.5,64.4,88.4,75.2,95.8,56.9,38.2,27.0,36.4
162.4,45.9,80.4,63.2,87.4,48.2,30.4,26.3,34.6
160.0,59.8,91.3,77.4,95.1,52.9,33.8,30.2,35.1
159.0,58.2,89.9,81.7,91.9,50.9,34.4,30.0,35.4
157.1,49.5,79.7,69.7,90.8,50.4,34.0,25.9,34.4
155.0,44.7,76.4,67.3,84.6,48.9,33.4,26.7,33.8
157.0,43.6,76.2,63.5,89.8,48.7,30.7,25.3,33.8
166.5,50.9,82.7,67.5,89.0,51.8,32.7,26.2,38.7
157.8,54.4,83.8,75.2,88.7,51.0,35.0,27.8,35.1
152.1,49.6,82.8,74.1,87.6,51.5,32.8,27.5,32.4
158.0,50.6,83.3,71.5,89.0,48.0,32.5,27.8,33.4
153.0,55.3,86.5,83.5,90.5,51.0,35.7,27.0,35.1
161.0,56.2,88.2,77.8,93.1,52.2,35.2,27.7,36.3
153.1,47.8,83.0,73.6,87.6,48.7,30.6,26.5,33.6
160.8,47.6,79.5,68.0,88.6,50.3,30.7,26.3,33.4
155.9,77.8,97.6,105.7,105.4,59.0,39.3,36.0,33.9
159.8,56.0,87.5,74.8,95.2,54.5,35.2,29.2,36.0
151.1,61.1,91.1,84.4,97.7,60.1,34.5,30.5,36.4
156.4,68.9,96.9,92.9,97.8,53.3,36.4,32.7,35.4
161.2,45.6,80.3,61.7,86.1,49.1,33.7,24.6,35.8
156.7,59.6,86.7,83.0,97.0,58.2,35.7,29.8,34.8
166.7,59.8,88.8,69.4,93.9,54.9,36.3,29.6,35.9
152.7,50.3,88.8,77.5,88.1,48.4,32.5,28.2,34.7
160.4,53.5,87.5,74.4,91.3,49.0,33.9,27.7,36.2
170.4,55.9,80.6,77.3,93.0,50.1,32.6,27.8,36.4
156.5,56.8,84.0,80.0,92.3,54.4,35.1,28.7,31.4
149.0,47.6,81.6,68.1,85.8,50.7,34.4,26.5,32.6
151.1,53.3,88.6,79.2,87.6,51.2,32.2,28.2,33.9
158.1,43.5,76.5,60.9,86.2,47.4,30.5,25.0,34.2
157.4,51.0,87.3,75.3,87.4,49.2,33.3,28.2,35.0
162.4,79.0,94.0,101.4,109.0,66.9,40.0,35.2,32.4
163.9,62.2,85.0,78.9,102.6,61.1,36.3,29.9,34.4
149.0,65.9,94.5,86.7,100.3,60.2,37.2,33.3,33.6
155.2,61.8,89.7,89.4,92.2,52.9,35.3,32.9,32.6
169.3,70.6,94.5,93.6,98.4,55.4,36.4,34.3,37.8
153.5,47.6,79.6,72.5,85.0,47.5,32.7,25.8,33.3
158.9,64.7,90.7,84.7,95.3,57.1,37.0,32.0,35.4
156.1,49.2,82.0,73.8,84.7,42.9,33.0,26.1,33.2
161.3,66.3,90.1,84.6,98.2,57.2,37.8,31.2,38.4
171.1,93.9,109.6,103.0,105.5,61.8,40.8,37.2,42.5
170.8,76.0,104.3,88.4,98.3,59.8,39.7,34.5,38.1
180.0,99.1,112.3,99.7,107.7,66.4,44.3,38.2,40.2
176.7,68.4,93.0,86.8,93.2,51.2,36.1,29.9,38.4
167.8,78.5,103.2,94.0,99.5,56.9,38.6,32.7,37.2
183.5,95.5,110.7,102.2,104.1,60.0,39.4,37.1,43.3
170.0,79.9,103.5,89.3,100.5,60.4,42.5,31.6,40.4
168.3,85.4,109.7,97.0,100.5,63.3,40.1,33.6,40.3
174.0,72.6,100.9,86.5,98.8,57.7,36.0,32.4,39.2
167.7,67.7,94.8,82.7,94.5,55.0,37.8,31.4,38.2
171.3,74.1,100.5,85.0,97.7,58.4,39.2,32.4,38.9
176.0,83.4,109.5,81.7,100.1,61.2,42.1,35.7,41.0
175.6,99.9,114.2,109.8,108.9,65.3,43.9,37.7,42.6
162.8,57.6,93.0,79.6,87.5,48.5,32.2,30.0,39.7
168.3,60.1,91.8,74.7,88.0,50.7,34.1,30.9,39.0
169.5,72.6,100.5,97.2,97.4,53.1,36.4,31.1,38.4
164.8,59.6,94.0,87.5,87.2,48.2,34.3,29.5,36.6
159.4,65.0,93.9,87.1,93.9,52.6,34.9,30.8,34.8
165.7,64.4,94.4,83.8,90.3,49.9,35.4,30.0,38.4
166.8,82.8,101.7,100.2,102.3,58.9,41.3,33.5,39.8
179.5,75.5,99.5,87.5,96.3,55.0,38.7,31.5,40.0
177.8,74.0,99.4,87.7,94.3,53.3,36.6,30.3,40.0
167.1,61.3,94.3,86.5,85.8,48.4,33.7,29.3,38.1
157.2,88.4,106.7,112.4,105.7,63.2,40.0,37.4,38.2
173.1,94.4,109.6,97.2,106.3,63.0,43.5,36.4,38.0
175.5,78.7,112.2,87.4,99.1,57.3,36.7,33.7,40.0
176.5,89.7,111.0,95.3,101.5,61.4,41.8,36.6,37.9
180.4,85.4,104.2,93.0,103.4,60.2,39.5,35.6,40.4
176.1,81.1,105.3,90.2,102.3,59.7,38.0,34.2,38.2
170.0,67.4,101.2,85.2,94.4,56.6,36.9,33.1,36.4
166.3,64.5,91.8,84.5,90.7,52.7,35.0,30.3,35.3
160.4,95.9,111.3,115.0,108.8,64.0,42.7,38.2,40.6
170.8,79.1,102.2,96.8,98.1,55.8,38.7,35.0,37.9
166.2,67.9,97.7,77.2,96.4,58.5,38.3,34.4,39.6
154.7,49.2,87.6,73.0,82.5,47.4,30.3,28.2,35.0
161.9,62.4,92.7,84.8,88.4,51.8,35.0,32.2,38.3
160.6,63.7,95.3,88.8,91.5,51.4,36.2,30.1,38.3
173.5,82.8,109.7,92.1,98.4,57.4,37.8,37.6,41.0
159.2,61.9,90.7,88.6,91.3,54.4,34.1,30.6,36.2
174.0,67.3,94.0,79.0,87.9,48.4,36.2,30.7,37.6
166.5,69.3,99.2,89.0,91.8,52.7,36.5,33.3,38.4
165.6,79.1,103.0,91.3,97.2,56.5,39.7,33.4,37.1
174.4,78.9,100.2,95.8,96.4,56.2,37.3,33.1,39.8
176.0,78.2,103.7,86.0,98.7,58.4,38.2,34.7,38.3
172.9,76.3,96.2,89.2,97.4,55.8,37.4,30.8,40.8
170.4,70.8,97.2,86.6,97.3,57.6,38.9,33.0,37.6
166.8,56.3,88.4,72.0,91.9,53.2,34.0,28.8,36.7
161.5,62.7,92.2,76.0,99.6,56.3,37.2,29.9,39.1
163.4,55.9,82.5,70.3,92.0,54.1,33.8,27.6,34.7
160.4,51.1,81.0,70.7,90.6,53.4,32.0,28.6,30.8
155.4,59.6,92.8,82.4,94.1,52.6,34.1,29.9,35.1
151.0,48.7,88.3,75.1,86.9,47.9,31.2,27.1,34.9
163.1,63.0,91.7,86.0,91.5,50.5,35.3,30.2,36.1
155.5,68.2,95.5,90.2,96.0,56.2,37.9,33.4,37.4
157.8,60.2,92.5,82.2,96.3,53.4,33.0,31.0,35.8
169.5,59.5,85.7,71.6,94.0,56.5,36.4,26.8,35.3
159.9,50.8,84.8,70.4,91.3,48.9,32.0,26.5,35.4
157.1,61.0,90.5,80.5,100.0,57.8,37.6,29.7,34.7
162.3,48.3,76.5,64.6,88.7,48.7,34.1,25.8,35.4
151.1,60.6,91.0,90.5,92.0,54.5,36.5,31.6,32.6
161.5,47.4,80.6,63.3,89.0,49.8,31.4,25.7,35.8
150.5,37.4,72.5,62.0,81.2,45.0,27.4,21.6,33.4
161.2,76.2,98.2,98.2,100.7,58.9,37.2,35.0,36.6
158.5,62.3,91.0,83.0,90.5,52.7,36.1,32.4,34.9
154.4,69.9,98.1,94.0,98.0,56.1,36.7,34.3,38.4
169.0,58.3,83.1,73.4,95.3,53.3,36.2,28.2,36.7
148.8,65.2,91.1,89.4,97.1,52.7,34.5,30.6,34.4
159.3,59.1,88.5,81.7,96.9,58.7,34.7,28.9,34.1
155.8,64.6,89.2,81.7,96.7,55.9,37.7,32.9,35.9
166.4,67.8,93.3,89.7,100.9,59.1,35.6,31.5,36.4
151.3,55.1,86.0,84.8,93.3,52.1,33.6,28.7,32.0
158.6,59.5,93.8,81.1,90.6,48.7,31.1,29.8,37.5
155.7,57.0,87.5,74.7,93.5,57.6,36.6,28.0,33.9
150.3,57.0,90.3,82.3,87.8,51.7,35.3,29.7,32.4
159.7,59.4,89.5,80.3,95.3,54.8,35.4,29.0,33.9
153.0,49.1,81.3,75.8,87.0,49.4,30.9,28.0,33.2
150.2,51.8,84.3,80.3,85.8,50.4,34.3,29.0,34.0
157.6,49.8,82.6,66.9,86.7,49.9,32.5,25.7,31.6
160.2,52.7,83.7,73.8,87.3,50.4,34.0,26.3,36.2
146.5,56.2,92.7,82.2,88.0,51.8,35.2,29.4,34.6
153.5,60.2,91.5,86.2,94.4,55.6,33.5,31.9,34.2
161.7,51.2,81.2,70.3,90.4,49.5,32.8,28.1,38.6
163.7,52.2,82.6,68.7,93.8,53.1,33.9,25.9,36.7
164.0,58.6,82.9,76.9,95.0,55.0,36.6,27.9,35.4
166.9,53.5,83.8,69.2,93.1,51.9,34.5,26.2,36.4
156.9,52.4,81.7,68.9,89.4,56.1,36.9,26.2,32.3
167.0,63.6,87.2,82.4,97.5,58.0,37.1,30.3,36.2
156.3,53.8,80.3,67.5,92.5,57.2,36.1,26.9,34.8
158.7,65.4,92.0,87.3,102.8,61.2,37.9,32.0,37.0
153.6,53.6,87.2,78.7,92.7,53.6,33.3,27.6,34.7
165.3,57.1,85.7,78.2,93.5,52.3,32.5,29.6,34.1
166.3,68.2,93.9,83.8,98.1,57.9,37.9,31.2,35.9
163.9,58.6,87.1,74.1,98.0,57.2,35.4,27.9,36.0
170.4,57.8,80.8,68.9,92.2,55.6,35.4,26.2,35.0
153.7,68.6,95.4,89.5,104.4,62.0,35.7,33.3,38.8
163.5,50.2,78.6,65.3,97.4,53.5,32.6,24.4,34.8
165.8,62.6,90.5,87.5,98.4,57.4,35.2,27.8,37.5
172.7,53.8,82.4,66.8,92.5,51.6,33.0,24.9,37.5
156.5,46.2,83.0,65.4,90.6,52.4,30.9,25.3,34.2
157.5,64.5,96.6,86.0,97.8,55.8,36.9,31.8,35.6
156.8,67.0,92.1,88.8,103.0,59.6,37.4,30.3,36.9
154.5,66.6,95.6,88.6,106.0,58.9,36.4,32.1,34.8
157.3,54.6,86.4,77.6,91.8,52.4,33.2,29.2,31.5
162.5,60.0,83.4,77.3,102.7,59.7,36.3,26.9,33.4
158.3,52.9,83.7,67.6,95.3,55.7,35.7,26.9,33.6
161.9,55.9,82.8,65.4,92.7,57.0,35.9,27.0,34.9
157.2,47.9,83.3,70.5,87.5,47.5,30.5,26.9,35.4
162.1,68.7,89.6,81.6,104.9,61.0,39.8,32.2,35.4
166.2,78.8,96.9,92.7,109.2,65.6,39.6,32.2,37.4
154.5,55.9,89.5,76.0,92.0,56.4,36.2,29.1,35.3
161.4,50.9,83.1,69.5,90.7,52.8,35.0,26.0,33.8
161.5,64.0,92.6,81.2,95.0,57.2,38.0,29.8,34.8
162.5,64.4,94.9,85.9,97.2,57.5,35.7,31.0,36.6
155.0,49.1,85.4,78.6,89.6,49.6,32.6,26.2,34.8
159.7,47.7,78.0,71.8,89.0,50.4,31.4,25.2,34.1
156.8,68.1,92.1,77.7,104.6,64.5,39.6,32.5,33.8
164.9,60.0,91.1,76.9,97.4,55.8,34.5,28.5,34.8
174.9,57.9,84.4,69.2,93.1,56.8,33.6,26.5,38.4
165.6,75.3,91.8,91.8,106.9,64.7,38.2,33.8,34.4
153.0,44.0,78.0,66.5,83.7,48.0,31.4,25.5,33.8
169.0,51.9,84.1,68.7,85.3,48.6,32.2,25.9,37.4
151.2,54.4,83.5,77.9,90.6,52.0,34.1,31.0,34.4
159.6,57.5,87.7,80.5,89.0,50.7,34.3,27.3,34.9
166.8,50.5,78.3,66.8,88.6,49.0,34.0,25.2,36.3
160.8,72.8,99.5,95.5,97.0,58.5,35.3,32.8,37.6
156.7,53.4,85.0,75.0,90.5,52.9,35.5,28.7,36.4
160.2,56.6,85.8,79.0,90.9,52.7,34.7,29.7,36.7
158.3,51.6,82.0,69.8,90.2,51.6,34.4,25.5,34.7
166.0,72.4,96.0,88.7,96.7,61.0,38.3,31.5,38.4
161.0,76.4,101.0,95.8,103.5,63.0,38.6,33.8,37.4
158.4,72.8,101.3,92.0,98.9,62.0,40.7,35.0,39.5
166.6,81.4,107.4,93.7,99.5,64.2,40.9,37.1,37.1
169.7,77.6,103.4,92.2,99.2,57.3,38.7,33.2,39.6
176.6,78.2,104.0,92.0,97.7,57.6,39.7,31.2,42.1
187.5,103.2,116.5,96.5,107.9,66.5,43.3,38.2,43.2
174.3,93.4,111.0,102.5,104.2,63.9,41.8,37.2,41.5
162.6,62.5,94.6,80.5,90.8,52.4,33.9,32.0,37.1
165.1,72.2,103.4,90.9,92.5,53.8,37.6,32.2,39.1
177.8,65.0,104.8,72.8,90.4,55.7,34.8,32.2,40.3
174.7,80.7,108.7,90.3,99.5,58.8,39.9,33.8,40.7
172.5,89.2,111.0,100.2,97.8,59.5,42.6,35.8,39.8
172.6,95.9,114.6,101.3,105.8,68.8,43.8,37.9,39.3
164.1,65.7,96.6,78.8,94.0,56.5,39.2,31.5,38.2
177.3,80.1,100.8,88.6,96.3,58.4,39.7,34.9,42.5
166.6,70.0,98.5,84.1,95.6,58.1,38.4,32.9,38.7
168.9,67.1,98.2,85.3,92.2,54.6,37.5,31.5,38.8
171.6,75.7,106.9,90.0,96.9,56.9,37.0,32.1,43.4
160.8,62.7,100.6,77.6,91.0,57.3,37.3,32.0,38.8
183.6,78.6,103.8,86.4,100.9,55.5,38.4,32.6,41.1
165.3,86.9,113.4,97.7,105.1,64.9,41.0,36.0,40.9
176.0,73.2,100.7,82.6,96.6,53.2,38.7,31.1,41.8
164.4,64.2,96.1,75.7,95.4,57.5,36.7,29.2,37.2
175.5,79.5,105.4,94.5,98.2,57.0,34.5,33.6,41.8
170.1,68.0,96.4,86.5,92.4,54.6,35.8,33.2,39.4
166.4,60.8,96.6,81.1,91.5,49.9,33.0,29.5,39.4
170.3,87.1,110.9,84.0,105.6,65.9,43.8,36.1,41.3
175.7,76.0,98.0,91.0,95.6,56.0,38.9,32.3,40.8
169.8,71.4,102.2,81.2,97.3,57.0,38.0,32.2,40.3
163.2,73.4,99.2,93.8,96.2,54.5,36.5,34.0,36.8
166.8,84.0,108.1,92.0,101.1,64.6,43.4,36.0,38.7
176.2,85.9,105.2,94.1,105.2,60.7,40.8,34.8,42.7
167.3,76.8,95.6,92.2,94.4,53.1,35.2,29.3,37.7
178.5,76.8,101.7,92.4,94.4,53.1,35.7,31.8,41.4
175.2,79.7,101.6,88.8,99.5,58.4,38.3,33.3,41.1
167.2,77.2,104.5,94.7,100.0,57.9,37.2,35.4,39.0
173.7,76.7,99.7,90.7,99.5,56.9,39.5,32.7,39.7
178.5,93.9,112.7,99.1,103.1,62.9,42.4,37.3,41.8
167.7,70.2,99.0,80.9,96.7,59.1,39.7,33.0,38.4
174.5,75.5,99.8,82.4,97.7,58.2,41.5,33.3,39.7
158.9,61.1,89.6,85.7,95.4,54.0,37.2,30.2,33.4
158.3,61.2,89.9,83.2,91.2,53.2,34.6,32.3,34.6
158.4,52.2,81.9,70.5,94.7,55.1,33.8,26.3,34.8
149.3,59.0,92.6,83.5,94.3,58.2,34.3,32.2,34.4
162.3,59.7,94.0,79.0,96.5,56.8,37.8,30.6,36.4
157.3,51.9,85.6,72.5,88.2,48.6,33.9,29.5,34.9
157.7,55.1,89.0,75.1,91.6,52.7,35.9,29.2,33.9
163.5,52.4,81.1,69.5,92.0,51.7,32.6,26.0,33.1
166.3,71.4,96.8,83.0,107.1,64.5,39.6,33.0,30.8
157.8,46.6,83.6,69.5,85.5,49.2,32.1,24.4,34.5
154.8,56.2,92.3,82.0,93.4,56.6,33.7,31.0,36.6
173.0,59.1,87.2,71.7,98.5,57.0,34.8,27.5,36.4
152.8,45.5,84.2,70.0,83.0,46.7,32.9,26.1,32.9
149.0,46.0,82.7,76.0,85.4,46.0,29.9,26.3,33.7
163.5,53.5,84.2,70.2,92.5,51.8,34.6,27.3,35.6
165.1,68.8,96.2,83.2,101.2,61.0,38.7,33.0,38.4
159.3,75.8,99.0,98.2,106.4,65.7,39.9,34.8,38.3
164.4,48.2,79.7,64.5,91.8,50.2,32.0,24.8,35.7
168.9,49.3,79.4,64.9,91.0,51.8,31.2,23.8,34.6
157.6,54.4,90.4,74.4,95.5,54.5,33.3,27.5,35.6
169.8,66.6,91.4,76.0,106.2,61.8,37.3,29.5,38.4
160.8,50.5,86.6,69.8,90.0,54.8,33.2,27.5,35.2
162.4,46.8,80.0,66.9,86.1,47.8,32.8,25.3,34.3
159.2,50.1,86.5,69.9,90.4,51.2,31.4,26.7,33.8
156.2,58.7,94.1,81.5,96.0,57.1,35.9,30.0,36.6
161.3,64.2,90.2,82.2,94.8,58.1,39.4,32.0,35.6
165.2,74.0,100.4,90.7,100.0,57.9,37.7,34.0,37.9
155.0,75.5,101.9,102.3,101.5,59.4,36.2,32.6,35.6
150.3,55.6,86.6,79.7,97.1,59.2,32.6,30.1,32.1
152.8,52.2,91.5,76.4,89.9,52.0,31.5,26.9,35.1
159.4,57.2,87.5,81.5,91.0,54.1,33.7,30.0,34.5
161.2,56.3,89.0,77.7,88.3,50.4,33.6,30.0,35.0
161.5,71.5,95.3,89.2,98.6,58.2,37.2,32.3,34.4
164.3,54.0,80.3,69.0,94.1,56.1,34.7,28.0,37.7
158.2,44.2,77.7,64.5,82.2,48.6,33.1,24.7,35.2
159.4,60.8,88.3,78.4,93.9,55.6,35.1,34.3,34.3
163.3,77.8,97.7,96.1,106.5,62.2,39.9,33.3,37.5
163.9,74.8,95.5,90.0,99.7,61.0,39.1,34.0,35.9
160.7,54.3,83.3,68.7,91.4,52.3,34.6,28.0,36.3
158.7,58.0,87.7,79.1,95.3,56.2,36.6,29.0,36.8
159.8,51.7,83.8,72.6,88.3,52.9,33.7,28.6,34.4
157.5,53.5,83.3,69.4,89.6,55.2,35.7,29.4,33.8
171.2,68.3,100.4,79.8,95.6,54.1,37.7,34.0,40.9
166.0,68.8,97.2,87.5,91.9,54.1,37.1,29.6,36.9
176.2,83.6,112.2,93.5,100.4,57.9,39.4,36.0,41.1
176.3,80.5,106.1,91.1,100.4,59.2,37.4,34.5,40.4
174.6,68.5,99.7,81.6,94.1,52.8,37.6,31.0,40.6
171.7,77.4,104.1,93.4,98.4,56.0,39.5,33.5,40.5
174.7,75.4,99.5,87.3,102.2,59.7,36.1,33.8,36.4
166.5,85.6,108.5,102.0,103.6,64.5,41.1,37.3,38.2
178.4,76.8,101.5,88.8,98.2,58.9,36.2,32.6,40.0
168.7,75.1,100.7,91.2,94.8,57.3,39.5,33.3,38.8
176.1,78.9,103.0,84.2,95.3,57.2,40.2,37.0,40.8
179.7,88.2,103.4,95.2,103.0,61.0,38.8,37.5,40.7
175.2,70.9,100.9,79.7,98.2,56.6,36.9,32.3,41.4
169.6,85.7,108.2,100.5,99.8,56.5,41.0,33.7,39.7
165.6,68.8,99.4,82.4,96.5,55.0,37.2,30.7,38.7
172.3,73.2,100.8,86.3,94.0,54.3,36.8,31.8,38.8
170.2,81.6,109.0,94.6,100.7,58.9,37.2,36.0,39.2
172.8,78.5,99.0,89.3,98.0,57.8,40.8,34.0,38.7
164.7,64.4,98.5,76.2,92.2,52.1,36.1,32.1,37.9
172.5,79.2,107.6,102.8,96.1,56.2,35.2,32.2,38.4
162.9,73.5,102.1,101.6,92.2,53.4,35.3,32.3,38.5
162.9,50.8,82.1,71.7,84.7,46.2,34.7,26.4,37.4
169.8,83.9,106.7,100.5,99.1,55.0,43.4,32.2,40.6
174.1,81.9,104.1,95.0,101.3,59.0,38.9,33.5,40.9
165.6,68.6,100.6,85.0,92.7,54.8,37.8,32.9,38.7
165.0,62.6,92.6,83.4,88.7,48.7,37.2,30.0,37.8
167.8,90.2,109.5,103.0,106.1,64.6,43.2,35.9,40.3
168.9,63.4,95.8,79.0,91.4,53.6,35.4,31.5,41.1
175.8,79.3,102.7,86.9,99.9,57.9,40.2,33.8,41.1
172.7,69.8,97.9,81.2,97.7,56.0,36.5,31.1,39.2
179.5,72.6,95.8,77.8,93.3,55.7,40.3,31.1,40.3
171.0,66.6,97.8,86.5,88.4,51.3,34.0,32.3,39.3
172.0,69.3,96.5,78.0,94.5,56.7,38.1,32.8,38.8
162.5,76.2,101.0,97.2,99.8,59.3,40.8,35.0,38.9
177.5,83.9,97.8,93.0,103.7,62.0,40.0,34.3,41.8
177.5,77.2,100.5,89.3,97.5,58.2,38.9,34.8,38.8
169.2,70.8,98.7,82.8,96.6,53.8,37.5,33.0,37.4
174.8,99.5,118.1,102.6,104.8,68.4,43.1,39.0,39.6
178.0,91.2,106.5,91.3,108.6,68.4,43.2,37.7,39.2
174.8,71.2,97.0,86.3,94.8,54.4,36.2,32.3,38.2
162.7,71.8,98.2,85.0,97.4,57.7,39.8,33.5,37.8
152.8,44.1,77.3,64.2,85.9,49.2,31.3,24.0,34.1
158.4,58.8,90.2,78.8,93.6,54.0,35.6,29.8,36.3
159.6,63.5,91.0,79.7,93.9,57.3,37.6,30.2,35.6
160.4,44.6,76.8,62.3,85.6,47.5,31.4,23.4,33.7
156.4,38.3,78.8,61.2,78.9,42.0,29.4,23.0,36.1
164.3,53.7,84.9,66.9,92.1,54.0,34.5,25.0,34.4
167.8,55.9,83.8,71.9,93.5,52.9,33.5,27.9,34.6
153.7,52.0,89.5,79.7,83.5,47.8,33.8,27.5,33.9
170.2,60.5,91.5,78.6,93.6,53.4,35.6,29.2,37.7
166.7,54.3,80.9,70.6,89.5,52.4,34.5,25.7,37.0
157.6,63.6,92.3,85.2,100.7,57.3,34.1,30.6,35.3
156.8,89.2,109.9,113.7,108.5,64.5,39.5,36.8,39.0
153.7,65.0,94.9,83.7,103.0,62.3,38.9,30.7,38.3
168.5,50.8,83.7,68.4,90.0,49.8,30.5,25.3,35.8
163.6,49.0,81.7,71.2,90.0,48.7,33.7,26.0,35.1
162.7,56.9,86.8,70.9,93.2,53.2,35.6,29.2,38.4
166.0,77.6,100.2,91.7,104.3,63.9,38.7,36.3,37.4
166.3,61.2,88.2,84.5,91.6,55.3,34.7,28.8,37.1
160.0,57.3,87.2,77.2,91.1,55.9,35.9,28.5,32.6
152.4,49.5,85.4,69.9,88.6,49.0,34.9,26.5,33.9
165.0,50.0,79.9,69.7,89.5,50.9,33.3,25.1,33.8
162.8,65.2,95.1,87.7,96.4,55.6,35.7,31.0,36.1
159.0,61.9,86.8,76.7,98.1,60.1,37.4,29.9,34.7
164.6,61.5,90.9,76.9,101.4,57.0,34.5,29.5,37.0
153.1,47.3,77.9,63.3,87.8,53.2,32.7,26.3,34.0
158.4,53.7,88.9,72.5,90.4,54.0,33.4,27.8,34.7
177.6,70.0,91.9,74.5,103.1,59.4,36.1,29.9,38.9
157.1,64.0,91.1,94.9,96.4,57.5,34.4,29.7,35.9
157.3,56.7,86.6,80.5,92.9,54.9,36.0,29.5,33.2
158.3,54.8,87.1,77.2,93.7,52.7,32.5,26.9,35.7
156.1,56.7,84.8,76.3,89.9,55.5,34.6,30.3,33.0
156.6,48.9,75.3,68.9,88.7,55.1,33.3,27.1,33.8
161.9,61.8,82.6,73.2,94.1,56.8,38.1,29.6,35.9
157.7,55.5,81.6,75.3,94.2,55.1,35.3,27.3,36.3
152.3,66.7,92.7,92.9,97.5,59.0,38.7,33.7,35.0
157.3,51.8,81.7,65.5,89.3,51.4,34.4,27.5,31.9
162.9,46.5,81.2,69.1,81.2,44.6,31.6,24.3,35.4
170.8,78.9,104.2,90.8,98.8,57.5,39.2,33.9,38.4
162.7,57.2,89.5,79.6,89.7,51.3,35.4,30.2,36.4
174.1,75.3,104.2,87.4,96.3,56.8,37.6,34.3,39.4
165.4,70.0,94.6,93.3,94.8,55.4,36.5,30.4,39.6
172.0,67.5,96.0,81.2,94.7,50.9,36.2,31.9,38.9
165.8,75.2,101.3,90.1,98.2,55.7,37.9,32.1,37.0
171.5,77.2,102.0,97.8,98.6,55.5,38.0,30.7,37.4
179.2,89.3,111.4,95.2,105.7,60.0,40.9,34.3,40.7
177.9,80.8,102.0,87.5,102.6,60.0,38.2,34.7,40.8
160.1,83.1,106.0,104.0,102.1,59.5,39.3,35.7,39.3
159.5,75.1,107.4,91.9,98.3,58.0,39.0,32.1,39.7
163.6,68.3,99.3,88.9,91.5,53.6,37.6,31.4,37.8
167.5,70.7,96.0,82.5,96.8,57.8,40.4,31.9,36.9
165.7,67.1,93.8,89.0,90.4,51.5,37.1,28.2,33.9
164.5,76.0,99.9,96.3,97.3,59.0,39.5,33.9,38.8
178.8,98.7,108.7,101.1,110.2,65.9,43.9,35.9,41.3
179.5,89.9,104.9,96.5,103.4,61.5,40.5,34.8,40.3
175.2,63.5,98.1,74.0,90.1,48.9,35.8,29.4,38.8
178.8,94.0,106.5,105.1,106.3,58.4,36.4,33.5,41.7
163.4,75.4,102.4,94.8,96.5,58.0,38.1,32.8,37.4
160.6,62.5,93.2,92.0,88.8,50.0,34.7,31.7,38.4
176.0,69.7,96.0,84.5,93.1,54.0,37.4,29.3,38.9
171.5,96.9,112.2,101.5,111.0,70.8,45.1,37.6,40.3
170.3,70.0,98.9,87.1,94.3,54.7,38.0,32.2,38.6
170.8,79.8,103.4,91.2,98.2,54.8,37.5,34.0,39.3
178.8,93.4,112.3,96.3,103.7,61.5,41.8,36.2,41.9
171.3,77.5,103.8,97.6,93.0,56.7,37.6,33.8,40.2
170.7,78.6,108.1,87.0,99.1,61.5,38.6,34.6,39.2
173.1,67.0,95.1,78.0,91.8,49.2,36.7,31.1,38.9
173.8,68.4,101.2,83.6,94.6,54.6,36.4,30.1,39.0
178.9,88.1,108.0,88.8,102.8,60.5,42.4,34.0,43.5
164.4,68.8,96.6,89.9,90.1,49.9,37.4,33.7,37.4
165.2,65.9,95.5,82.6,90.9,51.8,36.1,32.3,38.1
173.1,61.2,86.2,78.9,91.1,49.0,33.7,29.0,39.5
178.3,93.5,106.4,106.5,103.5,57.8,39.7,36.5,42.3
174.2,81.9,102.7,99.6,96.5,55.9,38.5,33.5,38.5
167.2,60.6,91.8,78.5,88.0,48.0,35.5,28.2,37.8
170.3,83.1,104.3,92.8,102.2,62.8,39.7,36.7,39.4
172.4,65.9,94.3,83.0,92.2,53.1,36.9,31.8,39.6
168.1,67.8,93.7,91.0,91.3,51.3,36.0,32.0,37.9
170.0,63.1,93.5,81.1,90.3,49.5,36.2,30.3,39.8
163.5,65.1,99.2,86.2,88.7,55.2,35.6,33.3,37.5
165.6,66.5,97.8,87.3,89.6,50.2,35.1,31.1,37.4
168.4,64.8,94.0,84.0,90.5,49.0,36.4,30.2,37.8
171.3,73.4,101.1,83.5,94.8,54.9,39.2,32.8,40.6
172.5,63.7,92.0,81.1,90.7,52.1,35.9,29.8,39.2
173.2,79.1,98.8,90.9,96.8,54.2,39.8,32.5,38.9
171.8,74.5,102.4,85.4,96.9,59.6,39.7,32.2,38.5
182.5,84.3,105.8,92.6,99.3,62.1,40.9,34.5,38.2
172.4,70.1,99.7,87.7,89.7,52.0,37.5,31.7,40.4
165.3,65.5,97.5,84.9,93.3,54.1,36.3,31.2,36.4
179.2,89.6,117.0,86.9,102.2,60.5,40.2,37.5,40.1
171.0,89.1,114.1,96.2,101.3,63.8,39.6,41.1,40.4
176.8,81.5,107.5,85.4,99.3,58.0,39.6,34.5,40.7
174.2,85.9,112.7,93.3,101.8,64.0,42.6,35.0,42.1
175.9,87.4,107.6,90.8,104.5,67.0,42.5,33.9,39.4
178.0,91.4,107.5,100.3,104.4,63.8,42.2,35.8,42.4
175.4,83.0,107.3,86.2,102.1,59.5,40.2,35.8,42.1
174.4,56.9,96.2,74.6,89.6,47.0,31.7,27.5,38.5
166.5,86.2,103.9,104.5,103.3,60.5,40.2,36.0,37.9
163.9,65.3,98.1,85.2,93.2,52.9,35.4,31.0,36.3
165.3,67.6,99.8,91.9,92.0,52.5,36.2,29.1,37.9
168.9,64.4,98.0,79.4,93.4,54.3,35.6,30.7,38.3
162.5,55.1,85.8,75.3,85.6,49.1,34.3,27.4,34.8
172.3,81.2,108.2,93.7,101.2,56.5,37.1,34.6,42.3
169.9,76.9,100.1,93.2,98.9,57.1,38.9,32.6,37.3
164.6,65.8,91.0,87.2,93.0,54.5,36.9,29.8,38.2
168.4,73.8,102.6,95.7,96.5,54.9,33.9,33.4,36.0
167.0,67.4,100.5,91.5,90.1,51.1,37.8,30.0,39.4
165.6,63.5,91.0,91.8,90.7,50.5,36.1,29.8,35.4
174.7,84.4,106.4,96.2,96.0,55.2,40.5,36.0,40.7
178.5,77.0,101.2,88.5,97.0,54.1,37.3,33.3,44.3
161.3,78.8,100.9,96.2,102.3,59.3,41.0,34.0,36.4
160.3,61.6,101.6,80.0,88.6,53.9,35.5,33.5,40.0
178.8,80.6,109.2,89.8,100.6,58.7,37.1,36.5,40.0
174.8,57.2,90.0,68.3,90.4,47.6,34.9,28.2,38.4
179.7,82.0,98.6,84.3,101.5,61.3,41.3,33.7,38.4
171.2,64.6,92.5,78.2,93.4,50.0,34.9,32.3,39.8
169.6,74.6,97.0,90.7,98.3,58.0,38.4,33.5,40.9
160.2,78.6,99.3,91.3,106.1,65.4,40.1,36.0,35.5
157.8,55.8,87.2,76.0,95.3,55.3,35.1,27.5,35.4
158.7,46.3,85.9,65.7,83.6,44.7,32.6,25.9,36.3
166.6,57.5,85.4,71.7,94.8,55.4,34.9,28.2,36.3
156.7,48.7,86.2,69.3,87.2,50.7,31.9,27.7,34.4
158.5,55.4,86.2,75.4,94.1,58.0,37.1,27.7,33.2
158.0,62.0,92.6,80.8,93.1,54.5,37.0,29.6,34.6
170.0,52.4,82.9,69.9,86.4,49.6,34.0,26.6,33.7
168.5,59.9,90.0,73.2,98.0,57.5,33.7,28.0,35.5
149.9,67.4,96.2,96.0,101.4,56.6,36.0,33.7,34.9
151.0,55.3,85.5,80.8,96.0,57.8,33.8,28.7,33.8
160.1,54.1,88.3,70.7,89.5,53.6,32.6,29.2,34.6
160.0,51.2,85.8,71.8,85.8,49.9,32.9,26.6,32.8
160.2,52.6,82.2,67.1,93.9,54.7,34.7,26.0,34.3
156.2,55.6,86.8,78.2,93.2,57.0,34.9,27.9,33.4
156.2,59.4,86.4,78.8,97.0,56.7,37.1,30.4,35.2
158.3,57.9,85.9,79.0,96.3,50.4,38.5,28.4,35.8
153.4,63.1,96.3,88.1,99.8,52.5,33.5,31.2,33.8
161.2,62.8,90.7,77.7,99.5,60.7,37.9,29.9,34.4
157.4,63.5,91.8,90.6,94.4,54.2,34.8,28.7,34.8
158.7,60.5,93.0,86.0,92.6,49.8,32.9,29.9,35.8
162.0,69.8,96.7,91.5,96.5,53.2,35.6,32.0,37.7
172.7,64.4,87.6,73.7,98.2,57.7,35.5,29.1,37.6
158.3,63.6,93.0,81.0,94.7,58.4,35.4,32.4,33.8
174.4,63.6,91.0,82.3,97.3,53.3,34.5,28.2,33.0
149.9,54.5,85.5,84.5,88.6,48.7,34.2,28.8,33.2
166.5,100.1,100.3,103.5,117.3,74.7,43.6,38.3,35.5
153.8,48.2,81.1,65.0,86.8,52.3,32.9,27.8,33.2
157.5,51.5,84.2,72.0,89.1,50.3,32.8,27.9,34.9
155.3,65.2,92.6,87.2,95.4,55.4,38.6,32.3,34.0
155.7,72.7,99.2,97.1,101.3,58.3,40.0,34.3,36.0
161.2,49.1,78.5,66.5,90.0,51.7,32.8,26.8,33.6
165.5,76.8,93.4,85.5,104.8,65.4,40.2,34.5,36.4
164.7,54.2,82.5,68.8,93.3,56.4,34.0,27.5,33.9
173.8,81.2,104.8,87.1,100.2,59.5,39.6,34.6,39.4
174.2,91.4,105.7,104.0,101.1,62.9,38.9,35.2,40.8
173.2,80.6,109.7,87.2,100.0,60.4,39.2,35.5,39.7
169.2,72.2,101.5,84.0,94.3,54.8,37.6,32.8,47.9
168.7,73.1,103.1,88.0,93.9,55.8,37.5,33.6,39.1
175.4,84.4,106.4,103.2,101.4,56.0,38.0,32.8,40.8
178.9,78.5,100.9,86.3,100.5,56.7,38.7,34.8,40.5
162.7,57.6,93.6,78.8,89.9,52.5,32.3,28.1,37.2
169.8,65.4,98.2,87.4,91.2,49.8,39.8,29.7,38.3
163.8,53.1,88.8,73.1,86.9,47.9,34.2,27.1,37.8
168.3,68.0,94.0,81.3,95.0,54.2,38.6,30.1,36.6
169.3,74.4,103.4,94.5,98.8,55.5,39.2,31.9,37.2
164.8,62.3,90.0,88.5,89.0,47.9,36.4,29.0,35.7
162.3,65.9,94.7,84.2,93.4,54.4,35.1,33.0,37.8
163.0,56.8,90.2,78.0,86.2,47.6,33.2,28.4,34.2
169.5,54.7,88.3,72.6,86.8,49.4,34.4,26.3,36.5
171.4,68.8,94.7,93.3,94.2,51.0,33.5,30.3,39.9
175.0,74.7,105.3,86.1,95.3,52.2,39.0,30.8,41.1
181.1,72.7,101.6,83.8,96.2,55.3,35.5,31.0,38.0
168.2,84.0,105.4,93.3,101.9,61.2,40.8,33.6,39.8
171.2,64.4,92.4,84.0,92.7,52.1,36.5,29.5,38.9
161.8,61.5,93.8,83.3,89.9,52.3,34.7,30.6,38.2
161.9,63.5,95.4,82.6,93.5,53.4,35.2,30.0,36.5
172.6,75.2,104.4,82.1,99.5,61.0,40.0,33.4,39.8
160.4,62.6,86.5,78.0,103.5,59.2,35.7,29.0,34.8
150.4,63.7,99.8,88.4,98.7,57.0,34.8,31.5,35.1
163.9,89.8,105.0,106.8,110.4,67.0,42.0,36.0,37.2
166.4,79.6,98.9,87.6,106.9,65.0,40.4,36.3,34.9
157.6,54.8,91.2,78.7,90.6,54.0,33.4,29.6,35.5
160.3,54.8,81.4,68.2,93.6,56.9,37.5,25.9,34.8
160.3,65.0,95.0,86.1,93.2,56.2,35.6,31.0,31.6
159.7,45.2,82.6,67.9,85.6,48.0,30.3,23.8,33.9
158.6,61.6,90.0,87.0,98.2,56.8,35.3,30.7,34.4
159.3,51.9,84.6,75.0,93.0,50.5,31.8,27.4,32.5
159.3,59.1,89.3,87.0,93.6,56.9,33.6,30.5,33.8
161.9,48.5,79.6,66.0,87.7,50.0,33.4,25.9,34.8
150.7,47.7,82.4,64.8,87.0,53.3,33.1,26.7,31.7
155.2,58.3,90.6,87.3,93.3,52.0,36.8,29.0,33.8
155.4,53.6,85.8,82.3,89.8,50.9,34.6,29.2,35.4
164.0,58.1,88.2,75.8,95.3,56.4,34.9,29.4,35.1
161.1,64.2,89.9,83.8,99.7,61.1,37.7,31.3,34.1
166.3,58.0,86.9,72.8,96.9,56.6,34.2,27.5,34.2
162.3,46.1,76.7,64.5,91.5,52.0,31.7,22.9,32.7
167.5,51.8,84.0,63.9,91.5,53.1,33.3,25.2,34.4
150.5,63.7,97.3,94.4,96.3,55.8,34.5,32.2,35.8
145.8,51.2,89.0,82.8,91.0,52.5,34.0,28.1,34.5
161.2,61.9,89.1,78.6,102.0,57.9,35.6,28.9,35.7
166.5,60.8,87.6,80.0,94.5,53.0,33.4,30.5,34.0
159.9,65.0,90.4,84.6,97.9,59.5,37.2,30.8,33.4
160.9,74.6,95.2,93.6,100.5,58.1,40.0,33.5,34.6
156.7,48.4,82.8,71.9,89.8,50.4,31.8,24.5,33.7
147.3,56.9,91.3,82.9,94.6,54.5,35.2,29.8,32.6
163.8,50.6,79.6,67.8,88.0,52.7,32.1,25.1,33.4
162.5,48.8,78.9,65.8,91.2,50.0,32.5,26.5,34.9
148.7,60.8,88.8,86.7,96.5,55.5,37.3,29.7,33.8
162.5,47.8,79.2,66.0,88.7,52.2,34.3,24.2,34.7
174.4,82.8,98.8,97.4,104.1,64.6,40.8,34.5,36.6
162.4,63.2,90.6,85.3,93.5,51.0,34.4,31.5,35.6
160.2,69.3,93.3,83.5,101.6,64.0,39.8,32.5,34.8
162.1,52.8,80.1,71.0,91.0,52.5,34.0,26.0,34.8
164.3,64.9,91.8,75.4,96.5,58.0,37.4,29.9,37.5
162.2,59.5,87.5,79.5,90.8,56.7,36.1,30.6,34.8
163.5,71.7,94.5,92.5,96.9,58.8,37.1,34.7,36.3
157.0,58.9,87.5,79.3,92.5,54.5,38.2,31.3,35.5
155.6,59.7,88.2,78.0,95.0,55.4,36.9,30.2,35.9
168.9,66.5,95.2,84.0,91.0,52.5,34.3,31.0,36.9
183.4,81.2,101.2,88.5,101.6,63.0,38.7,34.3,38.8
181.6,75.1,102.1,75.7,96.2,59.8,39.5,32.9,41.1
161.5,63.9,99.3,80.4,90.9,58.1,37.6,30.2,36.4
169.7,76.4,104.2,83.8,101.3,62.3,39.0,33.2,37.6
169.8,67.8,94.2,87.3,88.8,54.6,37.2,30.4,37.6
157.8,62.7,93.7,86.9,93.2,56.0,35.2,29.9,37.0
159.6,51.8,83.1,70.8,93.4,55.0,32.0,25.9,32.5
165.9,49.0,77.1,62.3,88.3,54.9,33.0,22.8,36.8
160.6,69.5,94.3,83.3,104.3,59.2,40.2,30.3,37.3
143.8,35.6,72.6,64.0,75.5,44.5,27.5,21.6,30.8
162.7,53.8,80.7,68.4,95.4,59.7,35.5,27.5,35.2
171.5,71.6,94.1,83.1,100.5,61.7,37.5,31.2,35.7
159.7,52.5,83.2,71.9,92.2,57.9,33.5,27.9,31.6
154.8,45.1,78.9,67.9,86.7,49.4,30.0,24.4,32.9
164.5,70.8,94.2,82.9,105.9,64.4,42.0,32.1,34.4
172.7,73.5,103.3,81.9,96.4,60.5,36.2,33.4,38.7
176.2,95.5,113.3,107.6,104.5,63.8,43.0,35.8,42.2
176.8,70.4,97.2,86.9,88.0,52.2,33.4,29.8,39.2
166.1,63.1,87.8,73.2,86.8,48.3,32.4,25.1,37.5
174.1,83.3,105.3,99.4,99.0,58.6,39.3,34.1,31.9
171.4,73.4,99.8,85.9,95.5,59.4,36.2,32.8,38.7
171.2,81.9,105.9,99.4,95.7,59.5,37.8,35.6,39.5
166.9,67.6,98.9,84.2,90.7,54.8,35.3,33.2,37.3
154.8,55.0,89.0,73.0,88.0,53.5,33.8,28.2,34.7
168.8,73.3,103.2,88.9,97.0,57.0,38.0,34.1,38.7
163.5,65.9,86.8,75.4,98.8,63.0,41.5,30.0,35.6
153.5,59.2,89.0,85.9,95.2,57.2,34.6,32.6,33.7
174.2,72.9,104.3,87.4,97.4,57.9,34.0,32.4,41.1
168.5,71.9,102.7,89.6,94.5,57.9,38.2,32.4,40.1
168.8,68.7,98.6,86.0,93.8,54.0,35.5,30.2,38.1
171.5,55.5,88.2,72.5,91.8,54.7,33.3,26.5,41.3
174.3,66.3,96.9,81.2,92.8,53.3,33.0,29.6,39.9
174.8,73.0,102.6,83.2,97.1,55.5,38.3,31.5,38.0
165.4,68.5,99.7,87.0,94.2,56.7,38.0,32.1,40.1
174.1,66.9,96.2,81.5,92.6,51.7,35.0,31.5,39.0
