{
	"dataset": {
		"dataset.id": 1266,
		"dataset.name": "01_sou_000254_001266_front_02top_01blouse_woman",
		"dataset.image_path": "./008.의류 통합 데이터(3-1)/원천데이터/상품/상의/blouse/01_sou_000254_001266_front_02top_01blouse_woman.jpg",
		"dataset.label_path": "./008.의류 통합 데이터(3-1)/라벨링데이터/상품/상의/blouse/01_sou_000254_001266_front_02top_01blouse_woman.json",
		"dataset.category": 5,
		"dataset.type": 1,
		"dataset.width": 607,
		"dataset.height": 1080,
		"dataset.file_size": 66748
	},
	"annotation": [
		{
			"annotation_type": "Polygon",
			"annotation_id": 4,
			"annotation_point_count": 73.0,
			"annotation_point": [
				260.32891082687456,
				374.1313734119649,
				237.53474894222745,
				382.6833927896623,
				226.22184141897742,
				386.3870232288209,
				224.47103430228344,
				386.99307184613826,
				221.17143627466794,
				388.1378303455149,
				218.04018508519584,
				389.1142420067481,
				207.33332617926135,
				392.61585624013605,
				204.80812360710843,
				393.42392106322404,
				197.40086272878762,
				398.27231000176107,
				194.67364395086224,
				399.45073786876674,
				191.1720297174743,
				401.6055773970056,
				188.24279473377464,
				402.9523521021547,
				185.7175921616199,
				404.9051754246193,
				182.18230856060472,
				407.43037799677404,
				179.65710598844998,
				410.56162918624614,
				177.70428266598356,
				413.0868317584009,
				175.38109629960127,
				415.6120343305538,
				173.42827297713666,
				417.96889006456513,
				171.27343344889778,
				420.2920764309474,
				169.3542794940604,
				422.81727900310216,
				167.56980300973737,
				424.9721185313392,
				165.24661664335508,
				427.49732110349396,
				163.86617257057878,
				429.8541768375053,
				156.6611328125,
				436.890625,
				55.0,
				543.0,
				38.0,
				568.0,
				27.0,
				594.0,
				20.0,
				602.0,
				18.0,
				614.0,
				35.0,
				632.0,
				46.787109375,
				640.9609375,
				50.234880892938236,
				643.4229220880698,
				57.12983923635875,
				637.7592063059747,
				72.39724699678845,
				628.8942598644353,
				120.16945837619642,
				599.098189880373,
				148.98053431119843,
				571.0258594821644,
				174.590379586758,
				550.0947359396378,
				179.26910131979275,
				546.1547597434001,
				179.51534983205784,
				550.0947359396378,
				175.0,
				555.0,
				173.0,
				573.0,
				177.0,
				692.0,
				233.5,
				714.1000000000022,
				272.0,
				720.5,
				335.5,
				721.6000000000022,
				391.60000000000036,
				714.5,
				417.5,
				706.6000000000022,
				447.3701171875,
				696.267578125,
				446.48321191902323,
				636.5772134471044,
				445.59671727486966,
				616.7788330609983,
				444.11922620127916,
				602.2994205398172,
				443.52822977184405,
				586.9335133744826,
				443.52822977184405,
				582.5010401537111,
				438.8002583363559,
				568.02162763253,
				438.50476012163745,
				559.1566811909906,
				435.84527618917673,
				550.5872329641716,
				460.0,
				567.0,
				493.0,
				597.0,
				541.9296875,
				630.962890625,
				544.2931209906783,
				631.8492420116163,
				551.3850781439069,
				630.6672491527461,
				564.0915013767808,
				623.8707902142305,
				581.5258960451429,
				601.7084241103803,
				571.183458530013,
				587.8200080186361,
				564.3869995915011,
				566.5441365589431,
				540.4516441993437,
				532.2663436516559,
				473.0,
				461.0,
				405.0,
				401.0,
				374.0,
				384.0,
				352.0,
				380.0,
				349.0,
				377.0,
				316.0,
				382.0,
				294.0,
				382.0
			]
		}
	],
	"metadata.model": {
		"metadata.model.gender": "FEMALE",
		"metadata.model.age": "40대",
		"metadata.model.job": "homemaker",
		"metadata.model.type": "front",
		"metadata.model.usually_size": "M",
		"metadata.model.body_height": "160",
		"metadata.model.waist_height": "94",
		"metadata.model.chest_size_male": "null",
		"metadata.model.breast_size_female": "90.0",
		"metadata.model.waist_size": "79",
		"metadata.model.hip_seize": "94",
		"metadata.model.back_length": "47",
		"metadata.model.shoulders_width": "41",
		"metadata.model.arm_length": "56",
		"metadata.model.weight": "56"
	},
	"metadata.clothes": {
		"metadata.clothes.type": "02top_01blouse",
		"metadata.clothes.season": "summer",
		"metadata.clothes.fiber_composition": "Polyester",
		"metadata.clothes.elasticity": "none at all",
		"metadata.clothes.transparency": "contain",
		"metadata.clothes.isfleece": "fleece_none",
		"metadata.clothes.color": "White",
		"metadata.clothes.washing_method": "Washing30",
		"metadata.clothes.bleach": "Do not chlorine bleach",
		"metadata.clothes.ironing": "Ironing 80~120℃",
		"metadata.clothes.drycleaning": "none",
		"metadata.clothes.wringing": "none",
		"metadata.clothes.drying": "none",
		"metadata.clothes.top_length_type": "normal",
		"metadata.clothes.sleeve_length_type": "long sleeves",
		"metadata.clothes.topneck_color_design": "band collar",
		"metadata.clothes.topsleeve_design": "shirt sleeve",
		"metadata.clothes.pants_silhouette": "null",
		"metadata.clothes.skirt_design": "null",
		"metadata.top.front_length": "62.0",
		"metadata.top.chest_size": "100.0",
		"metadata.top.waist_size": "100.0",
		"metadata.top.hem_size": "100.0",
		"metadata.top.shoulder_width": "41.0",
		"metadata.top.sleeve_length": "49.0",
		"metadata.top.sleeve_cuff_size": "22.0",
		"metadata.pants.pants_length": "null",
		"metadata.pants.waist_size": "null",
		"metadata.pants.hip_size": "null",
		"metadata.pants.front_rise_length": "null",
		"metadata.pants.back_rise_length": "null",
		"metadata.pants.inner_seam_length": "null",
		"metadata.pants.pants_waist_size": "null",
		"metadata.skirt.length": "null",
		"metadata.skirt.waist_size": "null",
		"metadata.skirt.hip_size": "null",
		"metadata.skirt.hem_size": "null",
		"metadata.dress.front_length": "null",
		"metadata.dress.chest_size": "null",
		"metadata.dress.waist_size": "null",
		"metadata.dress.hip_size": "null",
		"metadata.dress.hem_size": "null",
		"metadata.dress.shoulder_width": "null",
		"metadata.dress.sleeve_length": "null",
		"metadata.dress.cuff_size": "null",
		"metadata.jumpsuit.front_length": "null",
		"metadata.jumpsuit.inner_seam_length": "null",
		"metadata.jumpsuit.chest_size": "null",
		"metadata.jumpsuit.waist_size": "null",
		"metadata.jumpsuit.hip_size": "null",
		"metadata.jumpsuit.shoulder_width": "null",
		"metadata.jumpsuit.sleeve_length": "null",
		"metadata.jumpsuit.cuffs_size": "null",
		"metadata.jumpsuit.front_rise_length": "null",
		"metadata.jumpsuit.back_rise_length": "null",
		"metadata.jumpsuit.pants_waist_size": "null"
	}
}