source_row_id,gender,height,weight,fit_seconds,predict_ms_per_row,actual_chest,predicted_chest,error_chest,actual_waist,predicted_waist,error_waist,actual_hip,predicted_hip,error_hip,actual_thigh,predicted_thigh,error_thigh,actual_calf,predicted_calf,error_calf,actual_arm,predicted_arm,error_arm,actual_shoulder,predicted_shoulder,error_shoulder
996,M,175.5,84.7,7.230299752999599,9.614188747000298,105.6,106.40167236328125,0.8016723632812557,90.2,94.13512420654297,3.935124206542966,103.9,101.96746826171875,-1.9325317382812557,63.4,62.00144958496094,-1.398550415039061,39.7,40.46882247924805,0.768822479248044,35.5,35.37786102294922,-0.12213897705078125,40.5,40.58980941772461,0.08980941772460938
3481,F,147.7,51.2,7.230299752999599,9.614188747000298,81.5,87.45860290527344,5.9586029052734375,76.4,78.65742492675781,2.257424926757807,89.2,89.66434478759766,0.4643447875976534,52.2,53.526390075683594,1.326390075683591,33.7,33.4135627746582,-0.2864372253417997,27.9,28.86300277709961,0.9630027770996108,33.6,33.827186584472656,0.22718658447265483
848,M,176.5,75.0,7.230299752999599,9.614188747000298,103.9,101.269775390625,-2.6302246093750057,82.9,85.34561920166016,2.4456192016601506,95.9,97.19816589355469,1.2981658935546818,57.0,58.04817581176758,1.0481758117675781,36.0,38.188941955566406,2.1889419555664062,34.8,33.24366760253906,-1.5563323974609347,41.6,40.40386962890625,-1.1961303710937514
3407,M,176.4,66.9,7.230299752999599,9.614188747000298,93.7,96.70455932617188,3.004559326171872,80.3,78.72357177734375,-1.5764282226562472,93.2,93.05020141601562,-0.14979858398437784,54.5,54.7584228515625,0.2584228515625,36.7,36.310089111328125,-0.38991088867187784,37.4,31.27924156188965,-6.12075843811035,41.0,40.00246810913086,-0.9975318908691406
79,M,176.4,84.4,7.230299752999599,9.614188747000298,101.5,106.07084655761719,4.5708465576171875,89.9,93.37759399414062,3.4775939941406193,102.2,101.73715209960938,-0.46284790039062784,64.3,61.73798370361328,-2.562016296386716,41.5,40.275054931640625,-1.224945068359375,35.3,35.21986389160156,-0.08013610839843466,39.5,40.705223083496094,1.2052230834960938
2476,M,168.0,69.1,7.230299752999599,9.614188747000298,100.5,98.7821044921875,-1.7178955078125,93.5,85.76153564453125,-7.73846435546875,91.6,94.46099853515625,2.8609985351562557,53.4,56.301856994628906,2.9018569946289077,36.0,37.4478759765625,1.4478759765625,33.2,32.460479736328125,-0.7395202636718778,38.1,38.90708923339844,0.8070892333984361
1747,M,180.4,73.0,7.230299752999599,9.614188747000298,100.7,99.70930480957031,-0.9906951904296903,89.3,81.23956298828125,-8.060437011718747,97.0,96.02338409423828,-0.9766159057617188,59.8,56.892677307128906,-2.907322692871091,36.4,37.40428924560547,1.0042892456054702,34.3,32.451873779296875,-1.8481262207031222,38.5,40.87488555908203,2.3748855590820312
2895,F,161.6,53.1,7.230299752999599,9.614188747000298,85.9,85.02599334716797,-0.8740066528320369,68.1,71.46894836425781,3.368948364257818,93.2,91.38558197021484,-1.814418029785159,55.4,53.97029113769531,-1.429708862304686,35.6,33.97782897949219,-1.622171020507814,26.9,27.84729766845703,0.9472976684570327,33.7,35.17950439453125,1.4795043945312472
4781,F,159.2,50.1,7.230299752999599,9.614188747000298,86.5,83.385498046875,-3.114501953125,69.9,69.61731719970703,-0.28268280029297443,90.4,89.36750793457031,-1.0324920654296932,51.2,52.65650177001953,1.4565017700195284,31.4,33.18004608154297,1.7800460815429702,26.7,27.205768585205078,0.5057685852050788,33.8,34.71161651611328,0.9116165161132841
2034,M,173.3,63.4,7.230299752999599,9.614188747000298,102.3,94.68892669677734,-7.611073303222653,71.5,77.54618835449219,6.0461883544921875,90.4,91.36338806152344,0.9633880615234318,52.4,53.53540802001953,1.1354080200195327,35.0,35.62495803833008,0.6249580383300781,32.6,30.54362678527832,-2.056373214721681,38.9,39.35052490234375,0.4505249023437514
764,F,156.4,56.9,7.230299752999599,9.614188747000298,88.3,89.58175659179688,1.2817565917968778,76.3,79.34013366699219,3.0401336669921903,96.5,93.4175033569336,-3.0824966430664062,60.6,55.84621047973633,-4.753789520263673,35.3,35.07323455810547,-0.2267654418945284,30.4,29.845693588256836,-0.5543064117431626,36.5,34.88848114013672,-1.6115188598632812
33,F,163.9,53.9,7.230299752999599,9.614188747000298,83.2,84.94088745117188,1.7408874511718722,67.1,71.13153076171875,4.031530761718756,92.8,91.93966674804688,-0.8603332519531222,54.1,54.12621307373047,0.02621307373046733,35.0,34.15642547607422,-0.8435745239257812,28.5,27.76611328125,-0.73388671875,38.2,35.484073638916016,-2.715926361083987
2594,F,169.7,60.2,7.230299752999599,9.614188747000298,88.1,87.98695373535156,-0.11304626464843182,78.0,74.39517211914062,-3.604827880859375,95.0,95.73853302001953,0.7385330200195312,58.4,56.41954803466797,-1.9804519653320298,35.8,35.51757049560547,-0.2824295043945284,29.7,28.936317443847656,-0.763682556152343,37.0,36.624794006347656,-0.37520599365234375
2899,F,173.5,66.7,7.230299752999599,9.614188747000298,90.6,91.47364044189453,0.8736404418945369,83.2,77.8304672241211,-5.369532775878909,99.8,99.47029113769531,-0.32970886230468466,61.7,58.90398406982422,-2.796015930175784,37.0,36.95018768310547,-0.04981231689453125,29.5,30.319725036621094,0.8197250366210938,34.2,37.37921142578125,3.179211425781247
1770,F,161.7,54.2,7.230299752999599,9.614188747000298,89.5,85.80229187011719,-3.6977081298828125,74.9,72.52833557128906,-2.371664428710943,92.2,92.09008026123047,-0.10991973876953409,54.0,54.46214294433594,0.4621429443359375,34.1,34.29730987548828,0.19730987548827983,28.0,28.214458465576172,0.21445846557617188,38.6,35.25731658935547,-3.3426834106445327
683,M,171.5,83.9,7.230299752999599,9.614188747000298,106.8,106.53553009033203,-0.2644699096679659,96.3,95.90739440917969,-0.39260559082030966,104.5,102.04600524902344,-2.4539947509765625,63.0,62.208984375,-0.791015625,38.8,40.56981658935547,1.7698165893554716,36.2,35.519309997558594,-0.6806900024414091,39.3,39.96234130859375,0.6623413085937528
1978,M,172.8,64.0,7.230299752999599,9.614188747000298,94.3,95.1334228515625,0.8334228515625028,81.7,78.35911560058594,-3.3408843994140653,91.3,91.79566192626953,0.4956619262695341,54.5,53.88726043701172,-0.6127395629882812,35.7,35.78779602050781,0.08779602050780966,31.0,30.755313873291016,-0.24468612670898438,39.0,39.31085205078125,0.31085205078125
254,F,155.4,54.9,7.230299752999599,9.614188747000298,85.0,88.3443603515625,3.3443603515625,71.5,77.91596984863281,6.4159698486328125,95.2,92.20552062988281,-2.9944793701171903,58.8,54.990169525146484,-3.809830474853513,34.5,34.528892517089844,0.02889251708984375,31.0,29.33371353149414,-1.6662864685058594,34.6,34.652931213378906,0.05293121337890483
2908,F,154.5,54.0,7.230299752999599,9.614188747000298,86.7,87.9124526977539,1.2124526977539034,72.4,77.53584289550781,5.135842895507807,91.2,91.55377197265625,0.35377197265624716,51.2,54.55649185180664,3.356491851806638,36.1,34.27278137207031,-1.827218627929689,28.8,29.14773941040039,0.3477394104003899,32.9,34.530250549316406,1.6302505493164077
1330,M,174.6,81.2,7.230299752999599,9.614188747000298,103.4,104.72865295410156,1.3286529541015568,87.0,91.79843139648438,4.798431396484375,103.5,100.43556213378906,-3.0644378662109375,63.8,60.749778747558594,-3.0502212524414034,40.2,39.731956481933594,-0.4680435180664091,34.3,34.69841003417969,0.39841003417969034,39.6,40.344215393066406,0.7442153930664048
2698,M,171.5,64.7,7.230299752999599,9.614188747000298,98.8,95.72117614746094,-3.0788238525390597,85.4,79.74269104003906,-5.657308959960943,91.5,92.11965942382812,0.619659423828125,53.9,54.25672912597656,0.3567291259765639,34.5,36.06791305541992,1.5679130554199219,30.1,31.09395408630371,0.9939540863037095,39.3,39.17649841308594,-0.12350158691405966
5008,M,175.0,74.7,7.230299752999599,9.614188747000298,105.3,101.29145812988281,-4.008541870117185,86.1,85.96372985839844,-0.13627014160155682,95.3,97.14128875732422,1.8412887573242216,52.2,58.088233947753906,5.888233947753903,39.0,38.22951126098633,-0.7704887390136719,30.8,33.27699279785156,2.476992797851562,41.1,40.166351318359375,-0.9336486816406264
1001,M,175.4,83.0,7.230299752999599,9.614188747000298,114.5,105.5318603515625,-8.9681396484375,86.0,92.7856216430664,6.785621643066406,102.5,101.21192932128906,-1.2880706787109375,61.0,61.34063720703125,0.34063720703125,40.3,40.08973693847656,-0.21026306152343466,36.1,35.02906036376953,-1.0709396362304702,43.5,40.52277374267578,-2.9772262573242188
1084,F,162.8,48.1,7.230299752999599,9.614188747000298,85.4,80.8966064453125,-4.503393554687506,70.5,66.32842254638672,-4.171577453613281,88.8,88.16314697265625,-0.6368530273437472,53.0,51.11271286010742,-1.8872871398925781,30.5,32.621952056884766,2.1219520568847656,25.7,25.769447326660156,0.06944732666015696,36.8,34.967567443847656,-1.832432556152341
5031,F,161.1,64.2,7.230299752999599,9.614188747000298,89.9,93.09143829345703,3.1914382934570256,83.8,82.86365509033203,-0.9363449096679659,99.7,98.26470947265625,-1.4352905273437528,61.1,59.24998474121094,-1.850015258789064,37.7,36.93789291381836,-0.7621070861816435,31.3,31.291912078857422,-0.008087921142578836,34.1,35.88902282714844,1.789022827148436
1212,M,179.5,79.0,7.230299752999599,9.614188747000298,100.1,102.98423767089844,2.884237670898443,83.6,86.95869445800781,3.358694458007818,102.6,99.12801361083984,-3.4719863891601506,60.4,59.386871337890625,-1.0131286621093736,38.5,38.86053466796875,0.36053466796875,31.3,33.919734954833984,2.6197349548339837,42.1,40.981468200683594,-1.1185317993164077
497,M,180.9,69.1,7.230299752999599,9.614188747000298,97.9,97.48265075683594,-0.4173492431640682,83.0,77.89932250976562,-5.100677490234375,93.8,93.95640563964844,0.15640563964844034,55.7,55.224308013916016,-0.4756919860839872,35.1,36.533355712890625,1.4333557128906236,32.2,31.38239288330078,-0.8176071166992216,42.0,40.743125915527344,-1.2568740844726562
1338,M,171.7,66.9,7.230299752999599,9.614188747000298,102.0,97.11720275878906,-4.8827972412109375,83.7,81.44078063964844,-2.2592193603515653,93.6,93.27836608886719,-0.3216339111328068,57.0,55.19788360595703,-1.8021163940429688,34.6,36.67436599731445,2.0743659973144517,32.9,31.68181610107422,-1.2181838989257798,39.0,39.31707000732422,0.31707000732421875
994,M,171.6,60.7,7.230299752999599,9.614188747000298,101.3,93.08949279785156,-8.210507202148435,73.8,76.23528289794922,2.4352828979492216,88.4,90.03643035888672,1.636430358886713,52.9,52.457984924316406,-0.44201507568359233,34.0,35.04407501220703,1.0440750122070312,31.4,29.81583023071289,-1.584169769287108,38.4,38.95343780517578,0.5534378051757827
4343,F,168.8,70.9,7.230299752999599,9.614188747000298,97.8,95.18879699707031,-2.6112030029296847,88.8,83.51040649414062,-5.289593505859372,103.0,101.87693786621094,-1.1230621337890625,56.8,61.44362258911133,4.643622589111331,36.2,38.297630310058594,2.097630310058591,31.9,32.275230407714844,0.37523040771484517,37.2,37.089656829833984,-0.11034317016601847
240,F,161.4,55.3,7.230299752999599,9.614188747000298,92.1,86.74551391601562,-5.354486083984369,71.0,73.90266418457031,2.9026641845703125,92.0,92.73226165771484,0.7322616577148438,53.7,54.97282028198242,1.272820281982419,34.0,34.606773376464844,0.6067733764648438,28.0,28.64316177368164,0.6431617736816406,35.2,35.307342529296875,0.10734252929687216
4808,M,178.4,76.8,7.230299752999599,9.614188747000298,101.5,101.99526977539062,0.495269775390625,88.8,85.81742095947266,-2.982579040527341,98.2,98.07831573486328,-0.12168426513672159,58.9,58.607688903808594,-0.29231109619140483,36.2,38.445350646972656,2.2453506469726534,32.6,33.503631591796875,0.9036315917968736,40.0,40.755882263183594,0.7558822631835938
2236,F,153.5,46.4,7.230299752999599,9.614188747000298,79.0,82.08287048339844,3.0828704833984375,74.2,68.58035278320312,-5.619647216796878,85.9,86.8262710571289,0.9262710571289006,49.1,50.99646759033203,1.8964675903320298,32.3,32.270103454589844,-0.029896545410153408,27.0,26.635234832763672,-0.3647651672363281,34.2,33.97657775878906,-0.22342224121094034
333,M,176.1,70.9,7.230299752999599,9.614188747000298,98.1,99.08110046386719,0.9811004638671932,79.7,82.04644775390625,2.346447753906247,96.5,95.1114273071289,-1.3885726928710938,58.8,56.423858642578125,-2.376141357421872,41.6,37.29965591430664,-4.300344085693361,30.7,32.358482360839844,1.6584823608398445,41.1,40.164756774902344,-0.9352432250976577
4281,F,151.2,60.0,7.230299752999599,9.614188747000298,89.8,92.9998550415039,3.199855041503909,80.4,86.17778778076172,5.777787780761713,95.3,95.00970458984375,-0.29029541015624716,53.1,57.21023178100586,4.110231781005858,34.1,35.73167419433594,1.631674194335936,31.0,31.23661994934082,0.2366199493408203,35.3,34.66412353515625,-0.6358764648437472
2937,M,174.3,82.1,7.230299752999599,9.614188747000298,104.6,105.23882293701172,0.6388229370117244,94.6,92.77178192138672,-1.8282180786132756,100.1,100.82765197753906,0.7276519775390682,60.5,61.11834716796875,0.61834716796875,39.7,39.97008514404297,0.2700851440429659,32.6,34.91971969604492,2.3197196960449205,38.9,40.328277587890625,1.4282775878906264
3277,F,155.0,63.7,7.230299752999599,9.614188747000298,89.9,94.39834594726562,4.498345947265619,84.0,86.74118041992188,2.741180419921875,100.4,97.52265930175781,-2.877340698242193,56.7,58.8392333984375,2.139233398437497,37.1,36.767234802246094,-0.33276519775390767,32.0,31.84754753112793,-0.1524524688720703,36.7,35.222843170166016,-1.4771568298339872
4749,M,176.2,85.9,7.230299752999599,9.614188747000298,105.2,106.86074829101562,1.6607482910156222,94.1,94.640869140625,0.5408691406250057,105.2,102.43281555175781,-2.7671844482421903,60.7,62.336612701416016,1.6366127014160128,40.8,40.62646484375,-0.17353515624999716,34.8,35.55943298339844,0.7594329833984403,42.7,40.72211837768555,-1.977881622314456
4915,M,170.3,83.1,7.230299752999599,9.614188747000298,104.3,106.28924560546875,1.9892456054687528,92.8,96.050537109375,3.250537109375003,102.2,101.69979858398438,-0.5002014160156278,62.8,62.00611114501953,-0.7938888549804659,39.7,40.4783935546875,0.7783935546874972,36.7,35.4256591796875,-1.2743408203125028,39.4,39.766456604003906,0.36645660400390767
555,F,159.2,49.9,7.230299752999599,9.614188747000298,81.9,83.22409057617188,1.3240905761718693,68.6,69.39060974121094,0.7906097412109432,90.3,89.24526977539062,-1.0547302246093722,54.6,52.55921173095703,-2.04078826904297,33.2,33.13147735595703,-0.06852264404297159,26.7,27.127145767211914,0.4271457672119148,34.4,34.69048309326172,0.29048309326172017
3800,F,159.2,70.5,7.230299752999599,9.614188747000298,97.8,97.432373046875,-0.36762695312499716,86.3,89.45387268066406,3.1538726806640653,102.5,101.6983413696289,-0.8016586303710938,62.0,62.143592834472656,0.14359283447265625,39.7,38.475135803222656,-1.2248641967773466,33.2,33.20717239379883,0.007172393798825283,34.6,36.09727096557617,1.4972709655761705
624,F,156.3,51.8,7.230299752999599,9.614188747000298,84.9,85.65071105957031,0.7507110595703068,66.8,73.3843994140625,6.584399414062503,92.2,90.294921875,-1.9050781250000028,56.5,53.610198974609375,-2.889801025390625,32.8,33.67430877685547,0.8743087768554716,28.7,28.238693237304688,-0.4613067626953118,33.5,34.52790069580078,1.0279006958007812
1995,M,168.0,78.2,7.230299752999599,9.614188747000298,106.3,103.986083984375,-2.313916015624997,96.4,93.55852508544922,-2.841474914550787,97.4,99.41506958007812,2.0150695800781193,60.0,60.088130950927734,0.08813095092773438,39.7,39.50465774536133,-0.19534225463867472,35.3,34.477027893066406,-0.8229721069335909,40.7,39.28999328613281,-1.4100067138671903
491,M,179.4,72.1,7.230299752999599,9.614188747000298,94.3,99.35258483886719,5.05258483886719,79.9,81.10983276367188,1.2098327636718693,96.7,95.57394409179688,-1.1260559082031278,62.0,56.59632110595703,-5.403678894042969,37.8,37.32378387451172,-0.4762161254882784,30.9,32.35575866699219,1.455758666992189,42.8,40.68534851074219,-2.1146514892578097
23,F,156.5,58.4,7.230299752999599,9.614188747000298,92.1,90.64063262939453,-1.459367370605463,84.2,80.79068756103516,-3.4093124389648466,95.4,94.38756561279297,-1.012434387207037,56.2,56.574012756347656,0.3740127563476534,35.6,35.459983825683594,-0.14001617431640767,31.4,30.302021026611328,-1.0979789733886705,35.7,35.0013313293457,-0.6986686706542997
3351,F,160.2,51.4,7.230299752999599,9.614188747000298,80.8,84.04926300048828,3.249263000488284,67.4,70.45365905761719,3.053659057617182,93.2,90.24200439453125,-2.957995605468753,55.8,53.24522399902344,-2.5547760009765597,32.7,33.54486846923828,0.8448684692382784,25.9,27.472747802734375,1.5727478027343764,35.4,34.88549041748047,-0.5145095825195298
501,M,182.9,76.8,7.230299752999599,9.614188747000298,101.5,101.39533996582031,-0.1046600341796875,83.2,82.88217163085938,-0.31782836914062784,96.0,97.80662536621094,1.8066253662109375,56.5,58.178619384765625,1.678619384765625,38.0,38.17511749267578,0.17511749267578125,34.3,33.181007385253906,-1.118992614746091,39.6,41.326438903808594,1.7264389038085923
1788,M,169.0,77.7,7.230299752999599,9.614188747000298,106.5,103.62772369384766,-2.8722763061523438,96.0,92.40754699707031,-3.5924530029296875,97.7,99.01274108886719,1.3127410888671847,55.5,59.80146026611328,4.301460266113281,36.7,39.32919692993164,2.629196929931638,35.0,34.31630325317383,-0.6836967468261719,41.3,39.408447265625,-1.8915527343749972
2705,M,170.5,73.3,7.230299752999599,9.614188747000298,101.0,101.01602172851562,0.016021728515625,89.1,87.70864868164062,-1.3913513183593693,97.0,96.63876342773438,-0.361236572265625,61.0,57.844337463378906,-3.1556625366210938,40.0,38.24052047729492,-1.7594795227050781,33.7,33.2491455078125,-0.45085449218750284,38.4,39.447242736816406,1.0472427368164077
239,F,166.5,64.4,7.230299752999599,9.614188747000298,86.1,91.54861450195312,5.448614501953131,75.2,79.66755676269531,4.46755676269531,98.7,98.48709106445312,-0.21290893554687784,59.5,58.97002410888672,-0.5299758911132812,38.7,36.811927795410156,-1.8880722045898466,28.2,30.66472625732422,2.4647262573242195,37.9,36.50336837768555,-1.3966316223144517
4673,F,166.9,53.5,7.230299752999599,9.614188747000298,83.8,83.96807861328125,0.16807861328125284,69.2,69.63018798828125,0.43018798828124716,93.1,91.61590576171875,-1.4840942382812443,51.9,53.48213195800781,1.582131958007814,34.5,33.88929748535156,-0.6107025146484375,26.2,27.17129898071289,0.9712989807128913,36.4,35.84086227416992,-0.5591377258300767
4003,M,178.7,92.2,7.230299752999599,9.614188747000298,109.2,109.50143432617188,0.30143432617187216,101.9,97.92558288574219,-3.974417114257818,102.9,105.22898864746094,2.328988647460932,64.3,64.36318969726562,0.06318969726562784,43.1,41.728004455566406,-1.3719955444335952,36.7,36.67219543457031,-0.027804565429690342,42.1,41.27481460571289,-0.8251853942871108
2095,F,161.4,54.4,7.230299752999599,9.614188747000298,89.0,86.05964660644531,-2.9403533935546875,75.3,72.91606903076172,-2.3839309692382784,93.0,92.18064880371094,-0.8193511962890625,56.1,54.56078338623047,-1.5392166137695327,33.4,34.35748291015625,0.9574829101562514,28.2,28.336624145507812,0.1366241455078132,35.6,35.242164611816406,-0.35783538818359517
2213,F,154.7,57.3,7.230299752999599,9.614188747000298,88.4,90.3465347290039,1.9465347290039006,81.8,80.9813232421875,-0.8186767578124972,93.7,93.64891052246094,-0.05108947753906534,58.5,56.10894775390625,-2.39105224609375,34.0,35.138465881347656,1.1384658813476562,31.8,30.18741226196289,-1.61258773803711,35.0,34.771034240722656,-0.22896575927734375
4995,M,168.7,73.1,7.230299752999599,9.614188747000298,103.1,101.12039947509766,-1.979600524902338,88.0,88.78687286376953,0.7868728637695312,93.9,96.60649108886719,2.706491088867182,55.8,57.87101364135742,2.0710136413574247,37.5,38.31318664550781,0.8131866455078125,33.6,33.33513259887695,-0.2648674011230483,39.1,39.199623107910156,0.09962310791015483
1335,M,164.6,54.9,7.230299752999599,9.614188747000298,92.1,89.81234741210938,-2.2876525878906193,71.0,74.81446838378906,3.8144683837890625,88.1,86.76502990722656,-1.3349700927734318,51.5,50.253963470458984,-1.2460365295410156,34.4,33.83879470825195,-0.5612052917480455,29.4,28.563159942626953,-0.8368400573730455,37.7,37.679161071777344,-0.020838928222659092
3316,M,189.1,63.7,7.230299752999599,9.614188747000298,89.8,92.90230560302734,3.1023056030273466,70.6,70.09931945800781,-0.5006805419921818,91.4,90.62876892089844,-0.7712310791015682,50.5,52.012245178222656,1.5122451782226562,36.0,34.963111877441406,-1.0368881225585938,27.2,28.844989776611328,1.6449897766113288,41.7,41.39840316772461,-0.30159683227539347
3951,F,164.5,66.9,7.230299752999599,9.614188747000298,92.2,93.77674102783203,1.5767410278320284,90.0,82.87492370605469,-7.1250762939453125,98.5,99.93963623046875,1.43963623046875,58.4,60.36396408081055,1.9639640808105483,36.5,37.559425354003906,1.0594253540039062,30.9,31.613140106201172,0.7131401062011733,35.4,36.432159423828125,1.0321594238281264
3606,M,164.0,63.9,7.230299752999599,9.614188747000298,98.6,95.95486450195312,-2.6451354980468693,86.1,83.77128601074219,-2.328713989257807,91.6,91.83255767822266,0.23255767822266193,55.1,54.494789123535156,-0.6052108764648452,35.0,36.266136169433594,1.2661361694335938,32.5,31.486679077148438,-1.0133209228515625,39.3,38.14530944824219,-1.1546905517578097
4761,F,149.3,59.0,7.230299752999599,9.614188747000298,92.6,92.77629852294922,0.17629852294922443,83.5,86.6460952758789,3.1460952758789062,94.3,94.46200561523438,0.16200561523437784,58.2,56.92443084716797,-1.275569152832034,34.3,35.434288024902344,1.1342880249023466,32.2,31.160181045532227,-1.0398189544677763,34.4,34.439910888671875,0.03991088867187642
429,F,153.3,53.4,7.230299752999599,9.614188747000298,86.1,87.77996826171875,1.6799682617187557,77.4,77.76734924316406,0.3673492431640568,94.3,91.13204956054688,-3.167950439453122,61.4,54.32890319824219,-7.071096801757811,33.3,34.069427490234375,0.7694274902343778,30.7,29.117595672607422,-1.5824043273925774,33.0,34.38600158691406,1.3860015869140625
2416,M,177.5,74.4,7.230299752999599,9.614188747000298,102.8,100.8515853881836,-1.9484146118164034,87.9,84.23873138427734,-3.661268615722662,94.1,96.84771728515625,2.7477172851562557,55.3,57.68691635131836,2.386916351318362,38.5,37.97465515136719,-0.5253448486328125,33.5,33.04862976074219,-0.4513702392578125,39.8,40.53081512451172,0.7308151245117216
3697,M,181.3,74.2,7.230299752999599,9.614188747000298,101.1,100.23020935058594,-0.8697906494140568,77.1,81.71049499511719,4.610494995117193,97.4,96.53970336914062,-0.8602966308593807,50.1,57.24344253540039,7.143442535400389,39.5,37.675872802734375,-1.824127197265625,34.3,32.70362091064453,-1.596379089355466,40.7,41.03899383544922,0.3389938354492159
4398,M,176.7,79.0,7.230299752999599,9.614188747000298,100.9,103.35233306884766,2.4523330688476506,84.0,88.66294860839844,4.6629486083984375,100.8,99.21818542480469,-1.5818145751953097,60.6,59.66936492919922,-0.9306350708007827,39.6,39.09213638305664,-0.5078636169433608,34.6,34.098087310791016,-0.5019126892089858,39.4,40.580623626708984,1.1806236267089858
422,F,163.6,56.6,7.230299752999599,9.614188747000298,90.3,87.01020812988281,-3.2897918701171847,74.9,73.94290161132812,-0.9570983886718807,97.0,93.57716369628906,-3.4228363037109375,61.3,55.46919250488281,-5.830807495117185,35.4,34.900001525878906,-0.49999847412109233,28.2,28.719945907592773,0.5199459075927741,35.6,35.640594482421875,0.04059448242187358
1115,F,170.6,54.6,7.230299752999599,9.614188747000298,81.7,84.06640625,2.366406249999997,69.2,69.3360595703125,0.13605957031249716,94.0,92.15278625488281,-1.8472137451171875,54.6,53.51033020019531,-1.089669799804689,34.3,33.995994567871094,-0.3040054321289034,25.6,27.05353355407715,1.453533554077147,36.3,36.34785842895508,0.04785842895508097
803,M,179.5,71.9,7.230299752999599,9.614188747000298,96.4,99.19438171386719,2.794381713867182,78.9,80.84406280517578,1.9440628051757756,97.3,95.45469665527344,-1.8453033447265597,56.5,56.50366973876953,0.00366973876953125,37.0,37.25127410888672,0.25127410888671875,32.2,32.294456481933594,0.09445648193359091,37.8,40.69913101196289,2.8991310119628935
4162,F,163.2,54.4,7.230299752999599,9.614188747000298,84.0,85.49174499511719,1.4917449951171875,69.2,71.89724731445312,2.697247314453122,90.5,92.25480651855469,1.7548065185546875,54.4,54.443260192871094,0.04326019287109517,35.6,34.3057861328125,-1.2942138671875014,30.6,28.038780212402344,-2.5612197875976577,33.8,35.443458557128906,1.643458557128909
2576,F,159.5,44.1,7.230299752999599,9.614188747000298,81.3,78.68733978271484,-2.6126602172851534,65.7,63.879737854003906,-1.8202621459960966,85.5,85.1959457397461,-0.30405426025390625,51.3,49.143585205078125,-2.156414794921872,30.1,31.5136661529541,1.4136661529541001,26.3,24.721689224243164,-1.5783107757568366,36.4,34.36305618286133,-2.0369438171386705
1728,M,170.8,83.9,7.230299752999599,9.614188747000298,107.4,106.61473846435547,-0.7852615356445369,97.9,96.38516235351562,-1.5148376464843807,103.8,101.97694396972656,-1.8230560302734347,63.3,62.276100158691406,-1.023899841308591,40.7,40.62957763671875,-0.07042236328125284,37.9,35.572837829589844,-2.327162170410155,41.2,39.86565017700195,-1.3343498229980497
4008,M,173.8,75.5,7.230299752999599,9.614188747000298,101.7,101.8525390625,0.15253906249999716,86.4,87.39622497558594,0.9962249755859318,99.5,97.62291717529297,-1.8770828247070312,61.2,58.5323371887207,-2.6676628112792997,39.3,38.49358367919922,-0.8064163208007784,32.2,33.51972198486328,1.3197219848632784,38.8,40.01393508911133,1.213935089111331
1720,M,174.0,89.1,7.230299752999599,9.614188747000298,112.7,108.72183990478516,-3.9781600952148466,97.9,98.47982788085938,0.5798278808593693,103.9,104.20025634765625,0.3002563476562443,65.3,63.861629486083984,-1.4383705139160128,40.1,41.471168518066406,1.3711685180664048,38.0,36.40168762207031,-1.5983123779296875,40.5,40.47944259643555,-0.020557403564453125
3671,F,161.5,55.2,7.230299752999599,9.614188747000298,87.5,86.643310546875,-0.856689453125,76.8,73.74185180664062,-3.058148193359372,92.8,92.67916870117188,-0.12083129882812216,54.3,54.922630310058594,0.6226303100585966,34.0,34.57128143310547,0.5712814331054688,29.5,28.593204498291016,-0.9067955017089844,36.1,35.309959411621094,-0.7900405883789077
4873,F,161.9,61.8,7.230299752999599,9.614188747000298,82.6,91.16499328613281,8.564993286132818,73.2,80.07402801513672,6.874028015136716,94.1,96.83094787597656,2.730947875976568,56.8,58.08799743652344,1.2879974365234403,38.1,36.2724723815918,-1.8275276184082045,29.6,30.527481079101562,0.9274810791015611,35.9,35.80610656738281,-0.09389343261718608
4892,M,164.5,76.0,7.230299752999599,9.614188747000298,99.9,103.23434448242188,3.3343444824218693,96.3,94.10726928710938,-2.192730712890622,97.3,98.39930725097656,1.0993072509765653,59.0,59.39642333984375,0.39642333984375,39.5,39.18505859375,-0.31494140625,33.9,34.25261306762695,0.35261306762695455,38.8,38.77415084838867,-0.025849151611325283
3409,M,174.4,75.0,7.230299752999599,9.614188747000298,99.2,101.50505065917969,2.3050506591796847,82.0,86.6513900756836,4.651390075683594,101.2,97.37371063232422,-3.826289367675784,60.6,58.28575134277344,-2.314248657226564,40.2,38.33875274658203,-1.8612472534179716,33.6,33.356773376464844,-0.24322662353515767,39.3,40.08518981933594,0.7851898193359403
2964,F,168.6,78.6,7.230299752999599,9.614188747000298,95.7,99.49021911621094,3.7902191162109347,91.0,89.62901306152344,-1.3709869384765625,102.0,106.03656768798828,4.036567687988281,64.2,64.72242736816406,0.5224273681640597,39.8,40.00190734863281,0.20190734863281534,34.0,34.432273864746094,0.43227386474609375,38.0,37.3928108215332,-0.6071891784667969
4539,M,165.5,72.3,7.230299752999599,9.614188747000298,95.8,101.00123596191406,5.201235961914065,99.4,90.3563461303711,-9.043653869628912,93.6,96.30072784423828,2.700727844238287,52.0,57.71152877807617,5.711528778076172,37.4,38.330230712890625,0.9302307128906264,31.5,33.37411117553711,1.8741111755371094,38.7,38.739112854003906,0.03911285400390341
3742,M,173.6,75.7,7.230299752999599,9.614188747000298,100.4,101.98233032226562,1.5823303222656193,86.3,87.70844268798828,1.408442687988284,95.4,97.74443054199219,2.344430541992182,55.9,58.63264083862305,2.7326408386230483,39.0,38.56003952026367,-0.4399604797363281,32.7,33.562339782714844,0.8623397827148409,41.0,39.98885726928711,-1.0111427307128906
1872,F,164.4,57.1,7.230299752999599,9.614188747000298,89.5,87.1635513305664,-2.3364486694335938,71.9,74.04759216308594,2.147592163085932,94.4,93.83634948730469,-0.5636505126953182,58.0,55.61310958862305,-2.386890411376953,34.2,34.982967376708984,0.7829673767089815,29.1,28.765565872192383,-0.3344341278076186,36.9,35.768836975097656,-1.1311630249023423
3795,F,157.6,56.5,7.230299752999599,9.614188747000298,88.3,88.9345703125,0.6345703125000028,73.4,78.08024597167969,4.680245971679682,98.5,93.31648254394531,-5.1835174560546875,57.0,55.67800521850586,-1.3219947814941406,34.5,34.96350860595703,0.46350860595703125,28.2,29.58214569091797,1.3821456909179695,34.9,34.988739013671875,0.08873901367187642
733,F,165.8,65.1,7.230299752999599,9.614188747000298,94.5,92.1948471069336,-2.3051528930664062,75.4,80.68302154541016,5.283021545410151,99.0,98.96365356445312,-0.036346435546875,57.8,59.411155700683594,1.6111557006835966,36.7,37.03913116455078,0.3391311645507784,30.3,30.943397521972656,0.6433975219726555,36.2,36.460044860839844,0.2600448608398409
927,F,153.7,51.1,7.230299752999599,9.614188747000298,87.7,85.826171875,-1.8738281250000028,75.1,74.47311401367188,-0.6268859863281193,88.7,89.70555114746094,1.0055511474609347,51.9,53.29306411743164,1.393064117431642,34.5,33.488319396972656,-1.0116806030273438,29.4,28.28783416748047,-1.1121658325195298,33.9,34.27471923828125,0.3747192382812514
3125,F,151.6,53.2,7.230299752999599,9.614188747000298,86.8,88.03030395507812,1.2303039550781278,77.3,78.50187683105469,1.2018768310546903,93.8,90.97959899902344,-2.8204010009765597,55.8,54.27429962158203,-1.525700378417966,33.1,34.019012451171875,0.9190124511718736,29.8,29.1611270904541,-0.6388729095458991,32.5,34.22350311279297,1.7235031127929688
65,F,177.0,69.0,7.230299752999599,9.614188747000298,88.2,92.20082092285156,4.00082092285156,73.8,77.6815185546875,3.881518554687503,99.7,100.59852600097656,0.8985260009765597,59.2,59.34265899658203,0.1426589965820284,42.0,37.280242919921875,-4.719757080078125,29.0,30.535032272338867,1.5350322723388672,39.2,37.84148406982422,-1.358515930175784
2127,F,145.7,52.0,7.230299752999599,9.614188747000298,88.8,88.51248168945312,-0.28751831054687216,80.5,80.91754150390625,0.41754150390625,94.0,90.14982604980469,-3.8501739501953125,55.8,54.0041389465332,-1.795861053466794,32.6,33.59307098388672,0.9930709838867173,28.8,29.263263702392578,0.4632637023925774,33.8,33.73078918457031,-0.06921081542968466
4367,F,156.2,55.5,7.230299752999599,9.614188747000298,84.0,88.60638427734375,4.60638427734375,76.0,78.08302307128906,2.0830230712890625,96.5,92.6103515625,-3.8896484375,55.4,55.27334213256836,-0.1266578674316392,36.0,34.697547912597656,-1.3024520874023438,28.1,29.45404815673828,1.3540481567382798,34.4,34.78430938720703,0.38430938720703267
2314,F,161.5,49.3,7.230299752999599,9.614188747000298,81.8,82.12858581542969,0.32858581542969034,68.2,67.87513732910156,-0.32486267089844034,93.0,88.96240997314453,-4.037590026855469,56.4,51.98726272583008,-4.4127372741699205,32.5,32.95952606201172,0.45952606201171875,28.1,26.466407775878906,-1.6335922241210952,35.8,34.9081916809082,-0.891808319091794
4130,F,154.5,52.3,7.230299752999599,9.614188747000298,89.5,86.5701904296875,-2.9298095703125,81.0,75.43487548828125,-5.56512451171875,87.5,90.50701141357422,3.0070114135742188,52.4,53.838111877441406,1.4381118774414077,31.9,33.787254333496094,1.8872543334960952,28.4,28.623329162597656,0.22332916259765767,33.4,34.414939880371094,1.0149398803710952
3750,M,168.0,62.6,7.230299752999599,9.614188747000298,89.8,94.68669128417969,4.88669128417969,78.7,79.91537475585938,1.2153747558593722,94.4,91.13722229003906,-3.262777709960943,57.0,53.63957214355469,-3.3604278564453125,35.9,35.757652282714844,-0.14234771728515483,32.1,30.780553817749023,-1.319446182250978,38.8,38.58930587768555,-0.21069412231445028
4704,F,156.8,68.1,7.230299752999599,9.614188747000298,92.1,96.6539306640625,4.553930664062506,77.7,89.33570098876953,11.635700988769528,104.6,100.1385498046875,-4.461450195312494,64.5,60.95475769042969,-3.5452423095703125,39.6,37.932952880859375,-1.6670471191406264,32.5,32.86931228637695,0.3693122863769531,33.8,35.71765899658203,1.917658996582034
969,M,173.5,72.9,7.230299752999599,9.614188747000298,103.3,100.46119689941406,-2.8388031005859347,81.2,85.42626953125,4.226269531249997,99.0,96.25712585449219,-2.7428741455078125,61.1,57.467098236083984,-3.632901763916017,37.2,37.9461555480957,0.7461555480957003,33.1,32.980804443359375,-0.11919555664062642,41.4,39.8605842590332,-1.5394157409667955
4287,F,149.8,57.3,7.230299752999599,9.614188747000298,90.2,91.50907897949219,1.3090789794921847,81.1,84.39888000488281,3.298880004882818,97.4,93.45574188232422,-3.944258117675787,58.2,56.18123245239258,-2.0187675476074247,35.4,35.05764389038086,-0.3423561096191392,29.1,30.609525680541992,1.5095256805419908,33.3,34.371559143066406,1.071559143066409
3659,F,156.7,63.3,7.230299752999599,9.614188747000298,92.0,93.68388366699219,1.6838836669921875,80.1,85.09441375732422,4.994413757324224,100.0,97.32121276855469,-2.6787872314453125,60.8,58.7061767578125,-2.093823242187497,37.3,36.67691421508789,-0.6230857849121065,31.3,31.562498092651367,0.2624980926513665,34.4,35.372581481933594,0.9725814819335952
4444,F,164.9,66.5,7.230299752999599,9.614188747000298,90.8,93.43565368652344,2.6356536865234403,78.1,82.31153869628906,4.211538696289068,101.0,99.65132141113281,-1.3486785888671875,59.4,60.14881896972656,0.7488189697265639,39.0,37.45001220703125,-1.54998779296875,29.9,31.486841201782227,1.586841201782228,36.6,36.444786071777344,-0.15521392822265767
416,F,158.8,53.6,7.230299752999599,9.614188747000298,88.7,86.25874328613281,-2.4412567138671903,75.4,73.8027114868164,-1.5972885131835994,87.5,91.60066223144531,4.1006622314453125,49.4,54.356353759765625,4.956353759765626,34.8,34.167762756347656,-0.6322372436523409,29.8,28.466407775878906,-1.3335922241210945,34.0,34.91153335571289,0.9115333557128906
3881,F,159.7,56.7,7.230299752999599,9.614188747000298,87.5,88.41090393066406,0.9109039306640625,79.0,76.78504943847656,-2.2149505615234375,90.0,93.46794128417969,3.4679412841796875,53.0,55.70796203613281,2.7079620361328125,33.0,35.008338928222656,2.0083389282226562,28.8,29.359390258789062,0.5593902587890618,34.8,35.21973419189453,0.4197341918945341
2135,F,161.7,54.6,7.230299752999599,9.614188747000298,84.5,86.10807800292969,1.6080780029296875,68.8,72.93197631835938,4.131976318359378,93.2,92.32093811035156,-0.8790618896484403,56.6,54.61189651489258,-1.9881034851074233,35.3,34.38846969604492,-0.9115303039550753,28.1,28.33531379699707,0.2353137969970689,34.3,35.280487060546875,0.9804870605468778
4396,M,159.1,64.8,7.230299752999599,9.614188747000298,95.2,97.492919921875,2.292919921874997,90.6,88.3248291015625,-2.2751708984374943,90.8,92.36241149902344,1.5624114990234403,52.4,55.550994873046875,3.1509948730468764,36.5,36.63871765136719,0.1387176513671875,30.9,32.187644958496094,1.2876449584960952,36.4,37.59300231933594,1.193002319335939
1629,M,166.3,89.7,7.230299752999599,9.614188747000298,112.5,110.15097045898438,-2.349029541015625,106.7,104.03157043457031,-2.6684295654296903,104.8,105.17192077636719,0.37192077636719034,65.1,65.03749084472656,-0.06250915527343182,44.2,42.114830017089844,-2.085169982910159,37.1,37.052146911621094,-0.04785308837890767,41.7,39.42713928222656,-2.2728607177734403
4806,M,174.7,75.4,7.230299752999599,9.614188747000298,99.5,101.72036743164062,2.220367431640625,87.3,86.75574493408203,-0.5442550659179659,102.2,97.52438354492188,-4.675616455078128,59.7,58.39141845703125,-1.3085815429687528,36.1,38.39603805541992,2.2960380554199205,33.8,33.43962097167969,-0.36037902832030966,36.4,40.15214920043945,3.7521492004394545
84,M,178.1,80.3,7.230299752999599,9.614188747000298,105.2,103.82845306396484,-1.371546936035159,88.0,88.88319396972656,0.8831939697265625,102.9,99.76139831542969,-3.138601684570318,60.6,60.02881622314453,-0.5711837768554702,39.9,39.278221130371094,-0.6217788696289048,34.3,34.27758026123047,-0.022419738769528408,41.4,40.8302001953125,-0.5697998046874986
3734,M,160.0,61.3,7.230299752999599,9.614188747000298,94.3,95.09022521972656,0.7902252197265653,77.3,84.20638275146484,6.906382751464847,90.6,90.31876373291016,-0.28123626708983807,54.8,53.866031646728516,-0.9339683532714815,38.6,35.653717041015625,-2.9462829589843764,30.5,31.17643928527832,0.6764392852783203,38.2,37.540992736816406,-0.6590072631835966
1566,M,171.0,71.9,7.230299752999599,9.614188747000298,100.0,100.14434051513672,0.14434051513671875,91.2,86.13919830322266,-5.060801696777347,97.3,95.90049743652344,-1.3995025634765597,57.6,57.27275848388672,-0.32724151611328267,37.0,37.88005828857422,0.8800582885742188,33.8,32.91719055175781,-0.8828094482421847,38.9,39.43332290649414,0.533322906494142
2086,M,168.1,66.2,7.230299752999599,9.614188747000298,95.2,97.00967407226562,1.8096740722656222,81.8,83.18000793457031,1.3800079345703153,91.7,92.98684692382812,1.2868469238281222,54.6,55.15471649169922,0.5547164916992173,36.2,36.70075988769531,0.5007598876953097,33.0,31.756214141845703,-1.2437858581542969,39.3,38.80986022949219,-0.49013977050780966
2407,M,177.0,74.2,7.230299752999599,9.614188747000298,100.5,100.79674530029297,0.29674530029296875,86.1,84.28623962402344,-1.8137603759765568,98.0,96.7787857055664,-1.2212142944335938,58.2,57.67405700683594,-0.5259429931640653,36.4,37.95886993408203,1.5588699340820327,34.9,33.02644348144531,-1.873556518554686,40.8,40.44480895996094,-0.35519104003905966
1513,M,178.9,55.7,7.230299752999599,9.614188747000298,86.0,88.73783874511719,2.7378387451171875,68.3,68.7174072265625,0.41740722656250284,86.5,86.91876220703125,0.41876220703125,49.6,49.30282211303711,-0.29717788696289205,33.7,33.312538146972656,-0.3874618530273466,27.0,27.05459976196289,0.054599761962890625,40.3,39.60679244995117,-0.6932075500488253
1181,M,173.2,62.5,7.230299752999599,9.614188747000298,93.0,94.11052703857422,1.1105270385742188,82.2,76.8802490234375,-5.319750976562503,92.1,90.86186218261719,-1.2381378173828068,56.0,53.1161003112793,-2.883899688720703,35.2,35.374691009521484,0.17469100952148153,31.1,30.253700256347656,-0.8462997436523452,38.6,39.29779052734375,0.6977905273437486
1242,M,179.0,72.8,7.230299752999599,9.614188747000298,102.2,99.82820129394531,-2.3717987060546903,79.4,81.96504974365234,2.565049743652338,95.5,95.99263763427734,0.49263763427734375,56.3,56.937347412109375,0.6373474121093778,35.8,37.464332580566406,1.664332580566409,34.6,32.53581619262695,-2.0641838073730483,37.7,40.67327117919922,2.973271179199216
2484,M,183.7,84.5,7.230299752999599,9.614188747000298,103.8,105.10855865478516,1.308558654785159,92.7,88.80223083496094,-3.8977691650390653,101.1,101.41035461425781,0.3103546142578182,60.0,61.107887268066406,1.1078872680664062,40.0,39.85640335083008,-0.14359664916992188,36.6,34.816734313964844,-1.7832656860351577,39.7,41.66548156738281,1.9654815673828097
3441,F,155.5,54.6,7.230299752999599,9.614188747000298,88.6,88.07279968261719,-0.5272003173828068,75.8,77.46231079101562,1.6623107910156278,88.7,91.97967529296875,3.279675292968747,50.5,54.816497802734375,4.316497802734375,33.5,34.45276641845703,0.9527664184570312,29.5,29.220590591430664,-0.27940940856933594,35.4,34.643898010253906,-0.7561019897460923
2837,F,159.0,50.6,7.230299752999599,9.614188747000298,82.8,83.82455444335938,1.0245544433593778,71.8,70.2337646484375,-1.5662353515624972,86.2,89.70751190185547,3.507511901855466,47.2,52.939334869384766,5.739334869384763,32.1,33.319679260253906,1.2196792602539048,27.6,27.408628463745117,-0.19137153625488423,33.8,34.70753479003906,0.9075347900390653
393,F,157.0,51.5,7.230299752999599,9.614188747000298,83.9,85.20227813720703,1.3022781372070256,69.7,72.51414489746094,2.8141448974609347,86.7,90.13323211669922,3.433232116699216,53.3,53.44685363769531,0.14685363769531534,36.7,33.59358215332031,-3.1064178466796903,27.2,28.044944763183594,0.8449447631835945,34.3,34.58429718017578,0.2842971801757841
106,F,171.1,66.5,7.230299752999599,9.614188747000298,93.4,91.87712097167969,-1.5228790283203182,79.3,78.95774841308594,-0.34225158691405966,98.5,99.372314453125,0.872314453125,58.2,59.22849655151367,1.028496551513669,38.5,37.066001892089844,-1.4339981079101562,32.0,30.603069305419922,-1.3969306945800781,37.9,37.12682342529297,-0.7731765747070298
4617,M,176.1,81.1,7.230299752999599,9.614188747000298,105.3,104.49337768554688,-0.8066223144531222,90.2,90.76888275146484,0.5688827514648409,102.3,100.25896453857422,-2.0410354614257784,59.7,60.5418586730957,0.8418586730957003,38.0,39.596553802490234,1.5965538024902344,34.2,34.575523376464844,0.3755233764648409,38.2,40.55780029296875,2.357800292968747
3154,M,161.0,72.9,7.230299752999599,9.614188747000298,97.8,102.03168487548828,4.231684875488284,93.9,93.96644592285156,0.06644592285155682,95.0,96.98391723632812,1.983917236328125,55.2,58.55678176879883,3.3567817687988253,38.5,38.590240478515625,0.090240478515625,32.0,33.84800720214844,1.8480072021484375,35.2,38.17881774902344,2.9788177490234347
4713,F,160.8,72.8,7.230299752999599,9.614188747000298,99.5,98.39945983886719,-1.1005401611328125,95.5,90.05686950683594,-5.4431304931640625,97.0,103.08619689941406,6.0861968994140625,58.5,63.23280334472656,4.7328033447265625,35.3,38.98843002319336,3.688430023193362,32.8,33.64251708984375,0.8425170898437528,37.6,36.39025115966797,-1.2097488403320327
1391,M,176.0,73.3,7.230299752999599,9.614188747000298,97.8,100.42329406738281,2.6232940673828153,88.9,84.12702941894531,-4.772970581054693,98.4,96.3633041381836,-2.036695861816412,59.0,57.41416549682617,-1.5858345031738281,37.5,37.839637756347656,0.33963775634765625,32.0,32.91178512573242,0.9117851257324219,40.3,40.256248474121094,-0.04375152587890341
2100,F,157.0,58.7,7.230299752999599,9.614188747000298,89.7,90.7034683227539,1.0034683227539034,79.4,80.75225830078125,1.3522583007812443,95.0,94.56768798828125,-0.43231201171875,59.7,56.69902038574219,-3.0009796142578153,35.3,35.53303909301758,0.23303909301758097,31.6,30.335540771484375,-1.2644592285156264,35.0,35.084716796875,0.084716796875
4698,F,154.5,55.9,7.230299752999599,9.614188747000298,89.5,89.3873291015625,-0.1126708984375,76.0,79.7320556640625,3.7320556640625,92.0,92.79102325439453,0.7910232543945312,56.4,55.455204010009766,-0.944795989990233,36.2,34.772865295410156,-1.4271347045898466,29.1,29.769641876220703,0.6696418762207017,35.3,34.652198791503906,-0.6478012084960909
2451,M,165.0,89.5,7.230299752999599,9.614188747000298,110.2,110.25003051757812,0.05003051757812216,105.5,104.73347473144531,-0.7665252685546875,109.2,105.25220489501953,-3.9477951049804716,66.6,65.14046478271484,-1.4595352172851506,43.0,42.16348648071289,-0.8365135192871094,40.2,37.121009826660156,-3.0789901733398466,41.1,39.25632095336914,-1.8436790466308608
1281,F,156.1,47.9,7.230299752999599,9.614188747000298,80.3,82.6158447265625,2.315844726562503,69.9,68.95503234863281,-0.9449676513671932,86.5,87.82942199707031,1.3294219970703125,50.5,51.70793914794922,1.2079391479492188,34.0,32.62767028808594,-1.3723297119140625,25.4,26.91888427734375,1.5188842773437514,32.6,34.2841796875,1.6841796874999986
2123,F,156.0,60.5,7.230299752999599,9.614188747000298,92.9,92.12254333496094,-0.7774566650390682,75.1,83.09407043457031,7.994070434570318,98.4,95.55828857421875,-2.8417114257812557,60.9,57.45489501953125,-3.4451049804687486,36.2,35.956756591796875,-0.24324340820312784,30.2,30.937856674194336,0.7378566741943366,36.0,35.10979461669922,-0.8902053833007812
3361,F,159.1,49.5,7.230299752999599,9.614188747000298,84.0,82.94882202148438,-1.051177978515625,71.1,69.05572509765625,-2.0442749023437443,84.3,88.98811340332031,4.688113403320315,50.0,52.356361389160156,2.3563613891601562,32.0,33.03785705566406,1.0378570556640625,26.2,26.99065589904785,0.7906558990478523,35.5,34.66017150878906,-0.8398284912109375
3959,F,158.5,53.1,7.230299752999599,9.614188747000298,84.7,85.97111511230469,1.2711151123046847,70.2,73.42970275878906,3.2297027587890597,90.3,91.25625610351562,0.9562561035156278,54.1,54.1404914855957,0.040491485595701704,37.4,34.01412582397461,-3.385874176025389,26.0,28.354095458984375,2.354095458984375,32.9,34.84621810913086,1.9462181091308608
2648,F,151.5,52.5,7.230299752999599,9.614188747000298,91.0,87.49285888671875,-3.50714111328125,80.8,77.80215454101562,-2.997845458984372,88.7,90.4952621459961,1.795262145996091,59.4,53.92742156982422,-5.47257843017578,33.2,33.81589889526367,0.615898895263669,31.6,28.96510124206543,-2.6348987579345717,35.2,34.17918395996094,-1.0208160400390653
2114,F,157.5,74.6,7.230299752999599,9.614188747000298,99.5,100.2967300415039,0.7967300415039062,101.0,93.98292541503906,-7.0170745849609375,103.6,104.28855895996094,0.6885589599609432,67.0,64.01698303222656,-2.9830169677734375,38.7,39.43955612182617,0.739556121826169,34.7,34.42576599121094,-0.27423400878906534,37.5,36.16450119018555,-1.3354988098144531
468,F,167.3,57.5,7.230299752999599,9.614188747000298,87.7,86.66297912597656,-1.0370208740234403,75.4,73.0680160522461,-2.331983947753912,91.5,94.05316162109375,2.55316162109375,55.8,55.44591522216797,-0.3540847778320284,33.8,34.990272521972656,1.190272521972659,29.9,28.464553833007812,-1.435446166992186,35.4,36.152870178222656,0.7528701782226577
8,F,153.8,51.2,7.230299752999599,9.614188747000298,87.5,85.89784240722656,-1.6021575927734375,77.0,74.49961853027344,-2.5003814697265625,91.3,89.80552673339844,-1.4944732666015597,52.0,53.37883758544922,1.3788375854492188,33.6,33.48473358154297,-0.11526641845703267,30.1,28.34087371826172,-1.7591262817382827,35.5,34.27677536010742,-1.2232246398925781
4956,M,169.6,74.6,7.230299752999599,9.614188747000298,97.0,101.84354400634766,4.843544006347656,90.7,89.39717102050781,-1.3028289794921903,98.3,97.44381713867188,-0.8561828613281222,58.0,58.473731994628906,0.47373199462890625,38.4,38.58845520019531,0.18845520019531392,33.5,33.59626770019531,0.0962677001953125,40.9,39.36627197265625,-1.5337280273437486
889,F,159.7,59.3,7.230299752999599,9.614188747000298,90.9,90.26669311523438,-0.6333068847656307,78.5,79.28459167480469,0.7845916748046875,95.2,95.10807800292969,-0.09192199707031534,59.7,56.91999053955078,-2.7800094604492216,35.5,35.66817092895508,0.16817092895507812,30.6,30.135478973388672,-0.46452102661132955,34.0,35.40283203125,1.40283203125
2307,F,162.5,64.4,7.230299752999599,9.614188747000298,94.5,92.72083282470703,-1.7791671752929688,80.7,82.14227294921875,1.4422729492187472,98.5,98.47129821777344,-0.0287017822265625,59.6,59.3468132019043,-0.25318679809570455,37.5,36.96783447265625,-0.53216552734375,31.6,31.161840438842773,-0.438159561157228,36.6,36.05059814453125,-0.5494018554687514
3520,M,165.4,59.2,7.230299752999599,9.614188747000298,93.4,92.76211547851562,-0.6378845214843807,76.9,78.47124481201172,1.571244812011713,89.3,89.29728698730469,-0.002713012695309658,52.7,52.29887008666992,-0.40112991333008097,34.2,34.9716796875,0.7716796874999972,29.0,29.971187591552734,0.9711875915527344,39.2,38.056846618652344,-1.143153381347659
157,F,157.5,57.7,7.230299752999599,9.614188747000298,87.7,89.85222625732422,2.152226257324216,73.0,79.47395324707031,6.4739532470703125,95.8,93.9752426147461,-1.8247573852539034,59.5,56.21673583984375,-3.28326416015625,35.4,35.268524169921875,-0.13147583007812358,32.5,29.965084075927734,-2.5349159240722656,37.0,35.059120178222656,-1.9408798217773438
4456,F,154.2,71.7,7.230299752999599,9.614188747000298,99.9,99.36753845214844,-0.5324615478515682,91.8,94.3183364868164,2.518336486816409,101.7,102.40644836425781,0.7064483642578097,57.0,62.57968521118164,5.579685211181641,39.0,38.75212097167969,-0.2478790283203125,32.5,34.03107452392578,1.5310745239257812,35.4,35.678253173828125,0.2782531738281264
2316,F,158.0,51.7,7.230299752999599,9.614188747000298,89.6,85.020751953125,-4.579248046874994,76.2,72.103515625,-4.096484375000003,88.2,90.30682373046875,2.106823730468747,49.0,53.49858856201172,4.498588562011719,34.0,33.64435577392578,-0.35564422607421875,28.4,27.962749481201172,-0.4372505187988267,34.4,34.691070556640625,0.2910705566406264
1697,M,171.4,75.4,7.230299752999599,9.614188747000298,106.3,102.0659408569336,-4.234059143066403,85.9,88.86148071289062,2.9614807128906193,96.5,97.7290267944336,1.2290267944335938,59.6,58.67658996582031,-0.9234100341796889,39.8,38.649879455566406,-1.150120544433591,35.6,33.6361083984375,-1.9638916015625014,42.0,39.652748107910156,-2.3472518920898438
4660,F,158.6,59.5,7.230299752999599,9.614188747000298,93.8,90.75304412841797,-3.0469558715820284,81.1,80.31413269042969,-0.7858673095703068,90.6,95.08489990234375,4.484899902343756,48.7,56.95851516723633,8.258515167236325,31.1,35.71833801269531,4.618338012695311,29.8,30.35381317138672,0.553813171386718,37.5,35.29753875732422,-2.2024612426757812
2223,F,162.0,64.7,7.230299752999599,9.614188747000298,89.8,93.09892272949219,3.2989227294921903,83.3,82.77217864990234,-0.5278213500976534,95.2,98.607177734375,3.407177734374997,60.6,59.498783111572266,-1.1012168884277358,38.2,37.06101989746094,-1.1389801025390653,32.2,31.314281463623047,-0.885718536376956,35.3,36.02309799194336,0.7230979919433622
681,M,169.1,70.8,7.230299752999599,9.614188747000298,99.6,99.70782470703125,0.10782470703125568,85.5,86.51841735839844,1.0184173583984375,96.6,95.33009338378906,-1.2699066162109318,59.1,56.91692352294922,-2.1830764770507827,37.6,37.7958984375,0.19589843749999858,33.7,32.797340393066406,-0.9026596069335966,40.2,39.13951873779297,-1.060481262207034
2291,F,155.0,50.0,7.230299752999599,9.614188747000298,84.2,84.5869140625,0.38691406249999716,73.5,72.05209350585938,-1.447906494140625,89.2,89.1047592163086,-0.09524078369140909,53.3,52.81837463378906,-0.48162536621093466,36.2,33.179222106933594,-3.020777893066409,29.5,27.80321502685547,-1.6967849731445312,34.1,34.30419921875,0.20419921874999858
3848,F,154.6,63.3,7.230299752999599,9.614188747000298,95.9,94.22734832763672,-1.672651672363287,84.7,86.68742370605469,1.9874237060546847,92.5,97.1854476928711,4.685447692871094,57.6,58.623023986816406,1.0230239868164048,35.2,36.64328384399414,1.4432838439941378,32.7,31.792163848876953,-0.9078361511230497,34.4,35.1733283996582,0.7733283996582045
3312,M,178.6,75.8,7.230299752999599,9.614188747000298,95.4,101.4754638671875,6.075463867187494,84.2,84.73158264160156,0.5315826416015597,95.9,97.53230285644531,1.6323028564453068,55.4,58.16120147705078,2.7612014770507827,38.2,38.18842315673828,-0.011576843261721592,32.4,33.26089096069336,0.8608909606933608,40.4,40.74333953857422,0.34333953857422017
4620,M,160.4,95.9,7.230299752999599,9.614188747000298,111.3,113.95295715332031,2.6529571533203153,115.0,112.86253356933594,-2.1374664306640625,108.8,108.47343444824219,-0.32656555175780966,64.0,67.99041748046875,3.99041748046875,42.7,43.53430938720703,0.8343093872070284,38.2,38.67045593261719,0.47045593261718466,40.6,38.854400634765625,-1.7455993652343764
4269,F,151.4,56.3,7.230299752999599,9.614188747000298,90.6,90.42329406738281,-0.17670593261718182,85.0,82.21244049072266,-2.7875595092773438,94.3,92.93720245361328,-1.362797546386716,55.2,55.67951202392578,0.4795120239257784,32.9,34.818275451660156,1.9182754516601577,30.6,30.19942855834961,-0.40057144165039205,33.3,34.41893005371094,1.1189300537109403
3364,F,151.0,59.1,7.230299752999599,9.614188747000298,92.6,92.46695709228516,-0.13304290771483807,80.7,85.45579528808594,4.755795288085935,97.7,94.511962890625,-3.188037109375003,59.4,56.88029479980469,-2.519705200195311,34.5,35.49967575073242,0.9996757507324219,30.5,31.05971908569336,0.5597190856933594,35.3,34.580902099609375,-0.7190979003906222
2231,M,164.0,65.6,7.230299752999599,9.614188747000298,94.4,97.0844955444336,2.684495544433588,86.3,85.4931640625,-0.8068359374999972,92.7,92.7391357421875,0.03913574218749716,59.4,55.180511474609375,-4.219488525390624,39.5,36.743228912353516,-2.7567710876464844,32.2,31.914772033691406,-0.2852279663085966,39.2,38.238121032714844,-0.9618789672851591
2980,F,158.5,53.8,7.230299752999599,9.614188747000298,87.9,86.51786804199219,-1.3821319580078182,76.4,74.271728515625,-2.1282714843750057,88.5,91.70941162109375,3.20941162109375,51.0,54.45149230957031,3.4514923095703125,34.5,34.21811294555664,-0.2818870544433594,30.3,28.578445434570312,-1.7215545654296882,32.7,34.894989013671875,2.194989013671872
1375,M,178.3,65.9,7.230299752999599,9.614188747000298,90.5,95.84591674804688,5.345916748046875,73.5,76.90960693359375,3.40960693359375,93.6,92.46723937988281,-1.1327606201171818,53.9,54.16925811767578,0.26925811767578267,34.5,35.928123474121094,1.4281234741210938,29.3,30.80527687072754,1.5052768707275384,40.6,40.224884033203125,-0.3751159667968764
1971,M,154.0,58.6,7.230299752999599,9.614188747000298,91.5,94.86788940429688,3.367889404296875,85.8,86.16973114013672,0.3697311401367216,87.3,88.78439331054688,1.4843933105468778,54.2,53.61369323730469,-0.5863067626953153,36.6,34.91212463378906,-1.687875366210939,29.4,31.050098419189453,1.6500984191894545,38.7,36.755455017089844,-1.944544982910159
29,F,161.7,71.0,7.230299752999599,9.614188747000298,95.3,97.05143737792969,1.7514373779296903,84.8,88.00534057617188,3.205340576171878,103.9,102.05056762695312,-1.8494323730468807,66.5,62.386722564697266,-4.113277435302734,38.7,38.56103515625,-0.13896484375000284,34.8,33.106292724609375,-1.6937072753906222,37.1,36.38926696777344,-0.7107330322265639
3889,M,165.7,69.2,7.230299752999599,9.614188747000298,95.8,99.1089096069336,3.3089096069335966,84.7,87.59616088867188,2.896160888671872,98.8,94.52958679199219,-4.27041320800781,59.2,56.43096923828125,-2.769030761718753,38.3,37.604732513427734,-0.6952674865722628,32.8,32.65785598754883,-0.14214401245116903,37.8,38.63774108886719,0.8377410888671903
3013,F,158.3,48.9,7.230299752999599,9.614188747000298,84.0,82.73028564453125,-1.26971435546875,66.9,68.88763427734375,1.9876342773437443,86.2,88.54531860351562,2.345318603515622,49.7,52.0775146484375,2.377514648437497,32.2,32.859039306640625,0.6590393066406222,26.3,26.925317764282227,0.6253177642822259,32.3,34.55834197998047,2.2583419799804716
1344,M,175.9,60.8,7.230299752999599,9.614188747000298,90.4,92.72422790527344,2.324227905273432,74.2,73.89620208740234,-0.3037979125976591,90.3,89.86536407470703,-0.4346359252929659,52.0,52.006072998046875,0.006072998046875,36.4,34.784969329833984,-1.6150306701660142,27.9,29.313247680664062,1.413247680664064,39.0,39.54579544067383,0.5457954406738281
3822,M,177.2,78.5,7.230299752999599,9.614188747000298,100.3,103.0356216430664,2.735621643066409,86.0,87.86869049072266,1.8686904907226562,101.2,98.94142150878906,-2.2585784912109403,60.2,59.40229415893555,-0.797705841064456,40.0,38.91840744018555,-1.0815925598144531,30.7,33.949432373046875,3.2494323730468757,41.4,40.63593292236328,-0.7640670776367173
3895,M,166.4,71.7,7.230299752999599,9.614188747000298,99.8,100.4996566772461,0.6996566772460966,81.8,89.18521881103516,7.385218811035159,97.6,95.94307708740234,-1.6569229125976506,59.2,57.40888977050781,-1.7911102294921903,40.7,38.15415573120117,-2.545844268798831,31.8,33.16063690185547,1.360636901855468,36.5,38.81333541870117,2.313335418701172
2298,F,155.0,65.1,7.230299752999599,9.614188747000298,100.2,95.30455017089844,-4.895449829101565,92.4,88.12909698486328,-4.270903015136724,94.2,98.3163833618164,4.116383361816403,60.6,59.472618103027344,-1.1273818969726577,37.3,37.167808532714844,-0.1321914672851534,33.4,32.21403121948242,-1.1859687805175767,36.0,35.33616638183594,-0.6638336181640625
1421,F,157.8,59.6,7.230299752999599,9.614188747000298,92.5,91.05918884277344,-1.4408111572265625,80.9,80.96090698242188,0.060906982421869316,98.0,95.09158325195312,-2.908416748046875,59.1,57.02511978149414,-2.074880218505861,36.3,35.752891540527344,-0.5471084594726534,28.7,30.487178802490234,1.787178802490235,32.6,35.22491455078125,2.6249145507812486
1168,M,174.8,71.5,7.230299752999599,9.614188747000298,98.8,99.57586669921875,0.7758666992187528,82.7,83.3824691772461,0.6824691772460909,97.8,95.47293090820312,-2.327069091796872,59.9,56.763755798339844,-3.136244201660155,37.5,37.524757385253906,0.02475738525390625,33.6,32.59602355957031,-1.003976440429689,40.4,40.00176239013672,-0.39823760986327983
4066,F,159.7,39.6,7.230299752999599,9.614188747000298,74.7,75.02161407470703,0.3216140747070284,63.0,60.01123046875,-2.98876953125,81.5,81.95535278320312,0.455352783203125,49.0,46.39894485473633,-2.601055145263672,29.8,30.17917251586914,0.3791725158691399,22.6,22.915525436401367,0.31552543640136577,33.5,34.106178283691406,0.6061782836914062
3377,F,156.7,57.0,7.230299752999599,9.614188747000298,90.1,89.57241821289062,-0.5275817871093693,81.8,79.17835998535156,-2.6216400146484347,94.8,93.57524108886719,-1.2247589111328097,56.8,55.92500686645508,-0.874993133544919,32.9,35.087677001953125,2.1876770019531264,28.6,29.847776412963867,1.2477764129638658,36.1,34.938560485839844,-1.1614395141601577
4763,F,157.3,51.9,7.230299752999599,9.614188747000298,85.6,85.41616821289062,-0.18383178710936932,72.5,72.87094116210938,0.370941162109375,88.2,90.40577697753906,2.2057769775390597,48.6,53.6191291809082,5.019129180908202,33.9,33.68670654296875,-0.21329345703124858,29.5,28.14753532409668,-1.3524646759033203,34.9,34.64271926879883,-0.25728073120117045
228,F,157.7,48.6,7.230299752999599,9.614188747000298,78.6,82.6656494140625,4.065649414062506,65.2,68.8441162109375,3.644116210937497,88.5,88.34925842285156,-0.1507415771484375,51.5,51.99396896362305,0.4939689636230469,34.9,32.78416442871094,-2.115835571289061,26.2,26.900882720947266,0.7008827209472663,33.9,34.46430969238281,0.5643096923828139
248,F,167.2,57.7,7.230299752999599,9.614188747000298,87.5,86.80625915527344,-0.6937408447265625,77.8,73.29045104980469,-4.50954895019531,97.9,94.24071502685547,-3.659284973144537,56.9,55.576438903808594,-1.3235610961914048,35.2,35.033226013183594,-0.1667739868164091,27.3,28.532085418701172,1.2320854187011712,36.1,36.163841247558594,0.06384124755859233
5021,F,160.3,65.0,7.230299752999599,9.614188747000298,95.0,93.84075164794922,-1.1592483520507812,86.1,84.19013977050781,-1.9098602294921818,93.2,98.68362426757812,5.483624267578122,56.2,59.6325569152832,3.4325569152832003,35.6,37.15849685668945,1.5584968566894517,31.0,31.614168167114258,0.6141681671142578,31.6,35.85870361328125,4.258703613281249
151,F,163.1,63.6,7.230299752999599,9.614188747000298,91.0,92.01525115966797,1.0152511596679688,78.0,80.974609375,2.974609375,98.0,97.96499633789062,-0.035003662109375,59.9,58.899192810058594,-1.0008071899414048,38.2,36.73048782348633,-1.4695121765136747,31.0,30.896522521972656,-0.10347747802734375,37.3,36.064414978027344,-1.2355850219726534
3501,M,174.5,72.3,7.230299752999599,9.614188747000298,98.2,100.03356170654297,1.833561706542966,81.5,84.29472351074219,2.7947235107421875,98.6,95.9150390625,-2.6849609374999943,59.6,57.1552848815918,-2.4447151184082045,38.4,37.739776611328125,-0.6602233886718736,31.2,32.79846954345703,1.598469543457032,39.9,39.98694610595703,0.08694610595703267
5088,M,174.3,66.3,7.230299752999599,9.614188747000298,96.9,96.5164566040039,-0.38354339599609943,81.2,79.46382141113281,-1.7361785888671903,92.8,92.90985107421875,0.10985107421875284,53.3,54.72431945800781,1.4243194580078153,33.0,36.2940559387207,3.294055938720703,29.6,31.293258666992188,1.693258666992186,39.9,39.652549743652344,-0.24745025634765483
655,M,174.6,78.1,7.230299752999599,9.614188747000298,102.7,103.14088439941406,0.44088439941405966,82.4,89.16674041748047,6.766740417480463,98.5,98.9002914428711,0.40029144287109375,60.2,59.523780822753906,-0.6762191772460966,39.1,39.031028747558594,-0.06897125244140767,34.9,34.033714294433594,-0.8662857055664048,38.4,40.23779296875,1.8377929687500014
856,M,175.4,73.1,7.230299752999599,9.614188747000298,102.2,100.39519500732422,-1.804804992675784,80.4,84.43778991699219,4.037789916992182,96.3,96.28143310546875,-0.018566894531247158,58.3,57.36502456665039,-0.9349754333496065,37.0,37.841182708740234,0.8411827087402344,33.5,32.920166015625,-0.579833984375,39.6,40.15875244140625,0.5587524414062486
227,F,160.6,59.0,7.230299752999599,9.614188747000298,86.3,89.75962829589844,3.4596282958984403,69.3,78.3541259765625,9.054125976562503,99.4,94.9890365600586,-4.410963439941412,59.5,56.763851165771484,-2.7361488342285156,37.0,35.588951110839844,-1.4110488891601562,29.4,29.900814056396484,0.5008140563964858,33.2,35.47314453125,2.273144531249997
1539,M,172.8,70.5,7.230299752999599,9.614188747000298,96.0,99.22872924804688,3.228729248046875,80.0,83.79107666015625,3.79107666015625,95.1,95.02937316894531,-0.07062683105468182,57.8,56.536407470703125,-1.2635925292968722,39.7,37.45420837402344,-2.2457916259765653,31.6,32.507713317871094,0.9077133178710923,40.4,39.66147994995117,-0.7385200500488267
3571,F,153.6,58.7,7.230299752999599,9.614188747000298,91.4,91.63043212890625,0.23043212890624432,88.6,83.20880126953125,-5.391198730468744,88.8,94.40065002441406,5.600650024414065,53.0,56.698081970214844,3.6980819702148438,32.4,35.47054672241211,3.070546722412111,31.0,30.703895568847656,-0.29610443115234375,35.6,34.78215026855469,-0.8178497314453139
3425,M,172.6,74.1,7.230299752999599,9.614188747000298,105.7,101.23003387451172,-4.469966125488284,77.5,87.05329132080078,9.553291320800781,96.3,96.97657775878906,0.6765777587890653,58.9,58.07771301269531,-0.8222869873046861,40.8,38.27136993408203,-2.528630065917966,34.0,33.297027587890625,-0.702972412109375,40.1,39.775299072265625,-0.3247009277343764
179,M,176.1,94.9,7.230299752999599,9.614188747000298,114.0,111.14348602294922,-2.8565139770507812,103.3,101.59437561035156,-1.7056243896484347,104.7,106.71792602539062,2.017926025390622,65.9,65.72883605957031,-0.17116394042969318,41.6,42.556610107421875,0.9566101074218736,38.4,37.476985931396484,-0.9230140686035142,42.3,40.97979736328125,-1.3202026367187472
3555,F,168.3,60.7,7.230299752999599,9.614188747000298,88.4,88.63941192626953,0.23941192626952557,81.2,75.50626373291016,-5.693736267089847,96.5,96.11553955078125,-0.38446044921875,58.3,56.85308837890625,-1.4469116210937472,36.1,35.732696533203125,-0.3673034667968764,28.4,29.308837890625,0.9088378906250014,37.4,36.48618698120117,-0.9138130187988267
2264,F,158.1,54.7,7.230299752999599,9.614188747000298,88.4,87.36820983886719,-1.0317901611328182,82.4,75.6103515625,-6.789648437500006,91.6,92.1905517578125,0.5905517578125057,51.7,54.814979553222656,3.1149795532226534,31.8,34.47852325439453,2.6785232543945305,28.8,28.9310359954834,0.13103599548339773,32.8,34.905181884765625,2.105181884765628
1128,F,166.5,48.5,7.230299752999599,9.614188747000298,84.0,80.44854736328125,-3.55145263671875,63.0,65.589111328125,2.589111328125,85.8,88.36294555664062,2.562945556640628,50.2,50.80809020996094,0.6080902099609347,31.7,32.558189392089844,0.8581893920898445,26.6,25.391613006591797,-1.2083869934082045,36.2,35.45561981201172,-0.7443801879882841
5016,F,150.4,63.7,7.230299752999599,9.614188747000298,99.8,95.449951171875,-4.350048828124997,88.4,90.41365051269531,2.013650512695307,98.7,97.33804321289062,-1.3619567871093778,57.0,58.86464309692383,1.8646430969238281,34.8,36.670921325683594,1.8709213256835966,31.5,32.24832534790039,0.7483253479003906,35.1,34.83860778808594,-0.2613922119140639
561,F,164.8,53.7,7.230299752999599,9.614188747000298,86.1,84.61326599121094,-1.4867340087890568,74.5,70.60530090332031,-3.8946990966796875,96.7,91.78694152832031,-4.91305847167969,58.4,53.907447814941406,-4.492552185058592,33.3,34.038246154785156,0.7382461547851591,27.4,27.56277084350586,0.1627708435058608,36.3,35.59062194824219,-0.7093780517578097
1670,M,165.0,75.6,7.230299752999599,9.614188747000298,98.2,102.9397964477539,4.739796447753903,97.5,93.4858169555664,-4.014183044433594,99.1,98.1766357421875,-0.9233642578124943,57.5,59.15785217285156,1.6578521728515625,40.1,39.044525146484375,-1.0554748535156264,33.9,34.110145568847656,0.21014556884765767,38.9,38.808319091796875,-0.09168090820312358
472,F,160.7,85.4,7.230299752999599,9.614188747000298,109.0,105.05703735351562,-3.942962646484375,93.3,99.6966552734375,6.396655273437503,107.6,110.09306335449219,2.493063354492193,70.9,68.19541931152344,-2.704580688476568,44.6,41.908470153808594,-2.6915298461914077,38.5,36.65324401855469,-1.8467559814453125,40.4,36.923274993896484,-3.476725006103514
168,M,174.2,68.6,7.230299752999599,9.614188747000298,100.3,97.97605895996094,-2.3239410400390597,79.6,81.29631042480469,1.6963104248046932,97.8,94.00838470458984,-3.7916152954101534,57.0,55.67189025878906,-1.3281097412109375,36.7,36.9109992980957,0.21099929809570028,30.6,31.95663833618164,1.3566383361816392,40.4,39.764930725097656,-0.6350692749023423
4774,F,159.3,75.8,7.230299752999599,9.614188747000298,99.0,100.50370788574219,1.5037078857421875,98.2,93.51712036132812,-4.682879638671878,106.4,104.98087310791016,-1.4191268920898494,65.7,64.56353759765625,-1.1364624023437528,39.9,39.70506286621094,-0.19493713378906108,34.8,34.52668380737305,-0.2733161926269503,38.3,36.391929626464844,-1.9080703735351534
3599,M,161.3,74.5,7.230299752999599,9.614188747000298,103.9,102.82583618164062,-1.0741638183593807,86.0,95.35342407226562,9.353424072265625,96.6,97.82563781738281,1.2256378173828182,62.2,59.108558654785156,-3.0914413452148466,41.2,38.9383659362793,-2.261634063720706,34.7,34.11284637451172,-0.5871536254882841,37.3,38.29862594604492,0.9986259460449247
776,F,152.3,45.7,7.230299752999599,9.614188747000298,81.0,81.8322525024414,0.8322525024414062,63.1,68.36482238769531,5.264822387695311,88.2,86.25714874267578,-1.9428512573242216,51.5,50.63748550415039,-0.8625144958496094,33.1,32.03196334838867,-1.0680366516113295,25.8,26.55707550048828,0.7570755004882805,34.0,33.8311882019043,-0.16881179809570312
2630,F,152.2,57.8,7.230299752999599,9.614188747000298,93.6,91.33465576171875,-2.2653442382812443,85.8,83.25787353515625,-2.542126464843747,92.7,93.80686950683594,1.1068695068359347,62.5,56.299766540527344,-6.200233459472656,34.5,35.22195816040039,0.7219581604003906,32.5,30.56822395324707,-1.9317760467529297,34.8,34.598289489746094,-0.2017105102539034
553,M,176.0,65.5,7.230299752999599,9.614188747000298,94.2,95.81258392333984,1.612583923339841,79.6,77.79869079589844,-1.8013092041015568,93.2,92.28254699707031,-0.9174530029296903,53.7,54.16107177734375,0.46107177734374716,35.9,35.97382354736328,0.07382354736328267,30.7,30.90654754638672,0.20654754638671946,39.9,39.874351501464844,-0.02564849853515483
3176,M,170.2,100.5,7.230299752999599,9.614188747000298,112.4,114.46178436279297,2.061784362792963,106.8,109.07830810546875,2.278308105468753,114.0,109.62411499023438,-4.375885009765625,73.1,68.35527038574219,-4.744729614257807,43.0,43.99462890625,0.99462890625,39.7,38.997581481933594,-0.7024185180664091,38.9,40.270809173583984,1.3708091735839858
4531,M,166.0,64.1,7.230299752999599,9.614188747000298,99.3,95.84963989257812,-3.450360107421872,82.4,82.64275360107422,0.24275360107421307,95.5,91.89614868164062,-3.603851318359375,55.5,54.37237548828125,-1.12762451171875,37.1,36.26823425292969,-0.8317657470703139,30.0,31.402172088623047,1.4021720886230469,38.9,38.41176223754883,-0.48823776245117045
1699,M,167.3,70.7,7.230299752999599,9.614188747000298,96.8,99.84017944335938,3.040179443359378,93.8,87.69309997558594,-6.10690002441406,96.9,95.32156372070312,-1.5784362792968807,58.2,56.943939208984375,-1.2560607910156278,36.6,37.8723030090332,1.2723030090332017,34.2,32.875160217285156,-1.3248397827148466,38.8,38.89567947387695,0.09567947387695597
1129,F,161.5,58.1,7.230299752999599,9.614188747000298,87.8,88.82640075683594,1.0264007568359403,71.6,76.86073303222656,5.260733032226568,101.9,94.42044830322266,-7.479551696777349,59.9,56.30374526977539,-3.596254730224608,36.7,35.35260772705078,-1.3473922729492216,28.0,29.525997161865234,1.5259971618652344,35.5,35.51707077026367,0.017070770263671875
486,M,171.5,76.8,7.230299752999599,9.614188747000298,101.7,102.83137512207031,1.1313751220703097,88.4,90.00662231445312,1.6066223144531193,102.9,98.46174621582031,-4.438253784179693,66.9,59.26141357421875,-7.638586425781256,40.5,38.949588775634766,-1.5504112243652344,30.7,33.948211669921875,3.2482116699218757,39.8,39.715980529785156,-0.08401947021484091
2742,F,154.3,51.6,7.230299752999599,9.614188747000298,87.7,86.04440307617188,-1.6555969238281278,71.7,74.62692260742188,2.926922607421872,94.2,90.0514144897461,-4.148585510253909,56.8,53.517372131347656,-3.282627868652341,33.0,33.63019561767578,0.6301956176757812,29.6,28.374393463134766,-1.2256065368652358,35.0,34.33831787109375,-0.66168212890625
296,F,159.4,48.5,7.230299752999599,9.614188747000298,84.9,82.09284973144531,-2.807150268554693,64.7,67.94761657714844,3.2476165771484347,85.7,88.32804870605469,2.6280487060546847,48.0,51.731781005859375,3.731781005859375,34.0,32.7633171081543,-1.2366828918457031,26.0,26.5543270111084,0.5543270111083984,36.0,34.63134002685547,-1.3686599731445312
3055,F,157.2,52.9,7.230299752999599,9.614188747000298,84.4,86.22698974609375,1.8269897460937443,69.6,74.07561492919922,4.475614929199224,94.5,91.06571960449219,-3.4342803955078125,55.4,54.065101623535156,-1.3348983764648423,35.7,33.98944091796875,-1.7105590820312528,28.2,28.46649932861328,0.26649932861328196,34.0,34.678123474121094,0.6781234741210938
4862,F,162.8,65.2,7.230299752999599,9.614188747000298,95.1,93.20231628417969,-1.8976837158203068,87.7,82.63946533203125,-5.060534667968753,96.4,98.94654846191406,2.546548461914057,55.6,59.716888427734375,4.116888427734374,35.7,37.17957305908203,1.4795730590820284,31.0,31.372713088989258,0.3727130889892578,36.1,36.13966369628906,0.03966369628906108
4049,F,158.6,53.2,7.230299752999599,9.614188747000298,85.0,85.99427032470703,0.9942703247070312,75.2,73.41413879394531,-1.7858612060546903,87.5,91.33091735839844,3.8309173583984375,53.4,54.17137145996094,0.7713714599609389,33.8,34.06304168701172,0.2630416870117216,29.1,28.347026824951172,-0.7529731750488295,37.3,34.844810485839844,-2.4551895141601534
4369,F,153.7,56.0,7.230299752999599,9.614188747000298,84.2,89.69599914550781,5.49599914550781,75.5,80.42659759521484,4.926597595214844,95.8,92.8089370727539,-2.991062927246091,56.3,55.51046371459961,-0.7895362854003878,35.9,34.79056930541992,-1.1094306945800767,28.4,29.89794921875,1.4979492187500014,34.2,34.59650421142578,0.3965042114257784
4112,M,176.8,63.8,7.230299752999599,9.614188747000298,98.0,94.57369995117188,-3.426300048828125,71.6,75.90959930419922,4.309599304199224,91.4,91.38997650146484,-0.010023498535161934,58.4,53.345394134521484,-5.054605865478514,35.0,35.48006820678711,0.4800682067871094,32.2,30.28731346130371,-1.912686538696292,38.4,39.87669372558594,1.476693725585939
4585,F,153.5,47.6,7.230299752999599,9.614188747000298,79.6,83.12442779541016,3.524427795410162,72.5,70.05859375,-2.44140625,85.0,87.56275939941406,2.5627593994140625,47.5,51.65252685546875,4.15252685546875,32.7,32.547000885009766,-0.15299911499023722,25.8,27.160118103027344,1.360118103027343,33.3,34.03823471069336,0.7382347106933622
199,M,176.1,82.2,7.230299752999599,9.614188747000298,105.2,105.03353881835938,-0.16646118164062784,86.5,91.69526672363281,5.1952667236328125,99.5,100.76422119140625,1.26422119140625,64.2,60.95269012451172,-3.247309875488284,41.2,39.8535041809082,-1.3464958190917997,36.3,34.80580139160156,-1.4941986083984347,38.3,40.602455139160156,2.302455139160159
4703,F,159.7,47.7,7.230299752999599,9.614188747000298,78.0,81.35802459716797,3.3580245971679688,71.8,66.99876403808594,-4.80123596191406,89.0,87.82786560058594,-1.1721343994140625,50.4,51.221649169921875,0.8216491699218764,31.4,32.58719253540039,1.187192535400392,25.2,26.17646026611328,0.976460266113282,34.1,34.613136291503906,0.5131362915039048
279,F,153.7,53.7,7.230299752999599,9.614188747000298,90.3,87.91600036621094,-2.3839996337890597,75.7,77.76836395263672,2.068363952636716,94.0,91.37445831298828,-2.6255416870117188,56.7,54.46977996826172,-2.230220031738284,36.0,34.15437698364258,-1.8456230163574219,29.2,29.155075073242188,-0.04492492675781179,33.9,34.43911361694336,0.5391136169433608
1032,M,171.0,70.0,7.230299752999599,9.614188747000298,96.6,99.08377838134766,2.483778381347662,81.7,84.51519775390625,2.815197753906247,98.6,94.8095703125,-3.7904296874999943,58.6,56.469078063964844,-2.1309219360351577,36.6,37.475486755371094,0.8754867553710923,32.3,32.48888397216797,0.1888839721679716,39.8,39.363037109375,-0.43696289062499716
893,F,170.3,61.1,7.230299752999599,9.614188747000298,90.2,88.50581359863281,-1.6941864013671903,78.0,74.93849182128906,-3.0615081787109375,94.9,96.27638244628906,1.3763824462890568,55.6,56.72022247314453,1.1202224731445298,35.3,35.684410095214844,0.3844100952148466,29.3,29.148344039916992,-0.15165596008300852,37.8,36.74284362792969,-1.0571563720703097
5012,M,161.8,61.5,7.230299752999599,9.614188747000298,93.8,94.80467224121094,1.0046722412109403,83.3,82.96177673339844,-0.33822326660155966,89.9,90.47574615478516,0.5757461547851506,52.3,53.72663116455078,1.426631164550784,34.7,35.661415100097656,0.9614151000976534,30.6,31.03760528564453,0.43760528564452983,38.2,37.733009338378906,-0.4669906616210966
705,M,185.0,93.5,7.230299752999599,9.614188747000298,108.8,109.14849853515625,0.34849853515625284,93.7,94.99937438964844,1.2993743896484347,105.4,105.51620483398438,0.11620483398436932,64.1,64.30244445800781,0.20244445800781818,43.9,41.59636688232422,-2.30363311767578,34.0,36.55043411254883,2.550434112548828,41.9,42.07086181640625,0.17086181640625142
1433,F,151.2,44.2,7.230299752999599,9.614188747000298,82.5,80.75759887695312,-1.742401123046875,63.9,66.99893951416016,3.0989395141601577,82.9,85.1919174194336,2.291917419433588,49.7,49.78870391845703,0.08870391845702841,34.5,31.625164031982422,-2.874835968017578,24.8,25.912490844726562,1.1124908447265618,34.1,33.66664123535156,-0.4333587646484389
2588,F,144.5,45.0,7.230299752999599,9.614188747000298,84.5,83.07585144042969,-1.4241485595703125,72.5,71.63350677490234,-0.8664932250976562,83.6,85.65193176269531,2.051931762695318,54.3,50.703739166259766,-3.5962608337402315,32.3,31.775455474853516,-0.5245445251464815,28.3,26.900482177734375,-1.3995178222656257,33.2,33.2764778137207,0.07647781372070028
3815,M,168.0,73.1,7.230299752999599,9.614188747000298,97.2,101.15037536621094,3.9503753662109347,93.7,89.26834106445312,-4.431658935546878,93.7,96.68081665039062,2.980816650390622,55.7,57.92433166503906,2.2243316650390597,36.0,38.3553581237793,2.355358123779297,30.7,33.36479949951172,2.6647994995117195,37.1,39.08637237548828,1.9863723754882798
5023,F,158.6,61.6,7.230299752999599,9.614188747000298,90.0,92.0650634765625,2.0650634765625,87.0,82.26426696777344,-4.7357330322265625,98.2,96.4010009765625,-1.7989990234375028,56.8,57.96442413330078,1.164424133300784,35.3,36.24845886230469,0.9484588623046903,30.7,30.915122985839844,0.21512298583984446,34.4,35.44419479370117,1.0441947937011733
3405,M,173.9,79.5,7.230299752999599,9.614188747000298,105.2,103.95006561279297,-1.249934387207034,90.2,90.7805404663086,0.5805404663085909,96.3,99.63134765625,3.331347656250003,57.2,60.132972717285156,2.9329727172851534,39.8,39.39026641845703,-0.4097335815429659,34.5,34.370338439941406,-0.12966156005859375,41.2,40.17582321166992,-1.024176788330081
3096,M,178.0,97.8,7.230299752999599,9.614188747000298,118.5,112.07539367675781,-6.4246063232421875,95.7,102.56307983398438,6.863079833984372,107.8,107.93281555175781,0.13281555175781534,68.0,66.54837036132812,-1.451629638671875,44.3,42.86692810058594,-1.4330718994140597,37.3,37.86204528808594,0.5620452880859403,43.3,41.324405670166016,-1.9755943298339815
2991,F,162.9,58.1,7.230299752999599,9.614188747000298,91.0,88.3167724609375,-2.6832275390625,79.8,75.83802032470703,-3.961979675292966,95.1,94.5087890625,-0.5912109374999943,55.4,56.23748779296875,0.8374877929687514,33.7,35.29756164550781,1.5975616455078097,30.7,29.291650772094727,-1.4083492279052727,34.7,35.6641845703125,0.9641845703124972
3215,F,164.2,64.3,7.230299752999599,9.614188747000298,94.8,92.1501693725586,-2.6498306274414034,81.4,80.90983581542969,-0.4901641845703182,96.9,98.45612335205078,1.5561233520507756,58.0,59.19999313354492,1.1999931335449219,34.7,36.897056579589844,2.197056579589841,31.9,30.929977416992188,-0.9700225830078111,37.2,36.23876953125,-0.9612304687500028
4751,M,178.5,76.8,7.230299752999599,9.614188747000298,101.7,101.97052001953125,0.27052001953124716,92.4,85.60430145263672,-6.795698547363287,94.4,98.02351379394531,3.623513793945307,53.1,58.58549499511719,5.485494995117186,35.7,38.435604095458984,2.7356040954589815,31.8,33.491363525390625,1.6913635253906243,41.4,40.768795013427734,-0.6312049865722642
1370,M,181.0,97.9,7.230299752999599,9.614188747000298,110.0,111.65667724609375,1.65667724609375,99.7,100.77682495117188,1.0768249511718722,109.4,107.82864379882812,-1.5713562011718807,67.0,66.28770446777344,-0.7122955322265625,42.6,42.717124938964844,0.11712493896484233,39.8,37.68023681640625,-2.119763183593747,41.9,41.73084259033203,-0.16915740966796733
3378,F,153.2,62.4,7.230299752999599,9.614188747000298,93.0,94.0316162109375,1.0316162109375,89.9,86.9892578125,-2.9107421875000057,92.2,96.56754302978516,4.367543029785153,54.2,58.19593048095703,3.9959304809570284,36.3,36.4102668762207,0.11026687622070597,30.3,31.619678497314453,1.3196784973144524,35.0,34.980712890625,-0.019287109375
4813,M,169.6,85.7,7.230299752999599,9.614188747000298,108.2,107.72552490234375,-0.47447509765625284,100.5,98.64156341552734,-1.8584365844726562,99.8,103.08259582519531,3.2825958251953153,56.5,63.16443634033203,6.664436340332031,41.0,41.10210418701172,0.10210418701171875,33.7,36.036460876464844,2.336460876464841,39.7,39.747962951660156,0.04796295166015341
2583,F,155.5,51.5,7.230299752999599,9.614188747000298,83.8,85.65707397460938,1.8570739746093778,74.1,73.65240478515625,-0.4475952148437443,88.8,90.05342864990234,1.2534286499023466,56.7,53.47997283935547,-3.220027160644534,34.2,33.57183074951172,-0.6281692504882841,29.5,28.24396514892578,-1.2560348510742188,34.1,34.453224182128906,0.35322418212890483
2610,M,163.2,59.3,7.230299752999599,9.614188747000298,93.5,93.18791198730469,-0.3120880126953125,81.2,79.96037292480469,-1.2396270751953153,93.2,89.27587890625,-3.924121093750003,56.1,52.53384780883789,-3.566152191162111,35.1,35.06456756591797,-0.03543243408203267,30.2,30.26226043701172,0.06226043701171946,39.1,37.80451965332031,-1.295480346679689
373,M,173.6,71.8,7.230299752999599,9.614188747000298,97.8,99.89231872558594,2.0923187255859403,81.7,84.41612243652344,2.7161224365234347,94.5,95.71846008300781,1.2184600830078125,57.5,57.02278137207031,-0.4772186279296875,37.0,37.659278869628906,0.6592788696289062,32.2,32.740150451660156,0.5401504516601534,39.0,39.833961486816406,0.8339614868164062
4340,M,173.7,80.7,7.230299752999599,9.614188747000298,101.5,104.59979248046875,3.09979248046875,91.4,91.93011474609375,0.5301147460937443,102.8,100.271240234375,-2.528759765624997,62.7,60.64889907836914,-2.051100921630862,40.3,39.67018127441406,-0.6298187255859347,33.5,34.65689468383789,1.1568946838378906,39.4,40.183258056640625,0.7832580566406264
315,F,157.7,64.4,7.230299752999599,9.614188747000298,95.3,94.19027709960938,-1.1097229003906222,82.5,85.46160888671875,2.96160888671875,100.9,98.03872680664062,-2.8612731933593807,60.7,59.23240280151367,-1.467597198486331,36.5,36.99979782104492,0.4997978210449219,31.7,31.75820541381836,0.058205413818360086,35.5,35.55156707763672,0.05156707763671875
3371,F,156.0,67.8,7.230299752999599,9.614188747000298,96.3,96.61451721191406,0.31451721191406534,89.6,89.61643981933594,0.016439819335943184,98.0,99.94197082519531,1.9419708251953125,57.7,60.813926696777344,3.113926696777341,38.2,37.845733642578125,-0.35426635742187784,32.7,32.8760871887207,0.17608718872070028,35.5,35.621376037597656,0.12137603759765625
2672,F,152.8,46.5,7.230299752999599,9.614188747000298,85.6,82.32737731933594,-3.272622680664057,69.2,69.0761489868164,-0.12385101318359659,90.2,86.83085632324219,-3.3691436767578153,56.5,51.04985046386719,-5.4501495361328125,32.5,32.30857849121094,-0.1914215087890625,28.8,26.774141311645508,-2.025858688354493,37.0,33.90978240966797,-3.0902175903320312
80,M,177.5,74.9,7.230299752999599,9.614188747000298,96.5,101.10057830810547,4.600578308105469,89.5,84.6492919921875,-4.8507080078125,99.2,97.09986877441406,-2.1001312255859403,61.5,57.90088653564453,-3.5991134643554688,40.5,38.08738708496094,-2.4126129150390625,32.0,33.14479064941406,1.1447906494140625,40.6,40.550323486328125,-0.04967651367187642
4866,F,158.4,53.7,7.230299752999599,9.614188747000298,88.9,86.50393676757812,-2.3960632324218807,72.5,74.25463104248047,1.7546310424804688,90.4,91.60740661621094,1.2074066162109318,54.0,54.382930755615234,0.3829307556152344,33.4,34.19058609008789,0.790586090087892,27.8,28.581233978271484,0.7812339782714837,34.7,34.885337829589844,0.1853378295898409
4101,M,175.6,83.5,7.230299752999599,9.614188747000298,106.0,105.76620483398438,-0.233795166015625,88.1,93.0768814086914,4.976881408691412,104.9,101.4369125366211,-3.463087463378912,67.0,61.51546859741211,-5.484531402587891,40.4,40.17276382446289,-0.22723617553710795,36.3,35.116355895996094,-1.1836441040039034,38.1,40.565433502197266,2.465433502197264
4919,M,163.5,65.1,7.230299752999599,9.614188747000298,99.2,96.85174560546875,-2.348254394531253,86.2,85.3797607421875,-0.8202392578125028,88.7,92.44816589355469,3.7481658935546847,55.2,55.042930603027344,-0.1570693969726591,35.6,36.64210510253906,1.042105102539061,33.3,31.863494873046875,-1.4365051269531222,37.5,38.18475341796875,0.68475341796875
4842,F,158.4,58.8,7.230299752999599,9.614188747000298,90.2,90.35806274414062,0.15806274414062216,78.8,79.81636047363281,1.0163604736328153,93.6,94.68411254882812,1.0841125488281307,54.0,56.669097900390625,2.669097900390625,35.6,35.5567626953125,-0.04323730468750142,29.8,30.17251205444336,0.37251205444335866,36.3,35.22090148925781,-1.0790985107421847
1468,M,187.6,83.0,7.230299752999599,9.614188747000298,105.7,103.82490539550781,-1.8750946044921903,80.1,85.10060119628906,5.000601196289068,100.5,100.50544738769531,0.0054473876953125,63.3,60.13338088989258,-3.166619110107419,38.9,39.31421661376953,0.41421661376953267,35.6,34.2134895324707,-1.3865104675292983,42.3,42.059078216552734,-0.24092178344726278
4172,M,177.0,83.9,7.230299752999599,9.614188747000298,108.7,105.779052734375,-2.920947265625003,99.7,92.5251235961914,-7.174876403808597,99.6,101.49507141113281,1.8950714111328182,56.7,61.500267028808594,4.800267028808591,37.4,40.159698486328125,2.7596984863281264,33.7,35.09932327270508,1.3993232727050753,39.4,40.77995300292969,1.379953002929689
4944,M,164.6,65.8,7.230299752999599,9.614188747000298,91.0,97.11474609375,6.11474609375,87.2,85.24388122558594,-1.9561187744140653,93.0,92.82284545898438,-0.177154541015625,54.5,55.20690155029297,0.7069015502929688,36.9,36.80064010620117,-0.0993598937988267,29.8,31.937820434570312,2.137820434570312,38.2,38.329872131347656,0.1298721313476534
2282,F,154.0,52.5,7.230299752999599,9.614188747000298,91.8,86.88241577148438,-4.917584228515622,81.4,76.07005310058594,-5.329946899414068,88.5,90.63191223144531,2.1319122314453125,52.1,53.950374603271484,1.850374603271483,31.5,33.8304557800293,2.330455780029297,29.8,28.747230529785156,-1.0527694702148445,34.0,34.37590026855469,0.3759002685546875
2450,M,164.5,60.9,7.230299752999599,9.614188747000298,93.5,94.0147476196289,0.5147476196289062,81.5,80.62480926513672,-0.8751907348632812,89.5,90.19436645507812,0.694366455078125,52.7,53.11594009399414,0.4159400939941378,37.1,35.460540771484375,-1.6394592285156264,30.2,30.61374282836914,0.41374282836914134,37.3,38.07445526123047,0.7744552612304716
4214,F,154.2,51.0,7.230299752999599,9.614188747000298,84.4,85.6353759765625,1.2353759765624943,68.9,73.99700927734375,5.097009277343744,85.8,89.67814636230469,3.8781463623046903,51.6,53.25804901123047,1.6580490112304673,33.8,33.4356689453125,-0.36433105468749716,29.1,28.233440399169922,-0.8665596008300795,33.1,34.310272216796875,1.2102722167968736
3159,M,172.1,60.5,7.230299752999599,9.614188747000298,89.2,92.91925811767578,3.7192581176757784,84.7,75.73745727539062,-8.962542724609378,88.6,89.94134521484375,1.3413452148437557,49.6,52.30245590209961,2.702455902099608,33.1,34.95337677001953,1.8533767700195298,29.4,29.657684326171875,0.2576843261718764,37.5,38.999916076660156,1.4999160766601562
4694,F,161.9,55.9,7.230299752999599,9.614188747000298,82.8,86.98855590820312,4.188555908203128,65.4,74.18026733398438,8.78026733398437,92.7,93.12340545654297,0.4234054565429659,57.0,55.22881317138672,-1.7711868286132812,35.9,34.766868591308594,-1.1331314086914048,27.0,28.73432159423828,1.7343215942382812,34.9,35.3994140625,0.4994140625000014
1705,M,171.0,71.8,7.230299752999599,9.614188747000298,97.4,100.09735107421875,2.6973510742187443,89.3,86.0985336303711,-3.2014663696289034,95.5,95.81858825683594,0.3185882568359375,57.4,57.1834831237793,-0.2165168762207017,38.0,37.85956573486328,-0.14043426513671875,32.4,32.88515090942383,0.48515090942382955,41.1,39.43373107910156,-1.666268920898439
1946,F,159.2,59.9,7.230299752999599,9.614188747000298,89.8,90.82328796386719,1.0232879638671903,79.7,80.24824523925781,0.5482452392578097,100.9,95.4494400024414,-5.450559997558599,60.7,57.20191955566406,-3.4980804443359403,35.1,35.81632614135742,0.7163261413574205,28.7,30.37685775756836,1.67685775756836,35.9,35.39580535888672,-0.5041946411132798
2515,F,153.7,52.8,7.230299752999599,9.614188747000298,86.3,87.1717300415039,0.8717300415039091,74.8,76.64488983154297,1.8448898315429716,94.1,90.77906036376953,-3.320939636230463,59.6,54.03649139404297,-5.563508605957033,35.5,33.94289779663086,-1.5571022033691406,29.9,28.838624954223633,-1.0613750457763658,33.6,34.37041473388672,0.7704147338867173
3002,F,151.6,49.9,7.230299752999599,9.614188747000298,90.6,85.44389343261719,-5.156106567382807,75.7,74.30572509765625,-1.3942749023437528,87.9,88.90345764160156,1.0034576416015568,52.1,52.784725189208984,0.684725189208983,32.8,33.1213493347168,0.3213493347167997,29.0,28.141799926757812,-0.8582000732421875,34.1,34.02804183959961,-0.07195816040039205
505,M,170.6,79.4,7.230299752999599,9.614188747000298,106.8,104.33647155761719,-2.4635284423828097,87.0,92.84040832519531,5.8404083251953125,99.5,99.7806396484375,0.2806396484375,59.1,60.40404510498047,1.3040451049804673,38.6,39.60053253173828,1.0005325317382798,37.1,34.582271575927734,-2.517728424072267,41.7,39.69105529785156,-2.0089447021484403
3919,M,173.5,68.6,7.230299752999599,9.614188747000298,98.5,98.0090103149414,-0.49098968505859375,87.4,81.6525650024414,-5.747434997558599,90.7,94.04368591308594,3.3436859130859347,53.4,55.73501968383789,2.335019683837892,36.8,36.94416809082031,0.14416809082031534,31.0,31.989498138427734,0.9894981384277344,39.2,39.65538787841797,0.4553878784179659
4777,F,157.6,54.4,7.230299752999599,9.614188747000298,90.4,87.27920532226562,-3.1207946777343807,74.4,75.65315246582031,1.2531524658203068,95.5,92.04774475097656,-3.4522552490234375,54.5,54.739715576171875,0.239715576171875,33.3,34.381568908691406,1.081568908691409,27.5,28.904052734375,1.404052734375,35.6,34.843711853027344,-0.7562881469726577
2456,M,172.8,79.9,7.230299752999599,9.614188747000298,102.0,104.30231475830078,2.3023147583007812,88.7,91.84563446044922,3.145634460449216,102.2,99.93980407714844,-2.2601959228515653,59.5,60.437721252441406,0.9377212524414062,40.3,39.57029724121094,-0.7297027587890597,35.3,34.55009460449219,-0.7499053955078097,41.8,40.0213508605957,-1.778649139404294
586,F,164.1,58.8,7.230299752999599,9.614188747000298,85.8,88.46652221679688,2.666522216796878,73.4,75.84980010986328,2.4498001098632756,94.0,94.98794555664062,0.987945556640625,61.2,56.490997314453125,-4.709002685546878,38.0,35.446041107177734,-2.5539588928222656,29.2,29.328289031982422,0.12828903198242259,35.8,35.84900665283203,0.04900665283203409
2002,F,157.3,59.2,7.230299752999599,9.614188747000298,89.7,90.93629455566406,1.2362945556640597,84.8,81.02874755859375,-3.771252441406247,92.9,94.810546875,1.9105468749999943,58.3,56.86997985839844,-1.4300201416015597,35.8,35.639183044433594,-0.1608169555664034,30.8,30.43564796447754,-0.36435203552246165,35.9,35.15277099609375,-0.7472290039062486
2522,F,155.6,56.8,7.230299752999599,9.614188747000298,91.5,89.7747802734375,-1.7252197265625,83.5,79.90019226074219,-3.5998077392578125,93.3,93.38259887695312,0.08259887695312784,57.2,55.85902404785156,-1.3409759521484403,32.5,35.033836364746094,2.5338363647460938,31.7,29.939407348632812,-1.7605926513671868,34.5,34.82551956176758,0.3255195617675781
4651,F,161.2,76.2,7.230299752999599,9.614188747000298,98.2,100.24658966064453,2.0465896606445284,98.2,92.53256225585938,-5.667437744140628,100.7,105.16633605957031,4.46633605957031,58.9,64.70304870605469,5.803048706054689,37.2,39.74995803833008,2.5499580383300753,35.0,34.44274139404297,-0.5572586059570312,36.6,36.594661712646484,-0.005338287353517046
1454,F,167.8,57.3,7.230299752999599,9.614188747000298,84.9,86.40188598632812,1.5018859863281193,74.5,72.65742492675781,-1.8425750732421875,99.2,93.97813415527344,-5.221865844726565,58.1,55.27714920043945,-2.8228507995605483,33.1,34.88946533203125,1.7894653320312486,28.2,28.300918579101562,0.10091857910156321,33.9,36.21063995361328,2.3106399536132827
2591,F,147.3,55.3,7.230299752999599,9.614188747000298,94.4,90.67378234863281,-3.726217651367193,85.9,83.88750457763672,-2.012495422363287,89.8,92.21468353271484,2.4146835327148466,57.3,55.401756286621094,-1.8982437133789034,33.3,34.482749938964844,1.1827499389648466,31.0,30.210403442382812,-0.7895965576171875,33.7,34.051185607910156,0.3511856079101534
1025,M,184.0,80.7,7.230299752999599,9.614188747000298,101.4,103.2264633178711,1.826463317871088,84.7,85.55289459228516,0.8528945922851534,98.9,99.67298889160156,0.7729888916015568,59.3,59.63677978515625,0.33677978515625284,39.8,38.98358917236328,-0.8164108276367159,34.5,33.984798431396484,-0.5152015686035156,41.4,41.58220672607422,0.18220672607422017
1173,M,174.5,80.8,7.230299752999599,9.614188747000298,105.1,104.54029083251953,-0.5597091674804631,91.6,91.51942443847656,-0.08057556152343182,103.9,100.21685028076172,-3.683149719238287,63.5,60.58366775512695,-2.916332244873047,40.8,39.63004684448242,-1.1699531555175753,35.2,34.61298370361328,-0.5870162963867216,41.2,40.31240463256836,-0.8875953674316435
1305,F,158.4,49.2,7.230299752999599,9.614188747000298,83.5,82.87030029296875,-0.62969970703125,69.6,69.02764129638672,-0.5723587036132756,92.9,88.77694702148438,-4.123052978515631,55.7,52.23181915283203,-3.4681808471679716,32.3,32.99179458618164,0.6917945861816435,27.0,26.988727569580078,-0.011272430419921875,34.5,34.57038116455078,0.07038116455078125
1912,F,149.5,47.3,7.230299752999599,9.614188747000298,82.0,83.90579223632812,1.905792236328125,72.7,72.14344787597656,-0.5565521240234403,86.0,87.2721176147461,1.2721176147460938,49.7,51.58570861816406,1.8857086181640597,32.9,32.45832824707031,-0.4416717529296861,28.4,27.389766693115234,-1.0102333068847642,33.0,33.728885650634766,0.7288856506347656
3685,M,165.1,57.7,7.230299752999599,9.614188747000298,95.5,91.81126403808594,-3.6887359619140625,72.1,77.31745910644531,5.217459106445318,88.0,88.39527893066406,0.3952789306640625,51.0,51.566810607910156,0.5668106079101562,35.0,34.587554931640625,-0.412445068359375,30.0,29.525150299072266,-0.4748497009277344,40.2,37.915706634521484,-2.2842933654785185
1945,F,150.0,47.0,7.230299752999599,9.614188747000298,88.0,83.55156707763672,-4.448432922363281,69.8,71.40840148925781,1.6084014892578153,85.0,87.08824157714844,2.0882415771484375,50.0,51.44593811035156,1.4459381103515625,31.3,32.35533142089844,1.0553314208984368,27.0,27.27837371826172,0.27837371826171875,34.0,33.732093811035156,-0.26790618896484375
485,M,175.4,75.3,7.230299752999599,9.614188747000298,104.8,101.56813049316406,-3.2318695068359347,83.7,86.2187271118164,2.5187271118164034,95.6,97.42472076416016,1.824720764160162,61.8,58.280696868896484,-3.519303131103513,37.3,38.32542419433594,1.0254241943359403,33.5,33.36774826049805,-0.13225173950195312,40.8,40.246238708496094,-0.5537612915039034
1397,M,174.5,72.8,7.230299752999599,9.614188747000298,96.8,100.32892608642578,3.528926086425784,83.7,84.73634338378906,1.0363433837890597,101.5,96.15949249267578,-5.340507507324219,60.5,57.337890625,-3.162109375,36.5,37.843780517578125,1.343780517578125,32.3,32.90923309326172,0.6092330932617216,41.1,40.019309997558594,-1.0806900024414077
4958,F,157.8,55.8,7.230299752999599,9.614188747000298,87.2,88.32504272460938,1.1250427246093722,76.0,77.14409637451172,1.1440963745117188,95.3,92.87892150878906,-2.4210784912109347,55.3,55.350616455078125,0.05061645507812784,35.1,34.78840255737305,-0.31159744262695455,27.5,29.326248168945312,1.8262481689453125,35.4,34.9503173828125,-0.4496826171874986
88,M,179.0,74.5,7.230299752999599,9.614188747000298,100.3,100.73492431640625,0.43492431640625284,84.0,83.37565612792969,-0.6243438720703125,97.2,96.83961486816406,-0.36038513183594034,56.1,57.5919189453125,1.4919189453124986,37.8,37.88206481933594,0.08206481933594034,35.4,32.95594024658203,-2.4440597534179673,39.6,40.736854553222656,1.1368545532226548
1694,M,174.1,62.2,7.230299752999599,9.614188747000298,95.3,93.83052062988281,-1.4694793701171847,84.1,76.11287689208984,-7.987123107910151,93.0,90.67774200439453,-2.3222579956054688,53.9,52.891845703125,-1.0081542968749986,35.4,35.256996154785156,-0.14300384521484233,29.7,30.057357788085938,0.3573577880859382,40.2,39.393775939941406,-0.8062240600585966
3729,M,175.5,80.2,7.230299752999599,9.614188747000298,104.0,104.1082534790039,0.10825347900390625,94.2,90.38249206542969,-3.8175079345703153,99.1,99.87667846679688,0.7766784667968807,58.8,60.26405334472656,1.4640533447265653,38.3,39.44561767578125,1.1456176757812528,32.6,34.43260192871094,1.832601928710936,39.8,40.43757247924805,0.6375724792480497
653,F,157.6,66.4,7.230299752999599,9.614188747000298,95.0,95.47427368164062,0.474273681640625,80.6,87.27024841308594,6.670248413085943,96.0,99.17752075195312,3.177520751953125,60.6,60.15785598754883,-0.4421440124511733,41.1,37.53422546386719,-3.565774536132814,33.8,32.33726501464844,-1.4627349853515597,36.4,35.67713928222656,-0.7228607177734361
4210,M,169.1,60.2,7.230299752999599,9.614188747000298,100.4,93.02886962890625,-7.371130371093756,74.5,77.27392578125,2.77392578125,88.4,89.79371643066406,1.3937164306640568,53.5,52.41962814331055,-1.0803718566894531,33.9,35.056358337402344,1.1563583374023452,31.1,29.90161895751953,-1.1983810424804702,39.6,38.58951187133789,-1.0104881286621108
3017,F,153.6,61.6,7.230299752999599,9.614188747000298,94.9,93.43132781982422,-1.468672180175787,84.6,85.93621826171875,1.3362182617187557,96.6,96.04951477050781,-0.5504852294921818,56.2,57.83399200439453,1.6339920043945284,35.7,36.197105407714844,0.4971054077148409,30.2,31.41160011291504,1.2116001129150398,35.0,34.971405029296875,-0.028594970703125
3970,F,173.5,65.2,7.230299752999599,9.614188747000298,88.3,90.56963348388672,2.2696334838867216,75.4,76.71007537841797,1.310075378417963,95.6,98.60423278808594,3.004232788085943,58.7,58.225013732910156,-0.4749862670898466,36.2,36.55388641357422,0.3538864135742159,28.9,29.926406860351562,1.026406860351564,35.1,37.31260299682617,2.2126029968261705
4732,M,177.3,80.1,7.230299752999599,9.614188747000298,100.8,103.8279037475586,3.0279037475585966,88.6,89.23979187011719,0.6397918701171932,96.3,99.76846313476562,3.468463134765628,58.4,60.05482482910156,1.654824829101564,39.7,39.28089141845703,-0.4191085815429716,34.9,34.30104064941406,-0.5989593505859361,42.5,40.70917510986328,-1.7908248901367188
4596,M,168.3,85.4,7.230299752999599,9.614188747000298,109.7,107.62419128417969,-2.0758087158203153,97.0,99.29061889648438,2.290618896484375,100.5,103.07940673828125,2.57940673828125,63.3,63.162010192871094,-0.1379898071289034,40.1,41.05571746826172,0.9557174682617173,33.6,35.994590759277344,2.3945907592773423,40.3,39.56617736816406,-0.7338226318359347
144,F,169.8,51.5,7.230299752999599,9.614188747000298,86.0,82.03353881835938,-3.966461181640625,65.8,67.06609344482422,1.2660934448242216,89.5,90.28121948242188,0.781219482421875,52.1,52.02326202392578,-0.07673797607422017,32.6,33.175872802734375,0.5758728027343736,26.8,26.028995513916016,-0.7710044860839851,35.6,36.06283950805664,0.4628395080566392
670,M,179.4,83.0,7.230299752999599,9.614188747000298,109.2,104.99739074707031,-4.20260925292969,91.3,90.26997375488281,-1.0300262451171847,100.5,100.97655487060547,0.47655487060546875,58.2,60.929222106933594,2.729222106933591,39.7,39.77793884277344,0.07793884277343466,34.6,34.771690368652344,0.17169036865234233,39.8,41.09858703613281,1.2985870361328153
4976,F,157.4,63.5,7.230299752999599,9.614188747000298,91.8,93.64842224121094,1.8484222412109403,90.6,84.83624267578125,-5.763757324218744,94.4,97.43524932861328,3.0352493286132756,54.2,58.80095672607422,4.600956726074216,34.8,36.74579620361328,1.945796203613284,28.7,31.549970626831055,2.8499706268310554,34.8,35.45426940917969,0.6542694091796903
2656,F,161.8,53.0,7.230299752999599,9.614188747000298,84.6,84.90634155273438,0.3063415527343807,73.1,71.28734588623047,-1.8126541137695256,92.3,91.30593872070312,-0.9940612792968722,58.0,53.89892578125,-4.10107421875,33.7,33.93865966796875,0.23865966796874716,30.6,27.788204193115234,-2.811795806884767,35.7,35.1956787109375,-0.5043212890625028
1860,F,162.0,53.4,7.230299752999599,9.614188747000298,85.2,85.1293716430664,-0.07062835693359659,75.8,71.56753540039062,-4.232464599609372,88.9,91.56415557861328,2.6641555786132756,58.1,54.07181167602539,-4.028188323974611,33.7,34.07331085205078,0.3733108520507784,27.0,27.89681053161621,0.8968105316162109,38.8,35.23927307128906,-3.5607269287109347
2142,F,154.0,57.1,7.230299752999599,9.614188747000298,93.0,90.38099670410156,-2.6190032958984375,78.3,81.34017181396484,3.0401718139648466,93.0,93.40786743164062,0.407867431640625,55.8,55.95452880859375,0.15452880859375284,36.2,35.06755828857422,-1.132441711425784,30.0,30.184303283691406,0.18430328369140625,35.4,34.70151138305664,-0.698488616943358
2215,F,168.3,76.2,7.230299752999599,9.614188747000298,98.0,98.24826049804688,0.248260498046875,87.8,87.85469055175781,0.05469055175781534,101.6,104.84159851074219,3.241598510742193,60.2,63.717613220214844,3.517613220214841,44.6,39.490699768066406,-5.109300231933595,34.1,33.792381286621094,-0.30761871337890767,38.6,37.272281646728516,-1.3277183532714858
1780,M,167.5,78.8,7.230299752999599,9.614188747000298,105.1,104.37969970703125,-0.7203002929687443,95.7,94.4013671875,-1.2986328125000028,98.2,99.71334838867188,1.5133483886718722,59.2,60.38892364501953,1.1889236450195284,41.0,39.66944885253906,-1.3305511474609375,35.5,34.65155792236328,-0.8484420776367188,42.1,39.24485778808594,-2.855142211914064
1892,F,151.7,56.8,7.230299752999599,9.614188747000298,88.0,90.74661254882812,2.746612548828125,84.3,82.54051208496094,-1.7594879150390597,98.2,93.21377563476562,-4.986224365234378,57.0,55.88074493408203,-1.1192550659179688,35.7,34.96892547607422,-0.7310745239257841,31.9,30.31336212158203,-1.5866378784179673,34.8,34.47747039794922,-0.3225296020507784
3208,F,167.7,63.1,7.230299752999599,9.614188747000298,87.8,90.38470458984375,2.584704589843753,74.9,77.87835693359375,2.9783569335937443,101.2,97.64598846435547,-3.554011535644534,59.5,58.12823486328125,-1.37176513671875,37.1,36.38113021850586,-0.718869781494142,27.8,30.108577728271484,2.3085777282714837,36.6,36.56298065185547,-0.03701934814453267
2805,M,181.5,74.2,7.230299752999599,9.614188747000298,97.5,100.19619750976562,2.696197509765625,78.3,81.5893325805664,3.289332580566409,96.0,96.53068542480469,0.5306854248046875,59.5,57.22852325439453,-2.2714767456054688,39.0,37.662330627441406,-1.3376693725585938,31.0,32.68501281738281,1.6850128173828125,40.4,41.063377380371094,0.6633773803710952
2699,M,171.0,51.2,7.230299752999599,9.614188747000298,80.0,86.14340209960938,6.143402099609375,70.6,68.22579193115234,-2.3742080688476506,86.3,84.34687805175781,-1.9531219482421847,48.0,47.791988372802734,-0.20801162719726562,35.4,32.533042907714844,-2.866957092285155,26.2,26.280582427978516,0.08058242797851634,37.8,38.16075134277344,0.36075134277344034
4099,M,173.2,68.1,7.230299752999599,9.614188747000298,96.3,97.74320983886719,1.4432098388671903,79.2,81.5177230834961,2.317723083496091,95.1,93.79499816894531,-1.3050018310546818,57.6,55.571720123291016,-2.028279876708986,37.0,36.87519836425781,-0.1248016357421875,30.5,31.901512145996094,1.4015121459960938,38.6,39.59442901611328,0.9944290161132798
2177,F,157.5,53.1,7.230299752999599,9.614188747000298,89.3,86.32537078857422,-2.9746292114257784,76.6,74.17410278320312,-2.4258972167968693,90.3,91.1744155883789,0.8744155883789091,50.3,54.13960266113281,3.8396026611328153,33.3,34.031761169433594,0.7317611694335966,29.6,28.51483917236328,-1.0851608276367202,34.7,34.747825622558594,0.04782562255859091
4331,M,173.6,89.8,7.230299752999599,9.614188747000298,109.6,109.19004821777344,-0.4099517822265568,90.2,99.30894470214844,9.108944702148435,105.5,104.46372985839844,-1.0362701416015625,64.3,64.17350769042969,-0.12649230957030966,43.0,41.7138671875,-1.2861328125,39.4,36.61970901489258,-2.7802909851074205,40.9,40.45649337768555,-0.4435066223144517
3846,F,155.0,45.4,7.230299752999599,9.614188747000298,79.8,80.84864807128906,1.0486480712890653,66.7,66.65670776367188,-0.04329223632812784,87.3,86.17362976074219,-1.1263702392578097,51.2,50.361480712890625,-0.8385192871093778,32.1,31.970069885253906,-0.12993011474609517,26.1,26.046367645263672,-0.053632354736329546,33.7,34.025848388671875,0.32584838867187216
4529,M,174.1,62.6,7.230299752999599,9.614188747000298,94.4,94.09163665771484,-0.30836334228516193,72.9,76.48789978027344,3.587899780273432,88.6,91.02339935302734,2.4233993530273494,51.5,53.12795639038086,1.6279563903808594,33.8,35.340087890625,1.5400878906250028,30.5,30.171039581298828,-0.3289604187011719,38.6,39.41484832763672,0.8148483276367173
100,F,159.9,47.3,7.230299752999599,9.614188747000298,82.2,81.04521179199219,-1.1547882080078153,62.9,66.61088562011719,3.710885620117189,87.5,87.52491760253906,0.0249176025390625,48.7,50.9954833984375,2.295483398437497,34.6,32.42622375488281,-2.173776245117189,27.1,25.970367431640625,-1.1296325683593764,37.1,34.60639953613281,-2.493600463867189
2922,F,167.6,74.2,7.230299752999599,9.614188747000298,97.7,97.35134887695312,-0.34865112304687784,99.0,86.80709075927734,-12.192909240722656,101.6,103.74365997314453,2.143659973144537,61.6,62.96707534790039,1.3670753479003892,35.0,39.09281921386719,4.0928192138671875,30.7,33.32720184326172,2.6272018432617195,34.2,37.12592315673828,2.9259231567382784
731,F,156.4,50.2,7.230299752999599,9.614188747000298,85.2,84.34427642822266,-0.8557235717773466,69.8,71.30610656738281,1.5061065673828153,89.0,89.32740783691406,0.3274078369140625,53.0,52.893470764160156,-0.10652923583984375,33.9,33.228424072265625,-0.6715759277343736,27.2,27.689002990722656,0.48900299072265696,34.3,34.43553161621094,0.13553161621094034
1392,M,182.8,74.4,7.230299752999599,9.614188747000298,99.7,100.11650085449219,0.41650085449218466,85.0,81.07136535644531,-3.9286346435546875,94.2,96.6089096069336,2.408909606933591,56.2,57.198116302490234,0.9981163024902315,37.4,37.62202072143555,0.2220207214355483,33.6,32.61478042602539,-0.9852195739746108,41.0,41.218475341796875,0.218475341796875
1919,F,169.5,57.2,7.230299752999599,9.614188747000298,84.8,86.036865234375,1.2368652343750028,74.1,71.96070861816406,-2.139291381835932,94.8,93.7821044921875,-1.0178955078124972,50.9,54.96049118041992,4.060491180419923,34.7,34.73902130126953,0.03902130126952841,29.0,28.06257438659668,-0.9374256134033203,38.3,36.40095520019531,-1.8990447998046847
1360,M,177.8,80.8,7.230299752999599,9.614188747000298,101.3,104.1189956665039,2.818995666503909,88.3,89.47334289550781,1.1733428955078153,101.5,100.04916381835938,-1.450836181640625,60.8,60.246742248535156,-0.5532577514648409,39.2,39.36388397216797,0.1638839721679659,33.9,34.387420654296875,0.4874206542968764,41.9,40.800148010253906,-1.0998519897460923
751,F,154.3,50.8,7.230299752999599,9.614188747000298,87.0,85.43653106689453,-1.5634689331054688,73.4,73.58137512207031,0.18137512207030682,88.0,89.57781219482422,1.5778121948242188,52.8,53.195247650146484,0.3952476501464872,32.3,33.41456604003906,1.1145660400390653,29.4,28.128284454345703,-1.2717155456542955,33.2,34.29068374633789,1.0906837463378878
2072,M,174.0,85.3,7.230299752999599,9.614188747000298,110.4,106.87709045410156,-3.522909545898443,96.7,95.52024841308594,-1.1797515869140653,100.4,102.43817138671875,2.0381713867187443,61.0,62.433441162109375,1.433441162109375,40.5,40.674400329589844,0.17440032958984375,36.0,35.61119842529297,-0.38880157470703125,42.8,40.3839111328125,-2.416088867187497
3618,M,167.0,66.2,7.230299752999599,9.614188747000298,91.9,97.10277557373047,5.202775573730463,85.6,83.86727905273438,-1.7327209472656193,93.6,92.95095825195312,-0.6490417480468693,56.3,55.196895599365234,-1.1031044006347628,38.1,36.78594970703125,-1.3140502929687514,31.9,31.851451873779297,-0.048548126220701704,38.4,38.665809631347656,0.26580963134765767
3482,F,152.6,38.2,7.230299752999599,9.614188747000298,75.4,75.4043197631836,0.004319763183588066,62.2,60.65299606323242,-1.547003936767581,80.2,80.85761260986328,0.6576126098632784,44.2,46.023075103759766,1.8230751037597628,27.5,29.753923416137695,2.2539234161376953,22.0,23.18265151977539,1.1826515197753906,33.6,33.44230651855469,-0.15769348144531392
1632,M,169.1,74.7,7.230299752999599,9.614188747000298,104.0,101.95088195800781,-2.0491180419921875,93.2,89.81207275390625,-3.387927246093753,98.7,97.42921447753906,-1.2707855224609403,57.8,58.500892639160156,0.7008926391601591,38.1,38.65019226074219,0.5501922607421861,32.9,33.643001556396484,0.7430015563964858,40.0,39.30504608154297,-0.6949539184570312
2499,M,170.1,72.2,7.230299752999599,9.614188747000298,105.2,100.42437744140625,-4.775622558593753,88.5,87.03775787353516,-1.4622421264648438,95.7,96.06788635253906,0.36788635253905966,62.5,57.432918548583984,-5.067081451416016,37.1,38.03278350830078,0.9327835083007798,34.8,33.04289627075195,-1.757103729248044,38.7,39.33502960205078,0.6350296020507784
881,F,163.1,73.5,7.230299752999599,9.614188747000298,99.4,98.14793395996094,-1.2520660400390682,88.5,88.94049835205078,0.44049835205078125,105.4,103.4781494140625,-1.9218505859375057,64.5,63.40411376953125,-1.09588623046875,40.0,39.091773986816406,-0.9082260131835938,35.0,33.59052276611328,-1.4094772338867188,38.4,36.663639068603516,-1.736360931396483
3196,F,158.0,64.6,7.230299752999599,9.614188747000298,95.5,94.24674987792969,-1.2532501220703125,91.0,85.42881774902344,-5.5711822509765625,97.6,98.20193481445312,0.6019348144531307,56.2,59.35540008544922,3.155400085449216,34.5,37.0589485168457,2.558948516845703,31.2,31.7623291015625,0.5623291015625007,37.4,35.59321594238281,-1.806784057617186
4326,M,174.5,62.7,7.230299752999599,9.614188747000298,90.8,94.13054656982422,3.3305465698242216,73.9,76.32563018798828,2.4256301879882756,94.8,90.99349212646484,-3.8065078735351534,55.1,53.12811279296875,-1.9718872070312514,35.3,35.36556625366211,0.06556625366211222,31.2,30.18625259399414,-1.0137474060058587,38.3,39.48140335083008,1.181403350830081
4643,F,157.8,60.2,7.230299752999599,9.614188747000298,92.5,91.42855072021484,-1.0714492797851562,82.2,81.46353149414062,-0.7364685058593778,96.3,95.49701690673828,-0.8029830932617159,53.4,57.32654571533203,3.9265457153320327,33.0,35.8995361328125,2.8995361328125,31.0,30.647136688232422,-0.3528633117675781,35.8,35.269527435302734,-0.5304725646972628
3434,F,159.2,56.6,7.230299752999599,9.614188747000298,89.1,88.49008178710938,-0.6099182128906193,79.5,76.98112487792969,-2.5188751220703125,92.5,93.44395446777344,0.9439544677734375,52.7,55.67340087890625,2.973400878906247,34.6,34.97705841064453,0.37705841064452983,28.8,29.390056610107422,0.5900566101074212,35.6,35.171329498291016,-0.4286705017089858
1606,M,174.4,76.3,7.230299752999599,9.614188747000298,110.4,102.21566772460938,-8.18433227539063,84.4,87.74151611328125,3.3415161132812443,100.4,98.03633117675781,-2.363668823242193,59.2,58.81273651123047,-0.3872634887695341,40.2,38.608028411865234,-1.5919715881347685,34.4,33.634605407714844,-0.7653945922851548,42.3,40.1365852355957,-2.163414764404294
1662,M,174.5,83.8,7.230299752999599,9.614188747000298,111.3,106.07755279541016,-5.222447204589841,103.3,93.98358154296875,-9.316418457031247,99.0,101.65895080566406,2.6589508056640625,54.8,61.766536712646484,6.966536712646487,40.5,40.326263427734375,-0.173736572265625,35.8,35.26105880737305,-0.5389411926269503,41.2,40.41136932373047,-0.7886306762695341
1907,F,158.5,53.3,7.230299752999599,9.614188747000298,83.9,86.14336395263672,2.243363952636713,72.7,73.68683624267578,0.9868362426757784,93.2,91.37679290771484,-1.823207092285159,55.6,54.22041320800781,-1.379586791992189,35.1,34.07056427001953,-1.0294357299804702,27.7,28.42642593383789,0.7264259338378913,33.6,34.86782455444336,1.267824554443358
1192,M,174.9,82.8,7.230299752999599,9.614188747000298,108.0,105.51482391357422,-2.4851760864257812,86.7,92.96990203857422,6.269902038574216,97.1,101.10795593261719,4.007955932617193,59.6,61.31114196777344,1.711141967773436,42.4,40.092681884765625,-2.3073181152343736,34.0,35.02290725708008,1.0229072570800781,41.1,40.44414138793945,-0.6558586120605483
2882,M,175.6,110.4,7.230299752999599,9.614188747000298,115.4,117.59449768066406,2.194497680664057,117.5,112.28199005126953,-5.218009948730469,119.4,113.85016632080078,-5.549833679199224,75.0,71.20063018798828,-3.7993698120117188,42.8,45.308189392089844,2.5081893920898466,40.0,40.39106369018555,0.3910636901855469,39.8,41.299102783203125,1.4991027832031278
4952,M,178.8,80.6,7.230299752999599,9.614188747000298,109.2,103.88741302490234,-5.312586975097659,89.8,88.61575317382812,-1.1842468261718722,100.6,99.8764419555664,-0.7235580444335881,58.7,60.0761604309082,1.3761604309082003,37.1,39.273963928222656,2.173963928222655,36.5,34.29227828979492,-2.207721710205078,40.0,40.9329948425293,0.9329948425292969
4408,M,162.0,67.7,7.230299752999599,9.614188747000298,85.4,98.72504425048828,13.325044250488276,88.5,88.85107421875,0.35107421875,96.0,93.9218521118164,-2.0781478881835938,56.9,56.33677673339844,-0.5632232666015611,36.3,37.393890380859375,1.0938903808593778,30.0,32.615440368652344,2.6154403686523438,38.1,38.10706329345703,0.007063293457029829
746,F,162.7,47.5,7.230299752999599,9.614188747000298,81.0,80.50466918945312,-0.495330810546875,63.9,65.87183380126953,1.9718338012695327,86.9,87.71495056152344,0.8149505615234318,50.8,50.77716064453125,-0.022839355468747158,31.2,32.439002990722656,1.239002990722657,26.2,25.56075096130371,-0.6392490386962884,33.1,34.925743103027344,1.8257431030273423
2962,F,157.0,70.8,7.230299752999599,9.614188747000298,98.1,98.18647766113281,0.08647766113281818,89.6,91.37637329101562,1.7763732910156307,98.1,101.81431579589844,3.714315795898443,60.3,62.220760345458984,1.9207603454589872,38.3,38.55255126953125,0.25255126953125284,33.3,33.56455993652344,0.26455993652344034,35.9,35.903297424316406,0.003297424316407671
1966,M,175.6,87.3,7.230299752999599,9.614188747000298,109.3,107.63140869140625,-1.6685913085937472,100.3,96.06422424316406,-4.235775756835935,102.5,103.14213562011719,0.6421356201171875,62.8,62.968353271484375,0.16835327148437784,42.5,40.95370101928711,-1.5462989807128906,34.4,35.91252136230469,1.512521362304689,41.4,40.67121124267578,-0.7287887573242173
1448,M,175.4,73.1,7.230299752999599,9.614188747000298,101.4,100.39519500732422,-1.004804992675787,82.3,84.43778991699219,2.1377899169921903,102.7,96.28143310546875,-6.418566894531253,60.2,57.36502456665039,-2.834975433349612,40.1,37.841182708740234,-2.258817291259767,33.0,32.920166015625,-0.079833984375,40.8,40.15875244140625,-0.6412475585937472
2897,F,157.3,54.7,7.230299752999599,9.614188747000298,86.4,87.6303939819336,1.230393981933588,73.6,76.25305938720703,2.653059387207037,95.6,92.1856689453125,-3.4143310546874943,55.4,54.87102508544922,-0.5289749145507798,34.2,34.467315673828125,0.26731567382812216,28.7,29.047592163085938,0.3475921630859382,30.9,34.84327697753906,3.943276977539064
1519,M,179.2,93.1,7.230299752999599,9.614188747000298,103.0,109.83526611328125,6.83526611328125,96.2,98.31578826904297,2.115788269042966,106.8,105.711181640625,-1.0888183593749972,63.0,64.66734313964844,1.6673431396484375,43.0,41.88392639160156,-1.1160736083984375,34.9,36.82577133178711,1.9257713317871108,38.1,41.37960433959961,3.279604339599608
4358,F,150.7,62.7,7.230299752999599,9.614188747000298,91.3,94.69578552246094,3.3957855224609403,94.5,89.16484832763672,-5.335151672363281,91.5,96.66819763183594,5.1681976318359375,52.9,58.368896484375,5.468896484375001,40.8,36.378570556640625,-4.421429443359372,30.8,31.988269805908203,1.1882698059082024,35.8,34.78478240966797,-1.0152175903320284
3768,M,174.5,74.6,7.230299752999599,9.614188747000298,96.0,101.281494140625,5.281494140625,88.3,86.28099060058594,-2.0190093994140597,95.2,97.15484619140625,1.9548461914062472,54.3,58.11204528808594,3.8120452880859403,36.8,38.23484802246094,1.4348480224609403,32.5,33.28284454345703,0.7828445434570312,40.4,40.087928771972656,-0.31207122802734233
297,F,169.9,59.5,7.230299752999599,9.614188747000298,87.7,87.48551940917969,-0.21448059082031534,78.4,73.73343658447266,-4.666563415527349,94.7,95.23652648925781,0.5365264892578097,55.3,56.013427734375,0.7134277343750028,36.8,35.297119140625,-1.5028808593749972,29.2,28.70784568786621,-0.49215431213378835,36.3,36.60322952270508,0.30322952270508097
1702,M,168.5,64.4,7.230299752999599,9.614188747000298,104.2,95.79591369628906,-8.40408630371094,79.1,81.30521392822266,2.205213928222662,88.6,92.03349304199219,3.433493041992193,57.4,54.36639404296875,-3.0336059570312486,34.9,36.18989944458008,1.2898994445800795,33.3,31.256914138793945,-2.043085861206052,39.0,38.76255416870117,-0.23744583129882812
1755,M,169.6,83.9,7.230299752999599,9.614188747000298,101.2,106.7480697631836,5.548069763183591,98.8,97.19288635253906,-1.6071136474609347,101.4,102.2244644165039,0.8244644165039006,59.8,62.436248779296875,2.636248779296878,42.0,40.709678649902344,-1.2903213500976562,33.4,35.64715576171875,2.2471557617187514,38.8,39.68989562988281,0.8898956298828153
1666,M,172.5,63.8,7.230299752999599,9.614188747000298,98.7,95.01959228515625,-3.680407714843753,87.3,78.36618041992188,-8.933819580078122,92.0,91.70713806152344,-0.2928619384765625,53.1,53.798095703125,0.6980957031249986,36.5,35.73216247558594,-0.7678375244140625,31.3,30.700023651123047,-0.5999763488769538,39.9,39.25962829589844,-0.6403717041015611
1482,M,165.6,70.2,7.230299752999599,9.614188747000298,99.9,99.73117065429688,-0.16882934570313068,95.4,88.57506561279297,-6.824934387207037,99.4,95.10488891601562,-4.295111083984381,60.4,56.796165466308594,-3.603834533691405,37.2,37.822052001953125,0.6220520019531222,29.0,32.86952209472656,3.8695220947265625,38.2,38.67341232299805,0.47341232299804403
3667,F,160.6,48.5,7.230299752999599,9.614188747000298,80.3,81.74656677246094,1.4465667724609403,67.7,67.48371124267578,-0.2162887573242216,86.2,88.41371154785156,2.2137115478515597,49.6,51.640525817871094,2.0405258178710923,32.7,32.774261474609375,0.07426147460937216,25.3,26.314254760742188,1.0142547607421868,35.8,34.75401306152344,-1.0459869384765597
230,F,170.3,64.9,7.230299752999599,9.614188747000298,86.2,91.01512145996094,4.815121459960935,76.2,78.16172790527344,1.9617279052734347,99.5,98.55693054199219,-0.9430694580078125,58.1,58.592796325683594,0.49279632568359233,39.4,36.69343566894531,-2.706564331054686,30.0,30.269899368286133,0.2698993682861328,35.4,36.95745086669922,1.5574508666992202
471,F,161.4,55.6,7.230299752999599,9.614188747000298,84.9,86.95352172851562,2.0535217285156193,71.3,74.23030090332031,2.9303009033203153,92.9,92.89553833007812,-0.004461669921880684,59.0,55.11980438232422,-3.8801956176757812,35.8,34.7010383605957,-1.098961639404294,27.8,28.73712158203125,0.9371215820312493,35.6,35.31521224975586,-0.28478775024414205
3353,F,160.7,41.0,7.230299752999599,9.614188747000298,71.9,75.87742614746094,3.977426147460932,60.2,60.913307189941406,0.7133071899414034,85.1,82.94801330566406,-2.151986694335932,47.6,47.14746856689453,-0.45253143310547017,30.5,30.609222412109375,0.109222412109375,23.8,23.28466033935547,-0.515339660644532,32.4,34.29376983642578,1.8937698364257827
4173,M,174.5,71.7,7.230299752999599,9.614188747000298,96.5,99.69862365722656,3.1986236572265625,86.2,83.77790832519531,-2.4220916748046903,97.2,95.58206176757812,-1.6179382324218778,55.9,56.89466094970703,0.9946609497070327,37.8,37.600826263427734,-0.19917373657226278,30.5,32.66417694091797,2.1641769409179688,40.6,39.9661979675293,-0.6338020324707045
765,F,152.9,46.1,7.230299752999599,9.614188747000298,82.8,81.98920440673828,-0.8107955932617159,69.1,68.52279663085938,-0.5772033691406193,84.1,86.55443572998047,2.4544357299804744,50.2,50.8380126953125,0.6380126953124972,31.4,32.15879440307617,0.7587944030761733,28.4,26.62328338623047,-1.7767166137695298,34.9,33.88753890991211,-1.0124610900878892
811,M,170.2,73.0,7.230299752999599,9.614188747000298,98.7,100.89366149902344,2.1936614990234347,83.2,87.66209411621094,4.462094116210935,99.5,96.49581909179688,-3.004180908203125,59.3,57.75139617919922,-1.5486038208007784,39.2,38.19086456298828,-1.0091354370117216,32.4,33.21223449707031,0.8122344970703139,41.0,39.39440155029297,-1.6055984497070312
3336,M,185.6,83.3,7.230299752999599,9.614188747000298,104.7,104.26437377929688,-0.43562622070312784,86.6,86.67595672607422,0.07595672607422443,102.8,100.78791809082031,-2.0120819091796847,59.3,60.47314453125,1.1731445312500028,36.7,39.50069808959961,2.8006980895996065,34.5,34.44778060913086,-0.052219390869140625,42.4,41.84803009033203,-0.5519699096679673
1412,F,161.8,52.1,7.230299752999599,9.614188747000298,83.6,84.2239990234375,0.6239990234375057,69.2,70.41458129882812,1.2145812988281222,93.5,90.72843933105469,-2.7715606689453125,54.1,53.459964752197266,-0.6400352478027358,36.4,33.67425537109375,-2.7257446289062486,25.3,27.447843551635742,2.1478435516357415,35.4,35.123138427734375,-0.2768615722656236
4088,M,166.5,71.3,7.230299752999599,9.614188747000298,96.1,100.25390625,4.153906250000006,90.4,88.76314544677734,-1.636854553222662,97.7,95.70265197753906,-1.9973480224609403,59.5,57.2366943359375,-2.2633056640625,36.9,38.05788803100586,1.1578880310058608,29.9,33.075286865234375,3.1752868652343764,36.9,38.81291198730469,1.912911987304689
3494,M,163.5,110.5,7.230299752999599,9.614188747000298,115.2,119.71710205078125,4.517102050781247,121.4,118.44660949707031,-2.953390502929693,122.1,114.58779907226562,-7.512200927734369,79.8,72.50410461425781,-7.295895385742185,44.8,46.14201736450195,1.342017364501956,40.9,41.25300979614258,0.35300979614257955,39.3,39.65720748901367,0.3572074890136747
2518,F,155.8,44.4,7.230299752999599,9.614188747000298,82.7,79.74603271484375,-2.953967285156253,67.0,65.2170639038086,-1.7829360961914062,87.2,85.50756072998047,-1.692439270019534,52.2,49.67265319824219,-2.5273468017578153,30.7,31.71792984008789,1.0179298400878913,27.0,25.41038703918457,-1.5896129608154297,32.0,34.0346794128418,2.034679412841797
4231,F,152.4,52.0,7.230299752999599,9.614188747000298,81.5,86.86756896972656,5.3675689697265625,73.0,76.52665710449219,3.5266571044921875,95.0,90.21554565429688,-4.784454345703125,56.3,53.71885299682617,-2.5811470031738253,33.2,33.69537353515625,0.49537353515624716,28.0,28.72290802001953,0.7229080200195312,34.4,34.207576751708984,-0.1924232482910142
3539,F,140.4,54.2,7.230299752999599,9.614188747000298,90.2,91.20464324951172,1.004643249511716,80.6,87.48556518554688,6.885565185546881,93.1,91.65608978271484,-1.4439102172851506,55.8,55.63440704345703,-0.1655929565429659,33.7,34.08312225341797,0.3831222534179659,30.4,30.423635482788086,0.02363548278808736,32.4,33.49091720581055,1.0909172058105483
2091,F,157.2,65.9,7.230299752999599,9.614188747000298,97.7,95.25325012207031,-2.4467498779296903,86.6,87.11985778808594,0.5198577880859432,101.1,98.8976058959961,-2.2023941040039006,59.4,59.94322204589844,0.5432220458984389,36.7,37.39807891845703,0.6980789184570284,33.2,32.230735778808594,-0.9692642211914091,37.2,35.60906982421875,-1.5909301757812528
721,F,158.3,43.9,7.230299752999599,9.614188747000298,81.8,78.71441650390625,-3.085583496093747,65.3,63.99701690673828,-1.302983093261716,87.8,85.13688659667969,-2.6631134033203097,48.3,49.110984802246094,0.8109848022460966,30.9,31.536060333251953,0.6360603332519545,25.8,24.8135986328125,-0.9864013671875007,33.0,34.221710205078125,1.221710205078125
1844,F,152.8,51.3,7.230299752999599,9.614188747000298,80.5,86.22637176513672,5.726371765136719,68.9,75.36880493164062,6.468804931640619,90.9,89.7965087890625,-1.1034912109375057,54.8,53.40343475341797,-1.3965652465820284,36.2,33.49381637573242,-2.706183624267581,29.7,28.483585357666016,-1.2164146423339837,33.6,34.20295715332031,0.6029571533203111
2367,F,152.0,49.0,7.230299752999599,9.614188747000298,89.1,84.64787292480469,-4.452127075195307,73.6,72.84455871582031,-0.7554412841796818,89.1,88.37554931640625,-0.7244506835937443,54.9,52.372398376464844,-2.527601623535155,32.2,32.90945816040039,0.7094581604003878,29.1,27.81521224975586,-1.284787750244142,33.6,34.007080078125,0.4070800781249986
1034,M,173.6,70.8,7.230299752999599,9.614188747000298,102.7,99.3003921508789,-3.3996078491210966,82.0,83.55654907226562,1.556549072265625,96.0,95.16931915283203,-0.8306808471679688,57.0,56.622100830078125,-0.377899169921875,38.3,37.47925567626953,-0.8207443237304659,32.1,32.53093338012695,0.4309333801269517,41.0,39.780677795410156,-1.2193222045898438
2432,M,164.8,65.6,7.230299752999599,9.614188747000298,95.0,96.96786499023438,1.967864990234375,85.0,84.95304870605469,-0.0469512939453125,94.2,92.69682312011719,-1.5031768798828153,57.9,55.12359619140625,-2.7764038085937486,39.6,36.7452392578125,-2.8547607421875014,32.7,31.89418601989746,-0.8058139801025419,38.0,38.351722717285156,0.35172271728515625
4457,F,157.1,55.2,7.230299752999599,9.614188747000298,90.1,88.08733367919922,-2.0126663208007756,76.5,77.00892639160156,0.5089263916015625,92.1,92.4398422241211,0.33984222412109943,54.2,55.08582305908203,0.8858230590820284,33.1,34.632118225097656,1.5321182250976548,29.3,29.23590087890625,-0.06409912109375071,34.5,34.845375061035156,0.34537506103515625
879,F,168.9,63.4,7.230299752999599,9.614188747000298,91.4,90.31258392333984,-1.087416076660162,73.9,77.53075408935547,3.630754089355463,97.9,97.72721862792969,-0.17278137207031818,58.4,58.074684143066406,-0.32531585693359233,37.4,36.37818908691406,-1.021810913085936,29.6,30.037940979003906,0.43794097900390483,38.0,36.71889877319336,-1.2811012268066406
1383,M,170.5,62.4,7.230299752999599,9.614188747000298,96.7,94.29265594482422,-2.407344055175784,80.0,78.23218536376953,-1.7678146362304688,88.5,91.01776123046875,2.51776123046875,53.0,53.37303924560547,0.37303924560546875,32.4,35.52893829345703,3.1289382934570327,31.4,30.46985626220703,-0.9301437377929673,40.1,38.90159606933594,-1.198403930664064
2561,F,159.3,54.6,7.230299752999599,9.614188747000298,91.8,86.8780746459961,-4.921925354003903,81.0,74.62240600585938,-6.377593994140625,89.2,92.17425537109375,2.974255371093747,52.0,54.72530746459961,2.7253074645996094,34.2,34.443260192871094,0.2432601928710909,28.8,28.728599548339844,-0.07140045166015696,34.3,35.016822814941406,0.7168228149414091
2550,F,153.8,56.8,7.230299752999599,9.614188747000298,92.5,90.21504211425781,-2.2849578857421875,87.3,81.1034164428711,-6.196583557128903,91.3,93.30823516845703,2.008235168457034,58.2,55.87357711791992,-2.326422882080081,34.8,34.99519348144531,0.19519348144531534,31.2,30.1149845123291,-1.0850154876708977,35.4,34.6565055847168,-0.7434944152832017
3931,M,167.8,76.1,7.230299752999599,9.614188747000298,101.8,102.88458251953125,1.0845825195312528,90.5,91.93964385986328,1.4396438598632812,99.8,98.23394775390625,-1.5660522460937472,58.0,59.18126678466797,1.1812667846679688,39.2,39.033111572265625,-0.16688842773437784,33.5,34.04108428955078,0.5410842895507812,39.4,39.190040588378906,-0.20995941162109233
1634,M,168.5,75.3,7.230299752999599,9.614188747000298,104.8,102.3540267944336,-2.4459732055664034,93.9,90.83877563476562,-3.0612243652343807,97.8,97.81619262695312,0.016192626953127842,59.5,58.79740905761719,-0.7025909423828125,37.8,38.784339904785156,0.9843399047851591,34.5,33.79997634887695,-0.7000236511230469,39.6,39.24883270263672,-0.35116729736328267
1647,M,174.4,79.8,7.230299752999599,9.614188747000298,109.0,104.04570007324219,-4.9542999267578125,91.8,90.7652816772461,-1.0347183227539034,100.1,99.71726989746094,-0.3827301025390568,64.4,60.20369338989258,-4.196306610107428,40.0,39.41949462890625,-0.58050537109375,34.7,34.41014862060547,-0.2898513793945341,40.9,40.272430419921875,-0.6275695800781236
657,M,179.0,67.2,7.230299752999599,9.614188747000298,92.8,96.61311340332031,3.8131134033203153,74.8,77.50806427001953,2.708064270019534,93.0,93.02894592285156,0.0289459228515625,53.0,54.620574951171875,1.620574951171875,35.6,36.23014450073242,0.6301445007324205,33.3,31.09930992126465,-2.2006900787353487,41.0,40.40196990966797,-0.5980300903320312
3505,M,180.6,124.7,7.230299752999599,9.614188747000298,125.2,121.94126892089844,-3.2587310791015653,124.7,117.0948715209961,-7.605128479003909,117.1,119.43041229248047,2.3304122924804744,74.0,74.97657775878906,0.9765777587890625,46.7,46.924476623535156,0.2244766235351534,43.9,42.22392654418945,-1.6760734558105455,45.1,42.3136100769043,-2.7863899230957045
4716,F,158.3,51.6,7.230299752999599,9.614188747000298,82.0,84.86750793457031,2.8675079345703125,69.8,71.80589294433594,2.0058929443359403,90.2,90.25521850585938,0.05521850585937216,51.6,53.43511962890625,1.8351196289062486,34.4,33.59642028808594,-0.8035797119140611,25.5,27.886260986328125,2.386260986328125,34.7,34.72502136230469,0.025021362304684658
3794,F,164.0,62.8,7.230299752999599,9.614188747000298,90.6,91.19439697265625,0.5943969726562557,82.7,79.60259246826172,-3.097407531738284,97.8,97.52156829833984,-0.2784317016601534,56.9,58.46015548706055,1.5601554870605483,34.2,36.48872375488281,2.2887237548828097,28.9,30.552536010742188,1.652536010742189,35.4,36.1052131652832,0.7052131652832045
2201,F,164.1,60.8,7.230299752999599,9.614188747000298,93.5,89.81100463867188,-3.688995361328125,80.3,77.73814392089844,-2.5618560791015597,93.4,96.33296203613281,2.932962036132807,55.4,57.502174377441406,2.1021743774414077,36.5,35.953372955322266,-0.5466270446777344,29.7,29.914424896240234,0.21442489624023509,36.0,35.978187561035156,-0.02181243896484375
3167,M,159.7,62.4,7.230299752999599,9.614188747000298,92.8,95.82730102539062,3.027301025390628,84.3,85.54450225830078,1.244502258300784,89.6,90.99998474121094,1.3999847412109432,51.6,54.44895935058594,2.848959350585936,38.2,35.95937728881836,-2.2406227111816435,29.9,31.505474090576172,1.6054740905761733,37.3,37.545040130615234,0.24504013061523722
2080,M,158.5,68.2,7.230299752999599,9.614188747000298,101.2,99.7745361328125,-1.4254638671875028,93.6,91.96128845214844,-1.6387115478515568,93.6,94.3349838256836,0.7349838256835994,55.6,57.005008697509766,1.4050086975097642,37.7,37.5418701171875,-0.15812988281250284,32.8,33.0234375,0.22343750000000284,38.1,37.71089172363281,-0.3891082763671889
149,F,165.1,69.9,7.230299752999599,9.614188747000298,94.0,95.5028305053711,1.5028305053710938,85.6,84.86257934570312,-0.7374206542968693,102.2,101.46031951904297,-0.7396804809570341,59.8,61.578269958496094,1.7782699584960966,40.5,38.225685119628906,-2.2743148803710938,35.0,32.41452407836914,-2.5854759216308594,35.4,36.670616149902344,1.2706161499023452
2168,F,159.3,55.6,7.230299752999599,9.614188747000298,86.3,87.6500244140625,1.3500244140625028,73.5,75.75991821289062,2.259918212890625,93.2,92.81790161132812,-0.38209838867187784,53.6,55.21331787109375,1.6133178710937486,35.2,34.72507095336914,-0.4749290466308622,27.3,29.052291870117188,1.7522918701171868,36.3,35.09101104736328,-1.208988952636716
3842,M,178.7,77.9,7.230299752999599,9.614188747000298,99.3,102.52049255371094,3.2204925537109403,88.0,86.53041076660156,-1.4695892333984375,98.2,98.5600814819336,0.3600814819335909,59.1,59.01252746582031,-0.08747253417968892,40.6,38.68818664550781,-1.911813354492189,32.1,33.72528076171875,1.6252807617187486,41.9,40.83686828613281,-1.063131713867186
2694,M,170.4,79.2,7.230299752999599,9.614188747000298,100.8,104.25700378417969,3.4570037841796903,98.0,92.73908996582031,-5.2609100341796875,100.1,99.78010559082031,-0.3198944091796818,61.3,60.35698318481445,-0.943016815185544,40.5,39.576507568359375,-0.923492431640625,35.1,34.55287551879883,-0.5471244812011733,38.9,39.651573181152344,0.7515731811523452
1351,M,175.9,105.9,7.230299752999599,9.614188747000298,111.5,115.7825927734375,4.2825927734375,103.1,109.35903930664062,6.259039306640631,119.6,111.87966918945312,-7.720330810546869,75.2,69.67626953125,-5.523730468750003,44.0,44.515724182128906,0.5157241821289062,38.3,39.579345703125,1.2793457031250028,41.1,41.23286437988281,0.13286437988281108
2295,F,162.1,52.4,7.230299752999599,9.614188747000298,83.5,84.33869934082031,0.8386993408203125,71.4,70.52273559570312,-0.8772644042968807,88.8,90.9330062866211,2.1330062866210966,53.9,53.570064544677734,-0.3299354553222642,34.0,33.77543258666992,-0.22456741333007812,28.7,27.521045684814453,-1.1789543151855462,33.8,35.17848205566406,1.3784820556640653
1117,F,154.7,49.2,7.230299752999599,9.614188747000298,82.6,84.0473861694336,1.4473861694335994,72.2,71.25588989257812,-0.9441101074218778,93.4,88.61026763916016,-4.789732360839849,52.6,52.43236541748047,-0.16763458251953267,32.9,33.007266998291016,0.10726699829101705,26.7,27.542421340942383,0.8424213409423835,33.8,34.224239349365234,0.4242393493652372
926,F,168.6,53.5,7.230299752999599,9.614188747000298,86.4,83.66649627685547,-2.733503723144537,66.8,69.09292602539062,2.292926025390628,88.0,91.57676696777344,3.5767669677734375,51.5,53.24860382080078,1.7486038208007812,33.6,33.78895568847656,0.18895568847656108,27.0,26.929960250854492,-0.07003974914550781,33.2,36.043983459472656,2.8439834594726534
3771,F,163.5,50.6,7.230299752999599,9.614188747000298,84.2,82.66957092285156,-1.5304290771484403,74.5,68.33622741699219,-6.1637725830078125,91.2,89.76849365234375,-1.4315063476562528,51.3,52.45415496826172,1.1541549682617216,32.3,33.19853210449219,0.8985321044921903,26.3,26.609844207763672,0.30984420776367116,33.4,35.223087310791016,1.823087310791017
4746,M,169.8,71.4,7.230299752999599,9.614188747000298,102.2,99.98249816894531,-2.2175018310546903,81.2,86.54771423339844,5.347714233398435,97.3,95.62249755859375,-1.6775024414062472,57.0,57.10120391845703,0.10120391845703125,38.0,37.87632751464844,-0.1236724853515625,32.2,32.88257598876953,0.6825759887695284,40.3,39.25813293457031,-1.0418670654296847
12,F,153.2,52.8,7.230299752999599,9.614188747000298,87.6,87.33555603027344,-0.2644439697265568,80.8,77.08892822265625,-3.711071777343747,92.0,90.76348876953125,-1.23651123046875,54.0,54.04642105102539,0.046421051025390625,34.5,33.902931213378906,-0.5970687866210938,28.1,28.931594848632812,0.8315948486328111,34.4,34.338279724121094,-0.06172027587890483
93,M,178.6,54.2,7.230299752999599,9.614188747000298,86.5,87.62770080566406,1.1277008056640625,70.5,67.91294860839844,-2.5870513916015625,85.4,85.8180160522461,0.41801605224608807,47.5,48.566162109375,1.066162109375,32.6,32.902381896972656,0.30238189697265483,25.5,26.59135627746582,1.0913562774658203,39.5,39.39601135253906,-0.1039886474609375
3658,F,157.9,62.3,7.230299752999599,9.614188747000298,91.4,92.7209243774414,1.3209243774414006,82.3,83.3758544921875,1.0758544921875028,93.0,96.79302215576172,3.7930221557617188,57.2,58.27870178222656,1.0787017822265597,36.6,36.430694580078125,-0.16930541992187642,30.3,31.187519073486328,0.8875190734863274,35.8,35.41856384277344,-0.38143615722655966
1593,M,162.6,83.4,7.230299752999599,9.614188747000298,111.6,107.46187591552734,-4.138124084472651,100.7,101.76420593261719,1.0642059326171847,101.0,102.71002197265625,1.71002197265625,64.8,62.99997329711914,-1.8000267028808565,41.1,40.91640090942383,-0.1835990905761733,38.0,35.98133087158203,-2.0186691284179688,37.8,38.777008056640625,0.9770080566406278
1174,M,180.2,80.4,7.230299752999599,9.614188747000298,105.4,103.60438537597656,-1.7956146240234432,88.3,87.71890258789062,-0.5810974121093722,100.5,99.75852966308594,-0.7414703369140625,60.9,59.8899040222168,-1.0100959777832017,39.2,39.15809631347656,-0.04190368652344034,34.9,34.19853210449219,-0.7014678955078111,42.4,41.122802734375,-1.2771972656249986
4985,F,157.5,51.5,7.230299752999599,9.614188747000298,84.2,85.02290344238281,0.8229034423828097,72.0,72.21737670898438,0.217376708984375,89.1,90.17660522460938,1.0766052246093807,50.3,53.43995666503906,3.1399566650390653,32.8,33.577239990234375,0.7772399902343778,27.9,27.97518539428711,0.0751853942871108,34.9,34.63248062133789,-0.26751937866210795
1578,M,170.0,80.0,7.230299752999599,9.614188747000298,108.4,104.72288513183594,-3.677114868164068,97.9,93.6881103515625,-4.211889648437506,102.3,100.23234558105469,-2.0676544189453097,59.9,60.73938751220703,0.8393875122070327,39.4,39.79014587402344,0.3901458740234389,35.7,34.760162353515625,-0.9398376464843778,39.1,39.62361145019531,0.5236114501953111
538,M,180.9,79.3,7.230299752999599,9.614188747000298,100.5,102.98323059082031,2.4832305908203125,82.7,86.41307067871094,3.7130706787109347,99.0,99.16069793701172,0.16069793701171875,58.7,59.37622833251953,0.6762283325195284,37.5,38.8695182800293,1.3695182800292969,36.0,33.90657043457031,-2.0934295654296875,42.5,41.166259765625,-1.333740234375
1926,F,162.7,60.9,7.230299752999599,9.614188747000298,94.0,90.32616424560547,-3.6738357543945312,85.5,78.7117919921875,-6.7882080078125,89.9,96.31956481933594,6.419564819335932,51.2,57.64508056640625,6.445080566406247,34.3,36.02442932128906,1.7244293212890653,29.7,30.163257598876953,0.46325759887695384,36.6,35.841514587402344,-0.7584854125976577
1483,M,178.3,76.2,7.230299752999599,9.614188747000298,103.8,101.68115234375,-2.118847656249997,84.7,85.22695922851562,0.5269592285156222,99.7,97.72782897949219,-1.9721710205078153,59.8,58.36589431762695,-1.434105682373044,38.8,38.324371337890625,-0.47562866210937216,33.1,33.38103485107422,0.28103485107421733,42.0,40.71619415283203,-1.2838058471679688
3621,M,169.2,78.6,7.230299752999599,9.614188747000298,100.7,104.05330657958984,3.353306579589841,99.5,92.99980926513672,-6.500190734863281,98.0,99.55953979492188,1.559539794921875,58.2,60.198421478271484,1.9984214782714815,39.1,39.51316833496094,0.4131683349609361,32.0,34.49216842651367,2.492168426513672,38.6,39.456233978271484,0.856233978271483
2024,M,162.5,54.2,7.230299752999599,9.614188747000298,84.7,89.65727233886719,4.957272338867185,81.6,75.49687957763672,-6.103120422363276,87.7,86.34709167480469,-1.3529083251953153,48.9,50.10166931152344,1.201669311523439,32.8,33.723976135253906,0.9239761352539091,26.5,28.580997467041016,2.0809974670410156,37.1,37.39899826049805,0.29899826049804545
4945,M,168.4,73.8,7.230299752999599,9.614188747000298,102.6,101.53514099121094,-1.0648590087890568,95.7,89.57174682617188,-6.128253173828128,96.5,97.01760864257812,0.517608642578125,54.9,58.18826675415039,3.288266754150392,33.9,38.501590728759766,4.601590728759767,33.4,33.4935302734375,0.09353027343750142,36.0,39.17379379272461,3.1737937927246094
1295,F,156.9,51.4,7.230299752999599,9.614188747000298,86.0,85.14653015136719,-0.8534698486328125,69.7,72.40444946289062,2.704449462890622,92.3,90.08505249023438,-2.214947509765622,54.7,53.41984939575195,-1.2801506042480497,33.0,33.5799446105957,0.5799446105957031,26.5,28.00448989868164,1.5044898986816406,33.7,34.560604095458984,0.8606040954589815
2103,F,156.2,52.0,7.230299752999599,9.614188747000298,86.5,85.84208679199219,-0.6579132080078125,75.6,73.69404602050781,-1.9059539794921818,89.0,90.40374755859375,1.40374755859375,57.5,53.67945098876953,-3.8205490112304688,32.4,33.739227294921875,1.3392272949218764,30.6,28.298416137695312,-2.301583862304689,34.3,34.53826141357422,0.2382614135742216
4969,F,160.0,51.2,7.230299752999599,9.614188747000298,85.8,83.97117614746094,-1.8288238525390597,71.8,70.33753967285156,-1.4624603271484347,85.8,90.10923767089844,4.30923767089844,49.9,53.14886474609375,3.2488647460937514,32.9,33.48320770263672,0.5832077026367202,26.6,27.43739891052246,0.8373989105224595,32.8,34.8552360534668,2.0552360534667997
4019,F,161.0,61.0,7.230299752999599,9.614188747000298,91.8,90.95912170410156,-0.8408782958984347,84.2,79.93437194824219,-4.265628051757815,93.1,96.30569458007812,3.2056945800781307,56.6,57.75394821166992,1.1539482116699205,35.6,36.092918395996094,0.49291839599609233,30.6,30.428237915039062,-0.17176208496093892,35.2,35.6593132019043,0.45931320190429403
2457,M,166.6,65.7,7.230299752999599,9.614188747000298,96.9,96.83629608154297,-0.06370391845703693,91.4,83.82219696044922,-7.577803039550787,90.0,92.6668472290039,2.6668472290039062,52.1,54.982749938964844,2.8827499389648423,33.7,36.68463134765625,2.984631347656247,42.3,31.77967071533203,-10.520329284667966,37.1,38.59638977050781,1.496389770507811
1049,M,175.3,78.1,7.230299752999599,9.614188747000298,103.8,103.04240417480469,-0.7575958251953097,80.7,88.72238159179688,8.022381591796872,96.0,98.89680480957031,2.8968048095703125,59.0,59.45363998413086,0.4536399841308594,39.7,38.9686164855957,-0.7313835144042997,33.5,33.98121643066406,0.4812164306640625,42.1,40.34260559082031,-1.757394409179689
3026,F,155.2,63.6,7.230299752999599,9.614188747000298,92.8,94.26033020019531,1.4603302001953153,88.0,86.49557495117188,-1.504425048828125,95.4,97.39928436279297,1.999284362792963,57.7,58.77528381347656,1.0752838134765597,35.6,36.74599838256836,1.145998382568358,32.3,31.808910369873047,-0.4910896301269503,33.0,35.2498664855957,2.249866485595703
4362,F,161.4,50.6,7.230299752999599,9.614188747000298,81.2,83.15640258789062,1.9564025878906222,68.8,69.13045501708984,0.3304550170898466,89.2,89.7705078125,0.5705078124999972,50.6,52.734336853027344,2.1343368530273423,35.4,33.28520202636719,-2.114797973632811,24.7,26.984060287475586,2.2840602874755866,34.4,34.98112487792969,0.5811248779296889
805,M,183.5,99.9,7.230299752999599,9.614188747000298,115.6,112.20167541503906,-3.398324584960932,94.5,100.64591979980469,6.1459197998046875,105.3,108.65431213378906,3.3543121337890653,65.4,66.80879974365234,1.408799743652338,44.2,42.87221908569336,-1.3277809143066435,37.3,37.91651916503906,0.6165191650390653,40.5,42.06040573120117,1.5604057312011719
4839,M,174.8,71.2,7.230299752999599,9.614188747000298,97.0,99.42144775390625,2.42144775390625,86.3,83.14730834960938,-3.152691650390622,94.8,95.35807800292969,0.5580780029296903,54.4,56.69709777832031,2.297097778320314,36.2,37.443424224853516,1.2434242248535128,32.3,32.531612396240234,0.23161239624023722,38.2,39.984107971191406,1.7841079711914034
1867,F,152.8,46.8,7.230299752999599,9.614188747000298,83.6,82.59329223632812,-1.0067077636718693,74.2,69.46624755859375,-4.733752441406253,84.2,87.04029846191406,2.8402984619140597,52.2,51.214759826660156,-0.9852401733398466,32.5,32.401817321777344,-0.09818267822265625,26.9,26.888160705566406,-0.011839294433592329,36.6,33.93617248535156,-2.663827514648439
5032,F,166.3,58.0,7.230299752999599,9.614188747000298,86.9,87.23270416259766,0.33270416259765057,72.8,73.96099853515625,1.1609985351562528,96.9,94.42921447753906,-2.470785522460943,56.6,55.838233947753906,-0.7617660522460952,34.2,35.156158447265625,0.9561584472656222,27.5,28.75299072265625,1.25299072265625,34.2,36.06098175048828,1.8609817504882784
1721,M,164.4,53.5,7.230299752999599,9.614188747000298,85.9,88.7584457397461,2.858445739746088,80.0,73.44391632080078,-6.556083679199219,87.9,86.04669952392578,-1.8533004760742244,49.3,49.62371063232422,0.3237106323242216,33.1,33.49558639526367,0.39558639526367045,29.0,28.01468276977539,-0.9853172302246094,35.4,37.58197021484375,2.1819702148437514
1200,M,175.2,89.5,7.230299752999599,9.614188747000298,106.6,108.79112243652344,2.191122436523443,94.4,98.09073638916016,3.6907363891601506,103.2,104.19383239746094,0.9938323974609347,62.7,63.83903884887695,1.1390388488769503,38.7,41.513431549072266,2.813431549072263,36.3,36.411834716796875,0.11183471679687784,42.5,40.68855285644531,-1.8114471435546875
1739,M,170.4,82.1,7.230299752999599,9.614188747000298,103.8,105.75373077392578,1.953730773925784,100.6,95.15614318847656,-5.443856811523432,103.4,101.27611541748047,-2.123884582519537,62.3,61.5964469909668,-0.7035530090332003,39.9,40.2414665222168,0.3414665222167983,33.5,35.19843292236328,1.6984329223632812,39.4,39.746299743652344,0.34629974365234517
4448,F,159.2,45.3,7.230299752999599,9.614188747000298,77.8,79.68311309814453,1.883113098144534,66.5,64.99784851074219,-1.5021514892578125,84.0,86.10111999511719,2.1011199951171875,47.8,49.89082336425781,2.0908233642578153,31.7,31.905303955078125,0.2053039550781257,23.8,25.2750244140625,1.4750244140624993,33.7,34.412757873535156,0.7127578735351534
4272,F,162.1,50.5,7.230299752999599,9.614188747000298,86.7,82.90284729003906,-3.7971527099609403,64.8,68.74756622314453,3.947566223144534,89.8,89.71121215820312,-0.08878784179687216,54.0,52.59223175048828,-1.4077682495117188,32.4,33.245887756347656,0.8458877563476577,27.8,26.827495574951172,-0.9725044250488288,35.3,35.05083465576172,-0.2491653442382784
410,F,159.5,56.3,7.230299752999599,9.614188747000298,89.7,88.14018249511719,-1.5598175048828153,80.4,76.42098236083984,-3.979017639160162,96.5,93.21964263916016,-3.2803573608398438,56.4,55.502479553222656,-0.8975204467773423,36.6,34.915687561035156,-1.6843124389648452,29.0,29.245830535888672,0.24583053588867188,35.3,35.15898895263672,-0.1410110473632784
1002,M,174.4,70.4,7.230299752999599,9.614188747000298,100.5,98.97481536865234,-1.5251846313476562,81.9,82.66020202636719,0.7602020263671818,96.0,94.92595672607422,-1.0740432739257812,56.7,56.38606262207031,-0.31393737792969034,36.0,37.30699920654297,1.3069992065429688,34.9,32.367828369140625,-2.5321716308593736,40.8,39.882293701171875,-0.9177062988281222
3372,F,157.1,55.2,7.230299752999599,9.614188747000298,90.2,88.08733367919922,-2.112666320800784,83.5,77.00892639160156,-6.4910736083984375,90.1,92.4398422241211,2.3398422241210994,52.9,55.08582305908203,2.1858230590820327,34.2,34.632118225097656,0.4321182250976534,28.6,29.23590087890625,0.6359008789062486,36.2,34.845375061035156,-1.3546249389648466
2619,F,163.1,55.2,7.230299752999599,9.614188747000298,89.1,86.13134002685547,-2.9686599731445256,75.7,72.76557922363281,-2.9344207763671903,91.4,92.71885681152344,1.3188568115234318,54.8,54.81962585449219,0.019625854492190342,32.1,34.52841567993164,2.428415679931639,30.2,28.332202911376953,-1.8677970886230462,36.7,35.47571563720703,-1.2242843627929716
132,F,170.4,85.5,7.230299752999599,9.614188747000298,105.5,102.72248840332031,-2.7775115966796875,98.8,93.69070434570312,-5.109295654296872,112.8,109.68702697753906,-3.1129730224609347,64.8,67.05180358886719,2.2518035888671903,39.7,41.5085334777832,1.8085334777832003,38.6,36.02888870239258,-2.5711112976074233,38.4,37.747615814208984,-0.6523841857910142
4247,F,158.7,46.3,7.230299752999599,9.614188747000298,80.2,80.5953369140625,0.39533691406249716,63.1,66.08078002929688,2.9807800292968736,87.7,86.83125305175781,-0.8687469482421903,50.2,50.55128479003906,0.35128479003905966,32.5,32.17787551879883,-0.3221244812011719,26.7,25.76580810546875,-0.9341918945312493,35.2,34.4183349609375,-0.7816650390625028
4914,M,167.2,60.6,7.230299752999599,9.614188747000298,91.8,93.47647094726562,1.6764709472656278,78.5,78.64237976074219,0.1423797607421875,88.0,89.98979187011719,1.9897918701171875,48.0,52.73358154296875,4.73358154296875,35.5,35.2496337890625,-0.2503662109375,28.2,30.248960494995117,2.048960494995118,37.8,38.36841583251953,0.5684158325195341
4849,F,170.2,60.5,7.230299752999599,9.614188747000298,91.5,88.10491943359375,-3.39508056640625,78.6,74.4375228881836,-4.162477111816401,93.6,95.90116119384766,2.301161193847662,53.4,56.4619255065918,3.0619255065917983,35.6,35.56121826171875,-0.03878173828125142,29.2,28.966371536254883,-0.23362846374511648,37.7,36.69366455078125,-1.0063354492187528
4978,F,162.0,69.8,7.230299752999599,9.614188747000298,96.7,96.306396484375,-0.39360351562500284,91.5,86.85342407226562,-4.646575927734375,96.5,101.35786437988281,4.8578643798828125,53.2,61.822776794433594,8.622776794433591,35.6,38.30116653442383,2.7011665344238267,32.0,32.745704650878906,0.7457046508789062,37.7,36.34931945800781,-1.3506805419921903
691,M,173.9,74.8,7.230299752999599,9.614188747000298,95.2,101.45777893066406,6.25777893066406,81.8,86.76725769042969,4.96725769042969,102.6,97.27975463867188,-5.320245361328119,58.7,58.21416091918945,-0.4858390808105497,43.5,38.32213592529297,-5.177864074707031,33.2,33.34818649291992,0.14818649291991903,40.4,40.003501892089844,-0.39649810791015483
4511,M,170.8,67.6,7.230299752999599,9.614188747000298,102.3,97.66727447509766,-4.632725524902341,80.9,82.57162475585938,1.6716247558593693,94.4,93.60807800292969,-0.7919219970703182,53.0,55.53369140625,2.53369140625,37.9,36.89068603515625,-1.0093139648437486,31.0,31.928869247436523,0.9288692474365234,41.5,39.237060546875,-2.262939453125
4780,F,162.4,46.8,7.230299752999599,9.614188747000298,80.0,80.03880310058594,0.0388031005859375,66.9,65.31446838378906,-1.5855316162109432,86.1,87.22698974609375,1.1269897460937557,47.8,50.40057373046875,2.600573730468753,32.8,32.2730712890625,-0.5269287109374972,25.3,25.314538955688477,0.014538955688475852,34.3,34.83196258544922,0.5319625854492216
3852,F,155.0,51.3,7.230299752999599,9.614188747000298,79.5,85.63097381591797,6.130973815917969,76.8,73.75332641601562,-3.046673583984372,94.1,89.88021850585938,-4.219781494140619,53.1,53.38318634033203,0.28318634033202983,35.4,33.537696838378906,-1.8623031616210923,25.5,28.22142219543457,2.7214221954345703,33.5,34.39167785644531,0.8916778564453125
3639,F,152.1,51.4,7.230299752999599,9.614188747000298,88.0,86.50028991699219,-1.4997100830078125,81.2,75.96815490722656,-5.23184509277344,89.0,89.83670043945312,0.836700439453125,53.3,53.458431243896484,0.15843124389648722,30.9,33.51554489135742,2.6155448913574233,26.3,28.58510971069336,2.2851097106933587,33.1,34.15935134887695,1.0593513488769517
5080,M,154.8,55.0,7.230299752999599,9.614188747000298,89.0,92.1873779296875,3.1873779296875,73.0,81.69329071044922,8.693290710449219,88.0,86.62846374511719,-1.3715362548828125,53.5,51.76715850830078,-1.7328414916992188,33.8,33.95390319824219,0.15390319824219034,28.2,29.87319564819336,1.67319564819336,34.7,36.62498474121094,1.9249847412109347
287,F,172.6,59.6,7.230299752999599,9.614188747000298,85.2,87.10919189453125,1.9091918945312472,67.6,72.70246887207031,5.102468872070318,97.4,95.24095153808594,-2.159048461914068,56.9,55.669639587402344,-1.2303604125976548,38.1,35.17987060546875,-2.9201293945312514,26.9,28.380859375,1.4808593750000014,37.0,36.90187072753906,-0.0981292724609375
3235,F,163.5,58.6,7.230299752999599,9.614188747000298,88.0,88.54395294189453,0.5439529418945312,77.8,76.08639526367188,-1.7136047363281222,92.2,94.763427734375,2.563427734374997,51.9,56.44307327270508,4.5430732727050795,35.7,35.412376403808594,-0.2876235961914091,27.3,29.39181900024414,2.09181900024414,38.5,35.77309799194336,-2.7269020080566406
4692,F,162.5,60.0,7.230299752999599,9.614188747000298,83.4,89.78266906738281,6.382669067382807,77.3,77.98077392578125,0.6807739257812528,102.7,95.71025085449219,-6.989749145507815,59.7,57.205970764160156,-2.4940292358398466,36.3,35.79607009887695,-0.503929901123044,26.9,29.91393280029297,3.01393280029297,33.4,35.75333023071289,2.353330230712892
4757,M,174.5,75.5,7.230299752999599,9.614188747000298,99.8,101.766357421875,1.9663574218750028,82.4,87.010009765625,4.610009765624994,97.7,97.61822509765625,-0.08177490234375284,58.2,58.477439880371094,0.2774398803710909,41.5,38.4337272644043,-3.066272735595703,33.3,33.4705696105957,0.17056961059570597,39.7,40.12632369995117,0.42632369995116903
4748,M,166.8,84.0,7.230299752999599,9.614188747000298,108.1,107.19495391845703,-0.9050460815429631,92.0,99.25230407714844,7.2523040771484375,101.1,102.58148193359375,1.4814819335937557,64.6,62.81086730957031,-1.7891326904296818,43.4,40.888694763183594,-2.511305236816405,36.0,35.84131622314453,-0.15868377685546875,38.7,39.32175827026367,0.621758270263669
1471,M,168.0,68.6,7.230299752999599,9.614188747000298,102.4,98.48780822753906,-3.912191772460943,86.1,85.33609771728516,-0.7639022827148381,95.1,94.1904296875,-0.9095703124999943,61.6,56.10665512084961,-5.493344879150392,36.8,37.31423568725586,0.5142356872558622,31.3,32.34865951538086,1.0486595153808587,39.0,38.89583969116211,-0.10416030883789062
2722,F,166.3,52.9,7.230299752999599,9.614188747000298,87.9,83.63517761230469,-4.264822387695318,73.8,69.28581237792969,-4.51418762207031,91.8,91.26183319091797,-0.5381668090820284,55.1,53.29059600830078,-1.8094039916992202,35.0,33.764801025390625,-1.235198974609375,27.9,27.035436630249023,-0.8645633697509751,35.2,35.721946716308594,0.5219467163085909
1732,M,166.5,91.9,7.230299752999599,9.614188747000298,111.0,111.13775634765625,0.13775634765625,113.4,105.49866485595703,-7.901335144042974,106.0,106.17909240722656,0.1790924072265625,63.5,65.79861450195312,2.298614501953125,43.1,42.551395416259766,-0.5486045837402358,37.0,37.48768615722656,0.4876861572265625,40.7,39.532371520996094,-1.167628479003909
4257,F,155.8,60.5,7.230299752999599,9.614188747000298,90.4,92.16561126708984,1.765611267089838,90.0,83.21995544433594,-6.7800445556640625,94.4,95.48365783691406,1.0836578369140568,52.7,57.388572692871094,4.688572692871091,35.8,35.964752197265625,0.16475219726562784,30.0,30.926414489746094,0.9264144897460938,33.8,35.086753845214844,1.2867538452148466
4762,F,162.3,59.7,7.230299752999599,9.614188747000298,94.0,89.6952133178711,-4.304786682128906,79.0,77.8381576538086,-1.1618423461914062,96.5,95.44684600830078,-1.0531539916992188,56.8,57.055904388427734,0.2559043884277372,37.8,35.71400451660156,-2.0859954833984347,30.6,29.887277603149414,-0.7127223968505874,36.4,35.70991516113281,-0.6900848388671861
1932,F,156.8,77.0,7.230299752999599,9.614188747000298,110.2,101.69159698486328,-8.508403015136722,102.0,96.41937255859375,-5.58062744140625,103.7,105.81538391113281,2.1153839111328097,63.1,65.11764526367188,2.0176452636718736,40.0,40.02742004394531,0.0274200439453125,37.0,35.05791091918945,-1.9420890808105469,38.0,36.2051887512207,-1.7948112487792969
2749,F,153.2,56.7,7.230299752999599,9.614188747000298,87.9,90.31902313232422,2.419023132324213,79.9,81.454833984375,1.5548339843749943,92.1,93.19773864746094,1.0977386474609432,59.3,55.81287384033203,-3.487126159667966,35.8,34.967041015625,-0.8329589843749972,31.3,30.141843795776367,-1.1581562042236335,32.4,34.60108947753906,2.201089477539064
3034,F,162.2,73.4,7.230299752999599,9.614188747000298,94.3,98.33627319335938,4.036273193359378,89.9,89.51986694335938,-0.3801330566406307,108.7,103.42100524902344,-5.278994750976565,63.0,63.396148681640625,0.396148681640625,40.0,39.090087890625,-0.909912109375,34.1,33.668495178222656,-0.43150482177734517,35.3,36.56853485107422,1.2685348510742216
763,F,158.6,56.4,7.230299752999599,9.614188747000298,90.3,88.51671600341797,-1.7832839965820284,75.0,77.19483947753906,2.1948394775390625,94.7,93.29829406738281,-1.4017059326171903,56.9,55.57498550415039,-1.325014495849608,35.1,34.92962646484375,-0.17037353515625142,28.8,29.385684967041016,0.5856849670410149,34.0,35.066368103027344,1.0663681030273438
2810,M,164.0,64.8,7.230299752999599,9.614188747000298,96.3,96.56951904296875,0.26951904296875284,84.8,84.69304656982422,-0.10695343017577841,93.3,92.29196166992188,-1.0080383300781222,58.2,54.85413360595703,-3.3458663940429716,37.7,36.5388069152832,-1.1611930847167997,31.6,31.73769760131836,0.13769760131835795,38.4,38.20960235595703,-0.19039764404296733
4051,F,158.5,56.3,7.230299752999599,9.614188747000298,88.7,88.48973083496094,-0.21026916503906534,81.3,77.18165588378906,-4.118344116210935,85.5,93.17015075683594,7.6701507568359375,53.0,55.50749969482422,2.5074996948242188,32.7,34.914974212646484,2.2149742126464815,28.8,29.38818359375,0.5881835937499993,35.4,35.058074951171875,-0.3419250488281236
3630,F,162.2,62.4,7.230299752999599,9.614188747000298,85.1,91.55192565917969,6.451925659179693,73.1,80.43085479736328,7.330854797363287,103.1,97.18280029296875,-5.917199707031244,59.4,58.34857940673828,-1.0514205932617173,38.4,36.42108154296875,-1.9789184570312486,28.3,30.666641235351562,2.366641235351562,36.9,35.879737854003906,-1.0202621459960923
3814,M,172.5,68.3,7.230299752999599,9.614188747000298,96.4,97.94991302490234,1.549913024902338,81.8,82.06502532958984,0.2650253295898466,94.7,93.88059997558594,-0.8194000244140653,55.3,55.68002700805664,0.38002700805664347,37.3,36.974708557128906,-0.3252914428710909,31.2,32.002227783203125,0.8022277832031257,36.7,39.50403594970703,2.8040359497070284
465,F,165.6,67.0,7.230299752999599,9.614188747000298,94.5,93.5384521484375,-0.9615478515625,88.1,82.25411987304688,-5.845880126953119,97.5,99.95355224609375,2.45355224609375,58.1,60.28965759277344,2.189657592773436,37.6,37.546478271484375,-0.05352172851562642,30.9,31.523086547851562,0.6230865478515639,34.8,36.5508918762207,1.750891876220706
109,F,163.7,71.1,7.230299752999599,9.614188747000298,90.8,96.61589813232422,5.815898132324222,84.6,86.80809020996094,2.208090209960943,106.2,102.0823974609375,-4.117602539062503,64.0,62.26446533203125,-1.73553466796875,38.5,38.548824310302734,0.048824310302734375,33.3,32.93159484863281,-0.36840515136718466,35.0,36.57706832885742,1.5770683288574219
2059,F,165.0,63.8,7.230299752999599,9.614188747000298,89.7,91.57334899902344,1.8733489990234347,75.7,79.94173431396484,4.241734313964841,98.5,98.22840881347656,-0.2715911865234375,57.2,58.90081787109375,1.7008178710937472,39.6,36.72178649902344,-2.878213500976564,30.7,30.678037643432617,-0.021962356567382102,35.9,36.29265594482422,0.39265594482422017
742,F,160.5,56.0,7.230299752999599,9.614188747000298,88.0,87.56245422363281,-0.4375457763671875,75.5,75.38031005859375,-0.11968994140625,91.9,93.10063171386719,1.2006317138671818,54.9,55.351707458496094,0.45170745849609517,34.7,34.821632385253906,0.12163238525390341,29.8,29.00945281982422,-0.790547180175782,33.7,35.245201110839844,1.545201110839841
4025,F,164.4,68.5,7.230299752999599,9.614188747000298,92.2,94.85247802734375,2.652478027343747,81.8,84.22172546386719,2.4217254638671903,102.1,100.69303894042969,-1.4069610595703068,59.6,61.05801010131836,1.458010101318358,39.3,37.95500946044922,-1.3449905395507784,32.8,32.126564025878906,-0.6734359741210909,37.1,36.51409912109375,-0.5859008789062514
4307,M,160.2,64.6,7.230299752999599,9.614188747000298,97.6,97.12031555175781,-0.4796844482421818,92.8,87.29905700683594,-5.50094299316406,89.7,92.25331115722656,2.5533111572265597,55.2,55.32832336425781,0.12832336425780966,33.5,36.58177947998047,3.0817794799804688,30.7,32.03099060058594,1.3309906005859382,35.8,37.714237213134766,1.9142372131347685
589,F,162.7,52.7,7.230299752999599,9.614188747000298,82.8,84.40799713134766,1.607997131347659,70.4,70.58356475830078,0.18356475830077557,91.3,91.146484375,-0.15351562499999716,58.3,53.685691833496094,-4.614308166503903,33.8,33.84870910644531,0.04870910644531534,28.0,27.528488159179688,-0.4715118408203125,36.3,35.261016845703125,-1.0389831542968722
3778,F,155.7,64.9,7.230299752999599,9.614188747000298,94.1,94.9828109741211,0.8828109741210994,83.6,87.31733703613281,3.717337036132818,97.2,98.29286193847656,1.0928619384765597,54.0,59.44466018676758,5.444660186767578,36.4,37.12615966796875,0.7261596679687514,31.4,32.052284240722656,0.6522842407226577,36.4,35.390289306640625,-1.0097106933593736
4129,F,162.0,65.6,7.230299752999599,9.614188747000298,88.7,93.70719909667969,5.007199096679685,86.9,83.515869140625,-3.3841308593750057,90.8,99.16143798828125,8.361437988281253,56.6,59.9639892578125,3.3639892578124986,35.4,37.298561096191406,1.8985610961914077,30.7,31.557559967041016,0.8575599670410163,34.7,36.087501525878906,1.3875015258789034
426,F,176.1,56.1,7.230299752999599,9.614188747000298,83.7,84.36530303955078,0.6653030395507784,68.8,68.78689575195312,-0.013104248046872158,88.7,92.93148803710938,4.231488037109372,50.5,53.47269058227539,2.9726905822753906,35.5,34.07936096191406,-1.4206390380859375,25.5,26.88787269592285,1.3878726959228516,37.5,37.05140686035156,-0.4485931396484375
2174,F,157.3,51.8,7.230299752999599,9.614188747000298,85.9,85.32374572753906,-0.5762542724609432,70.5,72.6580581665039,2.1580581665039062,89.0,90.34747314453125,1.34747314453125,52.0,53.558753967285156,1.5587539672851562,33.5,33.679710388183594,0.17971038818359375,28.8,28.0832576751709,-0.7167423248291023,35.4,34.62303161621094,-0.7769683837890611
2813,F,162.0,52.7,7.230299752999599,9.614188747000298,82.3,84.6031494140625,2.303149414062503,69.5,70.872802734375,1.372802734375,91.0,91.12945556640625,0.12945556640625,53.7,53.71677017211914,0.016770172119137783,35.9,33.852237701416016,-2.047762298583983,26.0,27.644182205200195,1.6441822052001953,34.9,35.182456970214844,0.28245697021484517
915,F,159.0,59.0,7.230299752999599,9.614188747000298,94.0,90.2789306640625,-3.7210693359375,78.0,79.53174591064453,1.5317459106445312,97.3,94.91175842285156,-2.3882415771484347,56.8,56.78479766845703,-0.015202331542965908,34.7,35.59553909301758,0.8955390930175753,32.0,30.136781692504883,-1.8632183074951172,33.7,35.30183792114258,1.6018379211425753
3543,F,166.0,82.5,7.230299752999599,9.614188747000298,101.4,102.19330596923828,0.7933059692382756,92.1,93.98442840576172,1.8844284057617244,109.3,108.33213806152344,-0.9678619384765597,69.7,66.72834777832031,-2.9716522216796903,40.1,41.02162170410156,0.9216217041015611,34.5,35.601707458496094,1.1017074584960938,36.6,37.27750778198242,0.6775077819824205
2436,M,173.5,67.0,7.230299752999599,9.614188747000298,101.6,97.04752349853516,-4.552476501464838,87.0,80.43733215332031,-6.5626678466796875,90.7,93.24842834472656,2.5484283447265597,54.2,55.08483123779297,0.8848312377929659,34.2,36.53620910644531,2.3362091064453097,33.2,31.56344223022461,-1.6365577697753935,38.9,39.59067153930664,0.690671539306642
3534,F,161.5,47.6,7.230299752999599,9.614188747000298,79.8,80.87213897705078,1.072138977050784,67.0,66.37568664550781,-0.6243133544921875,93.1,87.78250122070312,-5.317498779296869,50.7,50.9925651550293,0.29256515502929403,31.8,32.48569869995117,0.6856986999511712,26.1,25.799442291259766,-0.3005577087402358,36.1,34.79621505737305,-1.3037849426269545
3135,F,156.3,62.0,7.230299752999599,9.614188747000298,94.0,92.96095275878906,-1.0390472412109375,84.2,84.2177505493164,0.017750549316403408,94.4,96.48004913330078,2.0800491333007756,55.1,58.08335494995117,2.9833549499511705,36.1,36.34646224975586,0.24646224975585795,30.6,31.277889251708984,0.677889251708983,34.5,35.242244720458984,0.7422447204589844
1878,F,157.2,67.7,7.230299752999599,9.614188747000298,95.0,96.33536529541016,1.3353652954101562,85.3,88.69817352294922,3.3981735229492216,102.9,99.93822479248047,-2.961775207519537,67.2,60.776119232177734,-6.4238807678222685,37.6,37.84600830078125,0.24600830078124858,33.0,32.698307037353516,-0.3016929626464844,35.7,35.73188018798828,0.03188018798827841
2321,F,146.2,56.3,7.230299752999599,9.614188747000298,92.5,91.60369873046875,-0.89630126953125,90.3,85.88575744628906,-4.414242553710935,92.3,92.82633972167969,0.5263397216796903,56.9,55.941749572753906,-0.9582504272460923,33.1,34.716339111328125,1.6163391113281236,30.8,30.606674194335938,-0.1933258056640632,32.6,34.038570404052734,1.438570404052733
3089,M,170.2,95.4,7.230299752999599,9.614188747000298,112.3,112.23286437988281,-0.06713562011718466,105.9,105.47801208496094,-0.4219879150390682,108.7,107.32904052734375,-1.3709594726562528,66.1,66.56405639648438,0.4640563964843807,43.6,42.988670349121094,-0.6113296508789077,41.4,37.99387741088867,-3.4061225891113267,41.8,40.12605285644531,-1.6739471435546847
2596,F,156.1,55.3,7.230299752999599,9.614188747000298,89.5,88.4798583984375,-1.0201416015625,80.5,77.87386322021484,-2.6261367797851562,91.2,92.49115753173828,1.2911575317382784,54.0,55.17826843261719,1.1782684326171875,32.8,34.63678741455078,1.836787414550784,31.1,29.3939151763916,-1.7060848236083999,34.1,34.75997543334961,0.659975433349608
3220,F,163.0,55.4,7.230299752999599,9.614188747000298,88.8,86.30990600585938,-2.490093994140622,75.6,73.03025817871094,-2.569741821289057,92.4,92.82768249511719,0.4276824951171818,54.2,54.94179916381836,0.7417991638183565,34.6,34.604190826416016,0.004190826416014204,29.5,28.424087524414062,-1.0759124755859375,34.5,35.47709655761719,0.9770965576171875
1487,M,174.4,81.1,7.230299752999599,9.614188747000298,112.2,104.71529388427734,-7.484706115722659,87.4,91.85432434082031,4.454324340820307,97.1,100.33805847167969,3.238058471679693,60.4,60.71559143066406,0.3155914306640639,38.8,39.708404541015625,0.9084045410156278,36.0,34.69053649902344,-1.3094635009765625,41.0,40.309852600097656,-0.6901473999023438
1231,M,176.4,68.1,7.230299752999599,9.614188747000298,94.9,97.45417785644531,2.554177856445307,75.7,79.6549072265625,3.954907226562497,91.5,93.67815399169922,2.1781539916992188,53.8,55.25277328491211,1.4527732849121122,37.9,36.60955047607422,-1.2904495239257798,32.3,31.614337921142578,-0.685662078857419,41.4,40.061614990234375,-1.3383850097656236
3098,F,162.4,52.7,7.230299752999599,9.614188747000298,83.3,84.46759033203125,1.1675903320312528,67.6,70.6589584350586,3.0589584350585994,92.2,91.12763214111328,-1.0723678588867216,50.9,53.691017150878906,2.7910171508789077,32.3,33.861045837402344,1.5610458374023466,29.0,27.56700897216797,-1.4329910278320312,33.8,35.233741760253906,1.433741760253909
4980,F,158.3,63.6,7.230299752999599,9.614188747000298,93.0,93.50009155273438,0.500091552734375,81.0,84.31932067871094,3.3193206787109375,94.7,97.60328674316406,2.9032867431640597,58.4,58.858882904052734,0.4588829040527358,35.4,36.7879753112793,1.3879753112792983,32.4,31.484777450561523,-0.9152225494384751,33.8,35.5520133972168,1.7520133972167997
2378,F,157.8,74.0,7.230299752999599,9.614188747000298,102.7,99.88626098632812,-2.813739013671878,99.5,93.26219177246094,-6.2378082275390625,101.3,103.87112426757812,2.571124267578128,63.3,63.71492004394531,0.41492004394531534,38.2,39.30089569091797,1.100895690917966,34.5,34.26929473876953,-0.23070526123046875,36.1,36.14842224121094,0.04842224121093608
4200,M,166.8,69.6,7.230299752999599,9.614188747000298,101.4,99.23570251464844,-2.164297485351568,86.9,87.10299682617188,0.20299682617186932,89.0,94.69830322265625,5.69830322265625,50.0,56.52555847167969,6.5255584716796875,35.5,37.657806396484375,2.157806396484375,34.3,32.68328857421875,-1.6167114257812472,38.4,38.78559112548828,0.38559112548828267
1323,F,160.8,58.8,7.230299752999599,9.614188747000298,92.2,89.57789611816406,-2.6221038818359403,76.3,78.03125,1.7312500000000028,94.8,94.87489318847656,0.07489318847656534,57.6,56.669464111328125,-0.9305358886718764,37.0,35.525238037109375,-1.474761962890625,29.6,29.841808319091797,0.24180831909179545,33.4,35.493289947509766,2.093289947509767
2706,M,164.7,68.3,7.230299752999599,9.614188747000298,98.5,98.68052673339844,0.1805267333984375,89.9,87.48799133300781,-2.412008666992193,93.9,94.09571838378906,0.19571838378905682,57.6,56.19841766357422,-1.4015823364257827,36.1,37.439430236816406,1.3394302368164048,33.6,32.525299072265625,-1.0747009277343764,36.7,38.47606658935547,1.776066589355466
2547,F,160.8,57.1,7.230299752999599,9.614188747000298,86.0,88.2735595703125,2.2735595703125,72.7,76.28024291992188,3.580242919921872,92.2,93.805908203125,1.6059082031249972,55.0,55.85218048095703,0.8521804809570312,34.2,35.09194564819336,0.8919456481933565,30.0,29.29140281677246,-0.7085971832275391,32.4,35.36785125732422,2.96785125732422
1094,F,163.4,53.6,7.230299752999599,9.614188747000298,84.1,84.85973358154297,0.7597335815429744,68.6,71.08467864990234,2.4846786499023494,89.7,91.75127410888672,2.051274108886716,52.5,54.048423767089844,1.5484237670898438,36.6,34.082149505615234,-2.517850494384767,26.7,27.738651275634766,1.0386512756347663,34.1,35.40367889404297,1.3036788940429673
3753,M,161.0,52.5,7.230299752999599,9.614188747000298,89.1,88.701416015625,-0.3985839843749943,76.0,74.66029357910156,-1.3397064208984375,87.6,85.23555755615234,-2.3644424438476506,47.7,49.39927673339844,1.6992767333984347,30.8,33.23167419433594,2.431674194335937,26.3,28.163482666015625,1.8634826660156243,37.7,37.13884735107422,-0.5611526489257841
3016,F,167.1,61.6,7.230299752999599,9.614188747000298,89.4,89.55438232421875,0.15438232421874432,77.8,76.81097412109375,-0.9890258789062472,95.6,96.69696044921875,1.0969604492187557,57.6,57.48365783691406,-0.11634216308593892,36.7,36.03899383544922,-0.6610061645507841,30.4,29.774723052978516,-0.625276947021483,33.7,36.401695251464844,2.701695251464841
1427,F,165.3,59.3,7.230299752999599,9.614188747000298,87.3,88.44485473632812,1.1448547363281278,71.6,75.66471099853516,4.064710998535162,96.6,95.3167953491211,-1.2832046508789006,60.1,56.61683654785156,-3.483163452148439,35.1,35.5268440246582,0.4268440246582017,28.5,29.3004093170166,0.8004093170166016,35.7,36.01786804199219,0.31786804199218466
1221,M,173.1,83.2,7.230299752999599,9.614188747000298,107.3,105.93152618408203,-1.368473815917966,85.4,94.36641693115234,8.966416931152338,100.9,101.43185424804688,0.5318542480468693,63.5,61.68016815185547,-1.8198318481445312,40.2,40.257049560546875,0.05704956054687216,40.1,35.22911834716797,-4.870881652832033,40.6,40.17361831665039,-0.4263816833496108
2370,F,164.7,69.5,7.230299752999599,9.614188747000298,98.4,95.37471008300781,-3.025289916992193,84.9,84.82331085205078,-0.07668914794922443,101.0,101.24029541015625,0.24029541015625,60.0,61.462650299072266,1.4626502990722656,41.3,38.15915298461914,-3.1408470153808565,33.4,32.3590087890625,-1.0409912109374986,39.5,36.60688781738281,-2.8931121826171875
1244,F,163.5,53.5,7.230299752999599,9.614188747000298,91.1,84.814208984375,-6.285791015624994,71.0,70.99716186523438,-0.002838134765625,92.0,91.66197204589844,-0.3380279541015625,53.2,53.98442459106445,0.7844245910644503,32.6,34.039451599121094,1.4394515991210923,27.1,27.700485229492188,0.6004852294921861,37.8,35.415122985839844,-2.3848770141601534
414,F,159.4,52.5,7.230299752999599,9.614188747000298,88.5,85.21866607666016,-3.2813339233398438,71.1,72.10133361816406,1.0013336181640682,90.5,90.87965393066406,0.3796539306640625,52.9,53.78736877441406,0.8873687744140639,37.3,33.85549545288086,-3.444504547119138,26.6,28.011138916015625,1.4111389160156236,35.1,34.88681411743164,-0.2131858825683608
1010,M,175.8,80.3,7.230299752999599,9.614188747000298,103.9,104.11071014404297,0.21071014404296307,86.4,90.28861999511719,3.888619995117182,99.6,99.93115234375,0.3311523437500057,61.8,60.27387237548828,-1.526127624511716,39.4,39.436798095703125,0.03679809570312642,35.2,34.43646240234375,-0.7635375976562528,40.8,40.492218017578125,-0.30778198242187216
1261,F,169.6,65.9,7.230299752999599,9.614188747000298,92.0,91.83668518066406,-0.1633148193359375,76.6,79.28922271728516,2.689222717285162,99.2,99.12782287597656,-0.07217712402344034,62.5,59.20703887939453,-3.2929611206054688,37.1,37.016624450683594,-0.08337554931640767,30.5,30.660018920898438,0.1600189208984375,36.8,36.94361877441406,0.14361877441406534
3279,F,158.4,61.0,7.230299752999599,9.614188747000298,90.0,91.7699966430664,1.7699966430664062,83.3,81.85794830322266,-1.442051696777341,97.3,96.02680969238281,-1.2731903076171847,59.9,57.672088623046875,-2.2279113769531236,36.0,36.09951400756836,0.09951400756835938,29.5,30.78783416748047,1.2878341674804688,37.4,35.38574981689453,-2.0142501831054673
1090,F,157.1,44.2,7.230299752999599,9.614188747000298,74.8,79.30929565429688,4.509295654296878,61.7,64.69388580322266,2.9938858032226534,87.0,85.33259582519531,-1.6674041748046875,51.1,49.44732666015625,-1.6526733398437514,33.1,31.613651275634766,-1.4863487243652358,26.2,25.178119659423828,-1.0218803405761712,33.9,34.159305572509766,0.25930557250976705
599,F,162.0,52.1,7.230299752999599,9.614188747000298,83.6,84.13111877441406,0.5311187744140682,70.4,70.2884750366211,-0.11152496337891193,94.4,90.73358154296875,-3.6664184570312557,56.6,53.43474578857422,-3.1652542114257827,34.2,33.67840576171875,-0.5215942382812528,27.0,27.413896560668945,0.4138965606689453,34.4,35.142005920410156,0.7420059204101577
1485,M,184.4,76.2,7.230299752999599,9.614188747000298,104.9,100.884765625,-4.015234375000006,81.4,81.54783630371094,0.14783630371093182,98.2,97.42439270019531,-0.7756072998046903,58.0,57.767879486083984,-0.23212051391601562,35.9,37.97856903076172,2.07856903076172,32.9,32.927066802978516,0.027066802978517046,40.9,41.484127044677734,0.5841270446777358
437,F,167.1,62.1,7.230299752999599,9.614188747000298,87.3,89.88656616210938,2.586566162109378,72.3,77.24037170410156,4.940371704101565,99.8,97.04071044921875,-2.759289550781247,63.3,57.740699768066406,-5.559300231933591,38.4,36.16332244873047,-2.23667755126953,29.3,29.906944274902344,0.606944274902343,33.7,36.43813705444336,2.7381370544433565
4411,M,172.0,79.5,7.230299752999599,9.614188747000298,105.6,104.19830322265625,-1.4016967773437443,94.9,91.99893188476562,-2.9010681152343807,101.2,99.73710632324219,-1.4628936767578153,56.9,60.33440399169922,3.43440399169922,39.5,39.54669189453125,0.04669189453125,34.9,34.51936340332031,-0.3806365966796861,39.4,39.888702392578125,0.4887023925781264
1029,M,175.8,82.8,7.230299752999599,9.614188747000298,106.5,105.39347839355469,-1.1065216064453125,92.0,92.35574340820312,0.355743408203125,100.8,101.02816772460938,0.22816772460937784,62.4,61.20057678222656,-1.199423217773436,40.7,39.99742126464844,-0.7025787353515653,39.2,34.95882797241211,-4.2411720275878935,40.0,40.56954574584961,0.5695457458496094
3379,F,160.1,62.3,7.230299752999599,9.614188747000298,92.0,92.09060668945312,0.090606689453125,87.0,81.82011413574219,-5.1798858642578125,91.9,97.01634216308594,5.116342163085932,55.8,58.33278274536133,2.532782745361331,34.0,36.425743103027344,2.4257431030273438,30.5,30.911502838134766,0.4115028381347656,35.0,35.65766906738281,0.6576690673828125
290,F,164.9,51.5,7.230299752999599,9.614188747000298,83.3,82.92585754394531,-0.37414245605468466,64.9,68.52984619140625,3.6298461914062443,91.9,90.3554916381836,-1.544508361816412,52.0,52.73897933959961,0.7389793395996094,33.0,33.43614196777344,0.4361419677734375,25.4,26.721477508544922,1.3214775085449233,36.3,35.44375228881836,-0.8562477111816378
544,M,164.2,75.0,7.230299752999599,9.614188747000298,104.2,102.71891784667969,-1.4810821533203153,96.7,93.52923583984375,-3.170764160156253,95.5,97.9255599975586,2.4255599975585938,59.1,58.99351501464844,-0.10648498535156392,38.6,38.98054504394531,0.3805450439453111,33.9,34.050514221191406,0.15051422119140767,37.8,38.676395416259766,0.8763954162597685
3121,F,161.6,54.9,7.230299752999599,9.614188747000298,85.4,86.39549255371094,0.9954925537109318,71.4,73.3365478515625,1.9365478515624943,90.1,92.45399475097656,2.353994750976568,52.5,54.73604202270508,2.236042022705078,33.3,34.47710037231445,1.177100372314456,27.9,28.469594955444336,0.5695949554443374,33.4,35.287540435791016,1.887540435791017
252,F,164.9,49.5,7.230299752999599,9.614188747000298,80.6,81.51741790771484,0.9174179077148494,71.7,66.87065124511719,-4.829348754882815,88.7,89.00679779052734,0.3067977905273409,52.1,51.60073471069336,-0.49926528930664205,31.9,32.869163513183594,0.9691635131835952,25.5,25.97966194152832,0.4796619415283203,34.4,35.3116340637207,0.9116340637207045
831,M,166.4,72.9,7.230299752999599,9.614188747000298,105.1,101.21465301513672,-3.8853469848632756,81.9,90.2106704711914,8.3106704711914,97.7,96.63984680175781,-1.0601531982421903,59.7,57.927940368652344,-1.772059631347659,36.9,38.40865707397461,1.5086570739746108,35.7,33.43238830566406,-2.2676116943359403,37.0,38.86626434326172,1.8662643432617188
3384,F,155.5,75.8,7.230299752999599,9.614188747000298,98.2,101.30264282226562,3.102642822265622,91.3,96.59022521972656,5.290225219726565,107.4,105.16987609863281,-2.230123901367193,65.1,64.61136627197266,-0.48863372802733807,40.2,39.716156005859375,-0.48384399414062784,34.5,34.858848571777344,0.35884857177734375,37.1,36.02124786376953,-1.0787521362304702
350,M,170.7,73.6,7.230299752999599,9.614188747000298,97.7,101.18360137939453,3.4836013793945284,82.8,87.84597778320312,5.045977783203128,102.0,96.7967758178711,-5.203224182128906,59.5,57.978965759277344,-1.5210342407226562,39.2,38.29035568237305,-0.909644317626956,32.0,33.31359100341797,1.3135910034179688,39.9,39.48731994628906,-0.4126800537109361
3592,M,169.2,72.5,7.230299752999599,9.614188747000298,95.8,100.69309997558594,4.89309997558594,89.8,87.86066436767578,-1.939335632324216,99.8,96.25965118408203,-3.540348815917966,61.4,57.59076690673828,-3.8092330932617173,39.0,38.15742492675781,-0.8425750732421875,33.3,33.16140365600586,-0.13859634399413778,39.8,39.221736907958984,-0.5782630920410128
346,M,166.0,63.5,7.230299752999599,9.614188747000298,99.2,95.45923614501953,-3.7407638549804716,81.1,82.06808471679688,0.9680847167968807,90.0,91.58100128173828,1.5810012817382812,51.7,54.12068176269531,2.4206817626953097,35.5,36.101318359375,0.601318359375,30.8,31.233230590820312,0.4332305908203118,39.3,38.37310791015625,-0.9268920898437472
1879,F,159.3,75.3,7.230299752999599,9.614188747000298,100.5,100.22416687011719,-0.2758331298828125,91.5,93.0496826171875,1.5496826171875,100.8,104.66443634033203,3.864436340332034,63.9,64.30632781982422,0.40632781982422017,40.9,39.60556411743164,-1.294435882568358,35.0,34.44622802734375,-0.55377197265625,38.2,36.354705810546875,-1.8452941894531278
3386,M,167.9,70.1,7.230299752999599,9.614188747000298,93.4,99.40280151367188,6.002801513671869,85.4,86.73419952392578,1.3341995239257756,97.7,94.94805908203125,-2.751940917968753,59.3,56.68315887451172,-2.6168411254882784,37.5,37.7087516784668,0.20875167846679688,34.2,32.724117279052734,-1.4758827209472685,37.3,38.952476501464844,1.6524765014648466
457,F,163.7,57.9,7.230299752999599,9.614188747000298,89.6,87.9204330444336,-1.6795669555664006,72.3,75.21060180664062,2.910601806640628,93.5,94.386474609375,0.886474609375,59.2,56.09265899658203,-3.1073410034179716,33.1,35.25212097167969,2.152120971679686,28.8,29.118114471435547,0.31811447143554616,37.0,35.73590087890625,-1.26409912109375
4772,F,163.5,53.5,7.230299752999599,9.614188747000298,84.2,84.814208984375,0.6142089843749972,70.2,70.99716186523438,0.7971618652343722,92.5,91.66197204589844,-0.8380279541015625,51.8,53.98442459106445,2.184424591064456,34.6,34.039451599121094,-0.5605484008789077,27.3,27.700485229492188,0.4004852294921868,35.6,35.415122985839844,-0.18487701416015767
530,M,185.4,89.2,7.230299752999599,9.614188747000298,113.2,107.05946350097656,-6.14053649902344,90.2,91.44271850585938,1.2427185058593722,102.4,103.50239562988281,1.1023956298828068,61.2,62.679664611816406,1.4796646118164034,39.3,40.69939422607422,1.3993942260742216,36.9,35.65388488769531,-1.246115112304686,41.9,41.98075485229492,0.0807548522949233
90,M,183.7,94.2,7.230299752999599,9.614188747000298,109.8,109.6541748046875,-0.14582519531249716,96.0,96.40408325195312,0.404083251953125,103.9,105.9000244140625,2.0000244140624943,65.1,64.6700668334961,-0.42993316650390057,42.3,41.803443908691406,-0.4965560913085909,33.9,36.76350402832031,2.863504028320314,39.6,41.954078674316406,2.354078674316405
1672,M,164.7,87.7,7.230299752999599,9.614188747000298,92.3,109.42976379394531,17.129763793945315,72.8,103.61518859863281,30.815188598632815,90.4,104.3900375366211,13.990037536621088,50.8,64.48600769042969,13.68600769042969,35.8,41.774600982666016,5.9746009826660185,30.2,36.75733184814453,6.557331848144532,38.8,39.168426513671875,0.36842651367187784
2822,F,164.5,58.1,7.230299752999599,9.614188747000298,84.1,87.80552673339844,3.705526733398443,66.0,74.9618911743164,8.961891174316406,91.6,94.56124114990234,2.9612411499023494,56.2,56.13053512573242,-0.06946487426758097,38.3,35.25023651123047,-3.0497634887695284,27.5,29.0418643951416,1.5418643951416016,36.7,35.85272216796875,-0.8472778320312528
2388,M,161.4,67.2,7.230299752999599,9.614188747000298,101.9,98.5213623046875,-3.3786376953125057,88.7,88.87578582763672,0.1757858276367159,94.0,93.69432067871094,-0.3056793212890625,59.2,56.260986328125,-2.939013671875003,38.1,37.26411437988281,-0.8358856201171889,35.3,32.5255126953125,-2.774487304687497,39.5,37.996849060058594,-1.5031509399414062
2664,F,159.2,59.4,7.230299752999599,9.614188747000298,93.6,90.50236511230469,-3.097634887695307,76.1,79.82136535644531,3.721365356445318,96.1,95.119140625,-0.9808593749999943,57.8,56.95839309692383,-0.841606903076169,35.1,35.696922302246094,0.5969223022460923,31.7,30.227760314941406,-1.472239685058593,33.7,35.35801696777344,1.6580169677734347
5085,M,168.5,71.9,7.230299752999599,9.614188747000298,102.7,100.39178466796875,-2.308215332031253,89.6,87.86824035644531,-1.7317596435546818,94.5,96.001708984375,1.501708984375,57.9,57.386131286621094,-0.5138687133789048,38.2,38.054351806640625,-0.14564819335937784,32.4,33.0671501159668,0.6671501159667983,40.1,39.09645080566406,-1.003549194335939
26,F,156.1,47.0,7.230299752999599,9.614188747000298,81.9,81.86417388916016,-0.035826110839849434,68.0,67.87305450439453,-0.12694549560546875,86.9,87.27848052978516,0.37848052978515057,52.6,51.232486724853516,-1.3675132751464858,35.1,32.393341064453125,-2.7066589355468764,26.6,26.551910400390625,-0.04808959960937642,35.7,34.21289825439453,-1.4871017456054716
1849,F,153.8,56.4,7.230299752999599,9.614188747000298,88.3,89.94195556640625,1.6419555664062528,81.2,80.7542495727539,-0.4457504272460966,94.7,93.09376525878906,-1.6062347412109403,58.2,55.70603942871094,-2.4939605712890653,34.9,34.89053726196289,-0.009462738037107954,28.5,30.010498046875,1.510498046875,35.7,34.63193893432617,-1.068061065673831
4447,F,156.9,69.3,7.230299752999599,9.614188747000298,94.3,97.28094482421875,2.980944824218753,95.1,90.12982177734375,-4.970178222656244,107.0,100.91634368896484,-6.083656311035156,65.4,61.580467224121094,-3.819532775878912,37.0,38.21889877319336,1.2188987731933594,33.9,33.18815612792969,-0.7118438720703111,35.2,35.792137145996094,0.5921371459960909
724,F,176.0,68.5,7.230299752999599,9.614188747000298,91.5,92.06881713867188,0.568817138671875,76.9,77.81006622314453,0.9100662231445256,101.7,100.38214111328125,-1.3178588867187528,59.9,59.30887985229492,-0.5911201477050767,36.8,37.227230072021484,0.4272300720214872,30.8,30.508665084838867,-0.2913349151611335,37.4,37.72029113769531,0.3202911376953139
3253,F,173.0,66.9,7.230299752999599,9.614188747000298,90.4,91.69680786132812,1.2968078613281193,82.4,78.23466491699219,-4.165335083007818,95.3,99.59453582763672,4.294535827636722,53.1,59.08601760864258,5.986017608642577,36.5,37.046226501464844,0.5462265014648438,29.2,30.449155807495117,1.249155807495118,37.5,37.34584045410156,-0.1541595458984375
181,M,167.4,61.6,7.230299752999599,9.614188747000298,98.7,94.09315490722656,-4.60684509277344,70.8,79.33082580566406,8.530825805664065,86.8,90.637939453125,3.837939453125003,53.4,53.22579574584961,-0.1742042541503892,36.6,35.52801513671875,-1.0719848632812514,30.9,30.533512115478516,-0.36648788452148295,39.6,38.447139739990234,-1.152860260009767
2505,M,172.8,75.1,7.230299752999599,9.614188747000298,100.8,101.74368286132812,0.9436828613281278,99.3,87.73495483398438,-11.565045166015622,98.0,97.4729232788086,-0.5270767211914062,55.7,58.44413375854492,2.744133758544919,37.4,38.48453903198242,1.0845390319824233,32.2,33.4747314453125,1.2747314453124972,40.1,39.852272033691406,-0.24772796630859517
5082,F,163.5,65.9,7.230299752999599,9.614188747000298,86.8,93.45804595947266,6.658045959472659,75.4,82.74250030517578,7.342500305175776,98.8,99.32429504394531,0.5242950439453153,63.0,60.000160217285156,-2.9998397827148438,41.5,37.35190963745117,-4.148090362548828,30.0,31.492782592773438,1.4927825927734375,35.6,36.27153015136719,0.6715301513671861
1650,M,171.5,76.7,7.230299752999599,9.614188747000298,105.1,102.7852783203125,-2.3147216796874943,98.2,89.922119140625,-8.277880859375003,99.7,98.39300537109375,-1.3069946289062528,58.0,59.21427536010742,1.2142753601074219,39.8,38.921836853027344,-0.8781631469726534,33.9,33.92662811279297,0.02662811279297017,41.3,39.712615966796875,-1.5873840332031222
4528,M,175.8,78.0,7.230299752999599,9.614188747000298,100.3,102.91876220703125,2.618762207031253,94.1,88.3718490600586,-5.728150939941401,96.0,98.8338851928711,2.8338851928710938,59.2,59.378047943115234,0.17804794311523153,38.0,38.9146614074707,0.9146614074707031,34.8,33.94105529785156,-0.8589447021484347,39.6,40.41970443725586,0.819704437255858
3128,F,162.3,53.4,7.230299752999599,9.614188747000298,85.0,85.06936645507812,0.069366455078125,71.5,71.44950866699219,-0.0504913330078125,91.8,91.55882263183594,-0.24117736816405966,55.1,54.041194915771484,-1.058805084228517,34.3,34.05622863769531,-0.24377136230468466,27.1,27.846126556396484,0.746126556396483,35.1,35.274925231933594,0.17492523193359233
2794,F,168.3,62.8,7.230299752999599,9.614188747000298,93.8,90.07673645019531,-3.7232635498046847,87.5,77.27188110351562,-10.228118896484375,100.3,97.38605499267578,-2.913945007324216,65.6,57.89855194091797,-7.701448059082026,36.7,36.27526092529297,-0.4247390747070341,31.6,29.95830726623535,-1.6416927337646499,38.1,36.622222900390625,-1.4777770996093764
3883,F,164.5,57.2,7.230299752999599,9.614188747000298,84.5,87.15562438964844,2.6556243896484375,73.7,74.0549087524414,0.3549087524414034,96.5,93.9913330078125,-2.5086669921875,58.5,55.66947937011719,-2.8305206298828125,33.8,34.99313735961914,1.1931373596191435,28.2,28.75229263305664,0.5522926330566413,35.5,35.78887176513672,0.28887176513671875
787,F,158.9,68.2,7.230299752999599,9.614188747000298,97.4,96.20343017578125,-1.1965698242187557,82.8,87.81394958496094,5.01394958496094,104.2,100.34636688232422,-3.853633117675784,63.2,61.09297180175781,-2.1070281982421903,40.7,37.96413803100586,-2.7358619689941435,34.4,32.65217971801758,-1.7478202819824205,37.2,35.92026901245117,-1.279730987548831
3471,F,157.1,56.2,7.230299752999599,9.614188747000298,85.8,88.87041473388672,3.0704147338867216,73.7,78.19511413574219,4.495114135742185,89.7,93.07244110107422,3.372441101074216,54.3,55.54293441772461,1.2429344177246122,35.0,34.890350341796875,-0.109649658203125,28.5,29.557422637939453,1.0574226379394531,33.6,34.929168701171875,1.3291687011718736
877,F,157.4,54.6,7.230299752999599,9.614188747000298,85.5,87.5127182006836,2.0127182006835938,78.1,75.98555755615234,-2.1144424438476506,92.4,92.1104736328125,-0.2895263671875057,56.8,54.81071853637695,-1.989281463623044,35.0,34.45331954956055,-0.5466804504394531,28.8,28.98822021484375,0.1882202148437493,32.4,34.833213806152344,2.433213806152345
4393,M,171.5,59.6,7.230299752999599,9.614188747000298,93.2,92.37924194335938,-0.8207580566406278,74.5,75.32777404785156,0.8277740478515625,87.2,89.5341567993164,2.3341567993164034,49.5,51.95807647705078,2.4580764770507812,32.8,34.73197937011719,1.9319793701171903,30.2,29.3879337310791,-0.8120662689208977,36.0,38.866973876953125,2.866973876953125
2607,M,168.8,81.6,7.230299752999599,9.614188747000298,105.0,105.7106704711914,0.7106704711914062,106.0,95.86287689208984,-10.137123107910156,98.7,101.18391418457031,2.4839141845703097,61.9,61.53752517700195,-0.36247482299804545,36.4,40.23914337158203,3.8391433715820327,34.8,35.19293212890625,0.39293212890625284,39.2,39.51044845581055,0.31044845581054403
4836,M,169.2,70.8,7.230299752999599,9.614188747000298,98.7,99.68644714355469,0.9864471435546847,82.8,86.44180297851562,3.641802978515628,96.6,95.34443664550781,-1.2555633544921818,53.8,56.884220123291016,3.0842201232910185,37.5,37.758140563964844,0.25814056396484375,33.0,32.78431701660156,-0.2156829833984375,37.4,39.14963912963867,1.7496391296386733
3252,F,156.9,58.5,7.230299752999599,9.614188747000298,90.8,90.580810546875,-0.21918945312499716,83.0,80.58805847167969,-2.4119415283203125,93.1,94.49246215820312,1.3924621582031307,55.4,56.63330841064453,1.2333084106445327,33.7,35.480533599853516,1.7805335998535128,28.3,30.277172088623047,1.9771720886230462,35.0,35.055877685546875,0.055877685546875
1197,M,176.6,80.2,7.230299752999599,9.614188747000298,108.3,103.96989440917969,-4.33010559082031,87.5,89.70903015136719,2.2090301513671875,97.5,99.80054473876953,2.3005447387695312,58.5,60.13907241821289,1.6390724182128906,41.3,39.364837646484375,-1.9351623535156222,35.3,34.35606384277344,-0.9439361572265597,42.8,40.613250732421875,-2.186749267578122
69,F,153.6,47.6,7.230299752999599,9.614188747000298,80.6,83.07476806640625,2.4747680664062557,68.4,69.98428344726562,1.5842834472656193,87.9,87.57793426513672,-0.32206573486328693,50.2,51.65945053100586,1.4594505310058565,35.1,32.559444427490234,-2.540555572509767,26.0,27.119709014892578,1.1197090148925781,35.0,34.03838348388672,-0.9616165161132812
5002,M,169.3,74.4,7.230299752999599,9.614188747000298,103.4,101.7565689086914,-1.6434310913085994,94.5,89.46955871582031,-5.0304412841796875,98.8,97.30073547363281,-1.4992645263671847,55.5,58.38933181762695,2.889331817626953,39.2,38.56402587890625,-0.6359741210937528,31.9,33.5542106628418,1.6542106628417983,37.2,39.310508728027344,2.110508728027341
4292,F,160.0,59.8,7.230299752999599,9.614188747000298,88.8,90.51722717285156,1.7172271728515653,76.1,79.60372924804688,3.5037292480468807,96.4,95.39257049560547,-1.007429504394537,55.1,57.139854431152344,2.0398544311523423,35.7,35.78446578979492,0.08446578979491903,28.9,30.237394332885742,1.3373943328857436,37.9,35.471031188964844,-2.428968811035155
2997,F,159.4,54.0,7.230299752999599,9.614188747000298,86.7,86.39434814453125,-0.30565185546875284,78.1,73.84523010253906,-4.254769897460932,88.5,91.86578369140625,3.36578369140625,49.5,54.495670318603516,4.995670318603516,33.8,34.27129364013672,0.4712936401367216,27.8,28.52411651611328,0.7241165161132805,32.8,34.994564056396484,2.194564056396487
4211,M,171.5,63.6,7.230299752999599,9.614188747000298,96.7,94.99519348144531,-1.7048065185546903,74.4,78.73895263671875,4.338952636718744,91.0,91.61202239990234,0.6120223999023438,53.2,53.82822799682617,0.628227996826169,36.4,35.777069091796875,-0.6229309082031236,32.7,30.762725830078125,-1.9372741699218778,40.4,39.10918426513672,-1.2908157348632798
3784,F,166.7,64.5,7.230299752999599,9.614188747000298,88.4,91.57836151123047,3.178361511230463,78.4,79.70793151855469,1.3079315185546818,100.8,98.56895446777344,-2.2310455322265597,58.9,58.98809814453125,0.08809814453125142,36.4,36.82685852050781,0.4268585205078139,28.7,30.66191864013672,1.9619186401367195,36.5,36.52699279785156,0.0269927978515625
2944,M,173.7,70.5,7.230299752999599,9.614188747000298,96.3,99.09085083007812,2.790850830078128,84.1,83.187744140625,-0.9122558593749943,94.4,95.0420913696289,0.6420913696289006,58.1,56.4837646484375,-1.6162353515625014,36.9,37.366233825683594,0.46623382568359517,30.3,32.42140197753906,2.121401977539062,39.9,39.767616271972656,-0.13238372802734233
387,F,159.4,65.0,7.230299752999599,9.614188747000298,96.3,94.10767364501953,-2.192326354980466,82.9,84.76490783691406,1.8649078369140568,96.8,98.55046081542969,1.7504608154296903,61.4,59.60559844970703,-1.7944015502929673,37.8,37.16081237792969,-0.6391876220703097,33.0,31.70669174194336,-1.2933082580566406,37.7,35.768863677978516,-1.9311363220214872
3137,F,156.0,52.0,7.230299752999599,9.614188747000298,82.4,85.90287780761719,3.502877807617182,75.5,73.91091918945312,-1.589080810546875,90.5,90.38539123535156,-0.1146087646484375,53.0,53.68610763549805,0.6861076354980469,36.5,33.709571838378906,-2.7904281616210938,26.9,28.34918212890625,1.4491821289062514,33.6,34.53213119506836,0.932131195068358
1784,M,167.6,59.0,7.230299752999599,9.614188747000298,89.9,92.37825012207031,2.478250122070307,81.0,76.96186828613281,-4.0381317138671875,88.6,89.22056579589844,0.6205657958984432,50.5,52.024925231933594,1.5249252319335938,34.3,34.830055236816406,0.5300552368164091,32.2,29.651878356933594,-2.548121643066409,39.5,38.315574645996094,-1.1844253540039062
2990,F,164.1,55.4,7.230299752999599,9.614188747000298,86.0,85.98054504394531,-0.0194549560546875,75.0,72.4561538696289,-2.5438461303710938,92.2,92.89366149902344,0.6936614990234347,52.8,54.83122253417969,2.0312225341796903,36.7,34.543426513671875,-2.156573486328128,29.4,28.228374481201172,-1.1716255187988267,34.5,35.61117935180664,1.1111793518066406
4688,F,157.5,64.5,7.230299752999599,9.614188747000298,96.6,94.30694580078125,-2.2930541992187443,86.0,85.68354797363281,-0.3164520263671875,97.8,98.0886459350586,0.2886459350585966,55.8,59.287811279296875,3.487811279296878,36.9,37.026126861572266,0.12612686157226705,31.8,31.79715347290039,-0.0028465270996100855,35.6,35.540611267089844,-0.05938873291015767
4714,F,156.7,53.4,7.230299752999599,9.614188747000298,85.0,86.80911254882812,1.809112548828125,75.0,75.08138275146484,0.08138275146484375,90.5,91.34298706054688,0.842987060546875,52.9,54.3138542175293,1.4138542175292983,35.5,34.121925354003906,-1.3780746459960938,28.7,28.70690155029297,0.0069015502929694605,36.4,34.686683654785156,-1.7133163452148423
3752,M,170.0,63.4,7.230299752999599,9.614188747000298,89.2,94.99309539794922,5.793095397949216,84.2,79.39839172363281,-4.80160827636719,92.0,91.46295166015625,-0.53704833984375,50.0,53.81377410888672,3.8137741088867188,34.5,35.81341552734375,1.31341552734375,27.6,30.831684112548828,3.2316841125488267,37.4,38.897361755371094,1.4973617553710952
221,M,178.8,81.5,7.230299752999599,9.614188747000298,101.0,104.32686614990234,3.3268661499023438,79.0,89.40384674072266,10.403846740722656,100.1,100.37159729003906,0.2715972900390682,62.6,60.43933868408203,-2.16066131591797,42.2,39.44858932495117,-2.751410675048831,34.6,34.48381423950195,-0.1161857604980483,42.0,40.965965270996094,-1.0340347290039062
4678,F,153.6,53.6,7.230299752999599,9.614188747000298,87.2,87.82913208007812,0.6291320800781222,78.7,77.72076416015625,-0.9792358398437528,92.7,91.28226470947266,-1.4177352905273466,53.6,54.41352081298828,0.8135208129882798,33.3,34.147377014160156,0.8473770141601591,27.6,29.10803985595703,1.5080398559570298,34.7,34.41021728515625,-0.28978271484375284
677,M,171.9,55.9,7.230299752999599,9.614188747000298,86.7,89.60835266113281,2.9083526611328097,69.9,71.71510314941406,1.8151031494140568,86.3,87.42076110839844,1.1207611083984403,48.0,50.112152099609375,2.112152099609375,34.0,33.7707405090332,-0.22925949096679688,25.0,27.914531707763672,2.914531707763672,39.2,38.64468765258789,-0.5553123474121122
642,F,164.4,53.4,7.230299752999599,9.614188747000298,88.0,84.45980834960938,-3.540191650390625,66.9,70.44790649414062,3.5479064941406193,90.2,91.62152099609375,1.4215209960937472,51.9,53.81975555419922,1.9197555541992202,33.7,33.98894500732422,0.2889450073242159,27.5,27.513755798339844,0.01375579833984375,38.7,35.51237487792969,-3.1876251220703153
3935,M,177.0,72.9,7.230299752999599,9.614188747000298,100.1,100.08926391601562,-0.010736083984369316,83.0,83.15037536621094,0.1503753662109375,97.6,96.10212707519531,-1.4978729248046818,57.3,57.14839172363281,-0.15160827636718466,36.8,37.670806884765625,0.8708068847656278,31.0,32.743099212646484,1.7430992126464844,40.3,40.39099884033203,0.09099884033203409
626,F,164.9,64.9,7.230299752999599,9.614188747000298,94.1,92.33833312988281,-1.7616668701171818,81.7,81.00308227539062,-0.6969177246093778,101.0,98.85525512695312,-2.144744873046875,60.3,59.426979064941406,-0.8730209350585909,38.5,37.02984619140625,-1.47015380859375,30.1,31.003238677978516,0.9032386779785142,35.8,36.35181427001953,0.5518142700195341
2846,F,155.2,62.7,7.230299752999599,9.614188747000298,95.2,93.72898864746094,-1.4710113525390653,91.1,85.69230651855469,-5.407693481445307,99.9,96.84979248046875,-3.0502075195312557,61.1,58.34886932373047,-2.7511306762695327,34.3,36.517189025878906,2.217189025878909,30.0,31.54993438720703,1.5499343872070312,35.5,35.188018798828125,-0.311981201171875
1532,M,180.8,79.0,7.230299752999599,9.614188747000298,103.9,102.8333740234375,-1.0666259765625057,82.1,86.276123046875,4.176123046875006,99.8,99.06417846679688,-0.7358215332031222,58.3,59.27821731567383,0.978217315673831,37.4,38.803802490234375,1.4038024902343764,35.6,33.85811996459961,-1.741880035400392,40.8,41.15379333496094,0.35379333496094034
2346,F,153.4,64.4,7.230299752999599,9.614188747000298,93.3,95.23275756835938,1.9327575683593778,90.9,88.765625,-2.1343750000000057,98.7,97.80888366699219,-0.8911163330078153,55.2,59.11181640625,3.911816406249997,38.3,36.944698333740234,-1.3553016662597628,31.2,32.16586685180664,0.9658668518066413,32.6,35.15007019042969,2.550070190429686
4077,F,155.0,82.2,7.230299752999599,9.614188747000298,98.8,104.72137451171875,5.921374511718753,99.2,102.4302978515625,3.230297851562497,106.2,108.90737915039062,2.707379150390622,72.5,67.40638732910156,-5.0936126708984375,44.2,41.23283386230469,-2.9671661376953153,35.6,36.359352111816406,0.7593521118164048,34.4,36.26594924926758,1.8659492492675795
177,M,160.1,68.2,7.230299752999599,9.614188747000298,96.5,99.41989135742188,2.919891357421875,82.8,90.760986328125,7.960986328125003,96.5,94.3017349243164,-2.1982650756835938,60.0,56.842491149902344,-3.1575088500976562,38.1,37.550018310546875,-0.5499816894531264,33.8,32.90299987792969,-0.8970001220703097,38.8,37.87609100341797,-0.9239089965820284
1831,F,156.3,55.4,7.230299752999599,9.614188747000298,88.9,88.49343872070312,-0.4065612792968807,79.4,77.82661437988281,-1.5733856201171932,94.0,92.56458282470703,-1.4354171752929688,60.6,55.21513366699219,-5.384866333007814,35.1,34.66266632080078,-0.43733367919922017,29.2,29.400409698486328,0.20040969848632884,35.3,34.792755126953125,-0.5072448730468722
2399,F,144.1,40.5,7.230299752999599,9.614188747000298,78.8,79.14466857910156,0.34466857910156534,76.3,65.94029235839844,-10.35970764160156,79.9,82.25038146972656,2.350381469726557,50.6,48.24046325683594,-2.359536743164064,31.1,30.35991096496582,-0.7400890350341811,26.0,24.97847557067871,-1.021524429321289,32.2,33.001922607421875,0.8019226074218722
734,F,160.6,48.6,7.230299752999599,9.614188747000298,82.2,81.81981658935547,-0.3801834106445341,65.7,67.57040405273438,1.8704040527343722,87.4,88.47640228271484,1.076402282714838,52.3,51.70055389404297,-0.5994461059570284,34.6,32.79991912841797,-1.8000808715820327,26.7,26.351360321044922,-0.3486396789550774,34.5,34.75933074951172,0.25933074951171875
1730,M,165.3,59.5,7.230299752999599,9.614188747000298,98.6,93.02328491210938,-5.576715087890619,85.4,78.86231231689453,-6.537687683105474,87.7,89.45999145507812,1.7599914550781222,50.0,52.42436981201172,2.4243698120117188,33.5,35.072662353515625,1.572662353515625,30.5,30.101167678833008,-0.3988323211669922,40.0,38.082984924316406,-1.9170150756835938
3638,F,156.6,46.7,7.230299752999599,9.614188747000298,76.7,81.46038818359375,4.760388183593747,64.3,67.33168029785156,3.0316802978515653,90.3,87.0732421875,-3.226757812499997,54.5,50.99919128417969,-3.5008087158203125,33.4,32.31117248535156,-1.088827514648436,24.2,26.344310760498047,2.1443107604980476,32.6,34.24951171875,1.6495117187499986
2715,M,172.0,83.2,7.230299752999599,9.614188747000298,108.2,106.1178970336914,-2.0821029663085966,102.9,95.06781768798828,-7.832182312011724,102.9,101.63455200195312,-1.2654479980468807,64.1,61.85142517089844,-2.248574829101557,37.8,40.38433074951172,2.5843307495117216,36.9,35.33763122558594,-1.562368774414061,41.9,40.01576232910156,-1.884237670898436
4900,M,171.5,96.9,7.230299752999599,9.614188747000298,112.2,112.7760009765625,0.5760009765624972,101.5,105.64544677734375,4.14544677734375,111.0,107.98472595214844,-3.0152740478515625,70.8,66.99209594726562,-3.807904052734372,45.1,43.28297805786133,-1.8170219421386733,37.6,38.26725769042969,0.6672576904296861,40.3,40.351470947265625,0.05147094726562784
1362,M,171.0,71.4,7.230299752999599,9.614188747000298,98.1,99.89276123046875,1.7927612304687557,80.2,85.72517395019531,5.52517395019531,98.0,95.59556579589844,-2.4044342041015625,60.6,57.07362747192383,-3.5263725280761733,39.4,37.799285888671875,-1.6007141113281236,31.9,32.817893981933594,0.9178939819335952,41.9,39.426109313964844,-2.473890686035155
3428,M,169.7,78.5,7.230299752999599,9.614188747000298,102.0,103.97341918945312,1.973419189453125,96.1,92.58905029296875,-3.5109497070312443,99.6,99.47065734863281,-0.12934265136718182,56.2,60.11653137207031,3.9165313720703097,39.2,39.46161651611328,0.2616165161132784,32.4,34.44345474243164,2.043454742431642,39.8,39.52191925048828,-0.2780807495117159
4153,F,155.0,53.9,7.230299752999599,9.614188747000298,90.6,87.70648193359375,-2.8935180664062443,82.3,77.09854888916016,-5.201451110839841,88.0,91.526611328125,3.526611328125,44.5,54.53082275390625,10.03082275390625,33.4,34.232330322265625,0.8323303222656264,26.2,29.081499099731445,2.881499099731446,36.3,34.57514953613281,-1.7248504638671847
3499,M,170.2,65.4,7.230299752999599,9.614188747000298,93.4,96.32543182373047,2.925431823730463,77.9,81.17962646484375,3.2796264648437443,94.9,92.49427795410156,-2.405722045898443,56.1,54.65498733520508,-1.4450126647949233,36.9,36.38487243652344,-0.5151275634765611,30.5,31.414196014404297,0.9141960144042969,39.1,39.04875946044922,-0.05124053955078267
911,F,164.6,53.7,7.230299752999599,9.614188747000298,84.0,84.64102172851562,0.641021728515625,71.3,70.6817626953125,-0.6182373046874972,92.7,91.81582641601562,-0.8841735839843778,54.1,53.958248138427734,-0.14175186157226705,35.0,34.060935974121094,-0.9390640258789062,26.3,27.594573974609375,1.2945739746093743,35.8,35.56657409667969,-0.23342590332030966
1983,M,182.0,98.8,7.230299752999599,9.614188747000298,111.5,111.89488983154297,0.39488983154296875,100.8,100.77986907958984,-0.020130920410153408,111.0,108.1686019897461,-2.8313980102539062,67.5,66.52562713623047,-0.9743728637695312,46.4,42.741294860839844,-3.658705139160155,37.6,37.75422668457031,0.15422668457031108,43.6,41.861785888671875,-1.7382141113281264
1837,F,150.0,45.8,7.230299752999599,9.614188747000298,80.5,82.504638671875,2.004638671875,71.3,69.820556640625,-1.4794433593749972,86.9,86.27058410644531,-0.6294158935546932,54.8,50.762413024902344,-4.037586975097653,32.4,32.07502746582031,-0.3249725341796861,26.6,26.78990936279297,0.18990936279296733,34.1,33.66743469238281,-0.4325653076171889
828,M,182.2,86.3,7.230299752999599,9.614188747000298,108.5,106.18106079101562,-2.318939208984375,95.4,91.19776916503906,-4.202230834960943,101.3,102.30290222167969,1.0029022216796903,57.8,61.920196533203125,4.120196533203128,40.5,40.32450485229492,-0.17549514770507812,33.3,35.28352737426758,1.983527374267581,41.4,41.5458984375,0.14589843750000142
3834,M,174.0,78.6,7.230299752999599,9.614188747000298,104.4,103.45487976074219,-0.9451202392578182,89.0,89.94204711914062,0.942047119140625,102.9,99.26409912109375,-3.6359008789062557,61.5,59.791648864746094,-1.7083511352539062,39.7,39.16969299316406,-0.5303070068359403,32.0,34.16963577270508,2.169635772705078,38.1,40.15447235107422,2.0544723510742173
577,F,156.9,59.2,7.230299752999599,9.614188747000298,90.0,91.0393295288086,1.0393295288085938,75.8,81.2837142944336,5.483714294433597,96.8,94.82057189941406,-1.9794281005859347,64.1,56.90951919555664,-7.190480804443354,36.1,35.640602111816406,-0.45939788818359517,30.4,30.476627349853516,0.07662734985351705,35.7,35.105987548828125,-0.5940124511718778
3189,M,165.0,88.7,7.230299752999599,9.614188747000298,105.1,109.83567810058594,4.735678100585943,104.3,104.20706176757812,-0.09293823242187216,108.2,104.85330200195312,-3.346697998046878,68.0,64.81097412109375,-3.18902587890625,40.0,41.963035583496094,1.9630355834960938,36.2,36.91563415527344,0.7156341552734347,37.5,39.24475860595703,1.7447586059570312
2743,F,158.5,60.5,7.230299752999599,9.614188747000298,92.3,91.40929412841797,-0.8907058715820284,84.8,81.28924560546875,-3.510754394531247,95.9,95.74810791015625,-0.15189208984375568,63.1,57.44686508178711,-5.653134918212892,35.6,35.97091293334961,0.37091293334960795,30.5,30.63733673095703,0.13733673095703125,36.5,35.36426544189453,-1.1357345581054688
4183,M,177.0,74.8,7.230299752999599,9.614188747000298,99.7,101.11888122558594,1.4188812255859347,86.0,84.87493896484375,-1.12506103515625,94.2,97.0542221069336,2.854222106933591,59.4,57.88134765625,-1.5186523437499986,38.5,38.10068893432617,-0.3993110656738281,34.9,33.16682815551758,-1.7331718444824205,39.5,40.475608825683594,0.9756088256835938
2186,F,161.6,90.3,7.230299752999599,9.614188747000298,110.3,107.14341735839844,-3.1565826416015597,114.0,102.71368408203125,-11.28631591796875,114.3,112.3472671508789,-1.952732849121091,63.8,69.76100158691406,5.961001586914065,40.5,42.90761184692383,2.407611846923828,36.3,37.52935028076172,1.2293502807617216,39.4,37.16501998901367,-2.2349800109863267
219,M,177.2,73.4,7.230299752999599,9.614188747000298,95.5,100.35404968261719,4.8540496826171875,84.5,83.50381469726562,-0.996185302734375,98.7,96.367431640625,-2.332568359375003,57.9,57.33745574951172,-0.5625442504882798,39.3,37.767791748046875,-1.5322082519531222,33.2,32.84377670288086,-0.35622329711914347,39.7,40.443206787109375,0.7432067871093722
2138,F,154.4,56.6,7.230299752999599,9.614188747000298,92.2,89.92876434326172,-2.271235656738284,73.3,80.4970474243164,7.197047424316409,95.4,93.23521423339844,-2.164785766601568,59.2,55.785667419433594,-3.414332580566409,35.2,34.969940185546875,-0.23005981445312784,30.8,29.982419967651367,-0.8175800323486335,35.1,34.681396484375,-0.4186035156250014
4819,M,172.5,79.2,7.230299752999599,9.614188747000298,107.6,103.97576904296875,-3.6242309570312443,102.8,91.43693542480469,-11.36306457519531,96.1,99.56385803222656,3.463858032226568,56.2,60.15940856933594,3.9594085693359347,35.2,39.410888671875,4.210888671874997,32.2,34.408538818359375,2.208538818359372,38.4,39.94737243652344,1.547372436523439
2311,F,163.0,72.8,7.230299752999599,9.614188747000298,96.5,97.73629760742188,1.236297607421875,88.4,88.45565032958984,0.055650329589838066,102.2,103.05220794677734,0.8522079467773409,67.0,63.10199737548828,-3.8980026245117188,39.0,38.93388366699219,-0.0661163330078125,31.6,33.42762756347656,1.827627563476561,36.8,36.61986541748047,-0.1801345825195284
2600,M,170.1,75.2,7.230299752999599,9.614188747000298,104.3,102.12370300292969,-2.1762969970703097,94.9,89.54132843017578,-5.358671569824224,95.3,97.73919677734375,2.439196777343753,57.2,58.70265579223633,1.5026557922363253,38.5,38.68814468383789,0.18814468383789062,32.6,33.69278335571289,1.0927833557128892,39.9,39.4700927734375,-0.4299072265624986
43,F,158.6,58.8,7.230299752999599,9.614188747000298,93.1,90.301025390625,-2.7989746093749943,81.2,79.68431091308594,-1.5156890869140653,92.0,94.68888092041016,2.6888809204101562,54.7,56.652381896972656,1.9523818969726534,35.6,35.553035736083984,-0.046964263916017046,32.9,30.157289505004883,-2.7427104949951158,36.2,35.25164794921875,-0.9483520507812528
210,M,170.0,61.0,7.230299752999599,9.614188747000298,91.8,93.46827697753906,1.6682769775390653,72.8,77.37384796142578,4.573847961425784,92.5,90.15158081054688,-2.348419189453125,55.2,52.70982360839844,-2.4901763916015653,37.0,35.17632293701172,-1.8236770629882812,30.8,30.1002140045166,-0.6997859954833991,38.2,38.77863693237305,0.578636932373044
4139,F,165.0,63.3,7.230299752999599,9.614188747000298,88.0,91.24447631835938,3.244476318359375,77.2,79.48674011230469,2.2867401123046847,100.4,97.87680053710938,-2.5231994628906307,60.8,58.640289306640625,-2.159710693359372,38.9,36.595542907714844,-2.304457092285155,31.0,30.550880432128906,-0.44911956787109375,35.5,36.25971221923828,0.7597122192382812
354,M,166.5,49.3,7.230299752999599,9.614188747000298,85.7,85.2170639038086,-0.4829360961914091,69.1,68.42173767089844,-0.6782623291015568,82.0,83.51079559326172,1.5107955932617188,46.2,47.34657287597656,1.1465728759765597,31.4,32.25149154663086,0.8514915466308608,27.2,26.07414436340332,-1.125855636596679,39.9,37.49875259399414,-2.401247406005858
1055,F,167.0,61.5,7.230299752999599,9.614188747000298,88.8,89.50501251220703,0.7050125122070341,74.0,76.82676696777344,2.8267669677734375,102.5,96.63906860351562,-5.860931396484375,60.1,57.42603302001953,-2.67396697998047,37.1,36.008201599121094,-1.0917984008789077,28.4,29.752704620361328,1.3527046203613295,36.7,36.381324768066406,-0.3186752319335966
584,F,162.4,55.6,7.230299752999599,9.614188747000298,89.1,86.6278076171875,-2.4721923828124943,67.4,73.54134368896484,6.141343688964838,90.2,92.90531921386719,2.7053192138671847,57.2,55.04408645629883,-2.1559135437011747,37.4,34.676673889160156,-2.7233261108398423,28.0,28.578800201416016,0.5788002014160156,37.8,35.42622756958008,-2.373772430419919
4338,M,172.8,68.5,7.230299752999599,9.614188747000298,99.0,98.03910064697266,-0.9608993530273438,84.5,82.03482818603516,-2.4651718139648438,95.5,94.01171875,-1.48828125,52.9,55.759700775146484,2.859700775146486,38.1,37.004615783691406,-1.0953842163085952,31.1,32.03180694580078,0.9318069458007798,41.0,39.55603790283203,-1.4439620971679688
3139,F,156.6,63.2,7.230299752999599,9.614188747000298,96.2,93.65872192382812,-2.541278076171878,84.4,85.09458923339844,0.6945892333984318,95.3,97.25125122070312,1.9512512207031278,53.3,58.64715576171875,5.347155761718753,35.2,36.664085388183594,1.464085388183591,28.5,31.550750732421875,3.050750732421875,37.0,35.35246276855469,-1.6475372314453125
367,M,173.6,67.9,7.230299752999599,9.614188747000298,97.1,97.56594848632812,0.4659484863281307,79.8,81.09873962402344,1.2987396240234403,95.5,93.70198822021484,-1.7980117797851562,55.1,55.438209533691406,0.33820953369140483,38.0,36.76540756225586,-1.2345924377441406,30.7,31.799266815185547,1.0992668151855476,41.0,39.6314697265625,-1.3685302734375
2890,F,156.5,51.7,7.230299752999599,9.614188747000298,87.3,85.52162170410156,-1.7783782958984347,73.2,73.1534194946289,-0.04658050537109659,93.0,90.22796630859375,-2.77203369140625,55.7,53.550559997558594,-2.149440002441409,33.2,33.625892639160156,0.4258926391601534,27.5,28.18902587890625,0.68902587890625,32.5,34.55917739868164,2.0591773986816406
3871,F,164.7,50.7,7.230299752999599,9.614188747000298,84.9,82.43734741210938,-2.4626525878906307,73.4,67.9702377319336,-5.429762268066412,90.2,89.81402587890625,-0.38597412109375284,52.1,52.320762634277344,0.22076263427734233,31.0,33.192283630371094,2.1922836303710938,27.3,26.4483642578125,-0.8516357421875007,36.0,35.37358474731445,-0.6264152526855469
3805,F,157.5,58.7,7.230299752999599,9.614188747000298,88.8,90.54441833496094,1.7444183349609403,79.2,80.36941528320312,1.1694152832031222,95.0,94.62730407714844,-0.3726959228515625,56.6,56.69145584106445,0.0914558410644517,34.6,35.520103454589844,0.9201034545898423,29.5,30.26401138305664,0.7640113830566406,34.8,35.13971710205078,0.3397171020507841
135,F,161.5,56.6,7.230299752999599,9.614188747000298,83.5,87.70100402832031,4.2010040283203125,71.7,75.27241516113281,3.5724151611328097,94.0,93.51386260986328,-0.48613739013671875,57.1,55.58767318725586,-1.512326812744142,37.0,34.948951721191406,-2.0510482788085938,29.7,29.05219078063965,-0.6478092193603509,35.9,35.41362762451172,-0.48637237548827983
3649,F,163.7,61.0,7.230299752999599,9.614188747000298,93.4,90.07569885253906,-3.324301147460943,79.7,78.1628646850586,-1.537135314941409,95.8,96.41328430175781,0.6132843017578153,56.1,57.62846374511719,1.528463745117186,35.5,36.00953674316406,0.5095367431640625,28.4,30.05935287475586,1.6593528747558608,37.5,35.95348358154297,-1.5465164184570312
47,F,164.8,49.3,7.230299752999599,9.614188747000298,83.9,81.38299560546875,-2.5170043945312557,64.0,66.73442077636719,2.7344207763671875,89.2,88.88407897949219,-0.31592102050781534,53.7,51.503238677978516,-2.196761322021487,32.7,32.808570861816406,0.10857086181640341,26.4,25.915817260742188,-0.4841827392578111,36.1,35.290748596191406,-0.8092514038085952
2323,F,153.2,59.0,7.230299752999599,9.614188747000298,91.4,91.91040802001953,0.5104080200195256,88.8,83.75569915771484,-5.044300842285153,94.8,94.5842514038086,-0.2157485961914034,59.2,56.85436248779297,-2.345637512207034,33.3,35.530338287353516,2.2303382873535185,31.5,30.82569694519043,-0.6743030548095703,34.5,34.74809265136719,0.2480926513671875
2955,M,172.1,80.5,7.230299752999599,9.614188747000298,106.2,104.70276641845703,-1.4972335815429716,88.2,92.78211212158203,4.582112121582028,98.0,100.28759002685547,2.2875900268554688,61.5,60.75923156738281,-0.7407684326171875,39.3,39.7619514465332,0.46195144653320597,36.5,34.734779357910156,-1.7652206420898438,41.2,39.94007873535156,-1.2599212646484403
4259,F,164.8,52.8,7.230299752999599,9.614188747000298,83.6,83.93557739257812,0.3355773925781307,74.9,69.73982238769531,-5.160177612304693,91.7,91.22337341308594,-0.47662658691406534,52.4,53.454559326171875,1.0545593261718764,32.9,33.796234130859375,0.8962341308593764,27.2,27.23165512084961,0.031655120849610086,35.3,35.524322509765625,0.22432250976562784
3123,F,166.4,61.6,7.230299752999599,9.614188747000298,90.2,89.68792724609375,-0.5120727539062528,80.3,77.16534423828125,-3.134655761718747,94.5,96.75942993164062,2.259429931640625,54.6,57.59834671020508,2.9983467102050767,35.3,36.0618896484375,0.7618896484375028,29.6,29.859413146972656,0.25941314697265483,35.6,36.31806182861328,0.7180618286132798
4454,F,152.8,62.5,7.230299752999599,9.614188747000298,95.1,94.17037200927734,-0.9296279907226506,88.9,87.32283020019531,-1.5771697998046932,95.8,96.65821838378906,0.8582183837890653,55.7,58.27838134765625,2.578381347656247,35.0,36.38923645019531,1.3892364501953125,31.1,31.745943069458008,0.6459430694580064,34.5,34.945430755615234,0.4454307556152344
3064,M,174.3,74.2,7.230299752999599,9.614188747000298,102.2,101.09388732910156,-1.1061126708984403,82.8,86.04328918457031,3.2432891845703153,97.7,96.96034240722656,-0.7396575927734403,60.2,57.945655822753906,-2.2543441772460966,36.8,38.15484619140625,1.3548461914062528,32.2,33.20331573486328,1.0033157348632784,40.4,40.04594421386719,-0.3540557861328111
4950,M,161.3,78.8,7.230299752999599,9.614188747000298,100.9,105.19627380371094,4.296273803710932,96.2,98.99109649658203,2.7910964965820284,102.3,100.43878173828125,-1.8612182617187472,59.3,61.154781341552734,1.8547813415527372,41.0,39.9099006652832,-1.0900993347167969,34.0,35.090065002441406,1.0900650024414062,36.4,38.456302642822266,2.056302642822267
61,F,156.4,45.1,7.230299752999599,9.614188747000298,81.3,80.13802337646484,-1.1619766235351534,66.0,65.72093963623047,-0.27906036376953125,86.0,85.99127197265625,-0.00872802734375,49.8,50.018829345703125,0.21882934570312784,30.8,31.935461044311523,1.1354610443115227,27.5,25.636491775512695,-1.8635082244873047,35.2,34.13340759277344,-1.0665924072265653
3838,M,171.7,66.2,7.230299752999599,9.614188747000298,101.1,96.67671203613281,-4.423287963867182,81.2,80.88720703125,-0.31279296875000284,91.9,92.88492584228516,0.9849258422851506,55.2,54.88538360595703,-0.3146163940429716,34.0,36.48461151123047,2.4846115112304688,31.2,31.497840881347656,0.29784088134765696,41.1,39.28924560546875,-1.8107543945312514
3706,M,175.1,64.2,7.230299752999599,9.614188747000298,91.5,95.0653076171875,3.5653076171875,81.3,77.27630615234375,-4.023693847656247,93.0,91.6549072265625,-1.3450927734375,52.7,53.68336486816406,0.9833648681640597,34.4,35.67121124267578,1.2712112426757827,30.0,30.600666046142578,0.6006660461425781,41.4,39.67810821533203,-1.7218917846679673
95,M,172.7,63.7,7.230299752999599,9.614188747000298,94.7,94.96277618408203,0.2627761840820284,77.7,78.15495300292969,0.45495300292968466,92.4,91.59451293945312,-0.8054870605468807,54.7,53.755863189697266,-0.9441368103027372,36.5,35.75031280517578,-0.7496871948242188,30.5,30.691051483154297,0.19105148315429688,40.8,39.28833770751953,-1.511662292480466
478,M,170.1,75.1,7.230299752999599,9.614188747000298,107.5,102.0428466796875,-5.4571533203125,83.6,89.45126342773438,5.851263427734381,96.6,97.6877212524414,1.087721252441412,59.8,58.64808654785156,-1.1519134521484347,39.8,38.66361999511719,-1.1363800048828097,36.2,33.65986633300781,-2.5401336669921903,40.9,39.458213806152344,-1.4417861938476548
1818,M,162.0,75.0,7.230299752999599,9.614188747000298,108.7,103.02238464355469,-5.677615356445315,98.5,95.05810546875,-3.44189453125,97.6,98.09890747070312,0.4989074707031307,54.1,59.264427185058594,5.164427185058592,38.2,39.05545425415039,0.8554542541503878,35.6,34.22343826293945,-1.3765617370605483,40.2,38.39527893066406,-1.8047210693359403
2877,M,162.5,63.5,7.230299752999599,9.614188747000298,95.3,95.95088958740234,0.6508895874023466,71.0,84.44284057617188,13.442840576171875,89.5,91.61395263671875,2.11395263671875,55.2,54.485328674316406,-0.7146713256835966,37.0,36.193817138671875,-0.806182861328125,29.8,31.502437591552734,1.7024375915527337,36.3,37.92964172363281,1.6296417236328153
907,F,163.8,51.3,7.230299752999599,9.614188747000298,83.5,83.06951141357422,-0.43048858642578125,71.0,68.81008911132812,-2.189910888671875,90.4,90.21675109863281,-0.18324890136719318,54.3,52.79360580444336,-1.5063941955566378,32.1,33.39348220825195,1.2934822082519517,26.5,26.814876556396484,0.3148765563964844,35.7,35.30417251586914,-0.3958274841308622
4811,M,179.7,88.2,7.230299752999599,9.614188747000298,103.4,107.46931457519531,4.069314575195307,95.2,94.265869140625,-0.9341308593750028,103.0,103.26402282714844,0.2640228271484375,61.0,62.795902252197266,1.7959022521972656,38.8,40.864105224609375,2.064105224609378,37.5,35.81201171875,-1.68798828125,40.7,41.30236053466797,0.6023605346679659
1962,M,177.4,80.9,7.230299752999599,9.614188747000298,108.8,104.20840454101562,-4.591595458984372,94.5,89.76927947998047,-4.730720520019531,100.5,100.14735412597656,-0.3526458740234375,61.3,60.33942413330078,-0.9605758666992159,39.3,39.43474578857422,0.1347457885742216,34.8,34.45051193237305,-0.3494880676269503,42.8,40.749996185302734,-2.050003814697263
2146,F,156.5,81.9,7.230299752999599,9.614188747000298,104.6,104.30429077148438,-0.2957092285156193,107.3,100.68223571777344,-6.61776428222656,107.6,108.69509887695312,1.0950988769531307,67.3,67.27592468261719,-0.024075317382809658,41.6,41.18780517578125,-0.4121948242187514,34.8,36.24541473388672,1.4454147338867216,34.4,36.40545654296875,2.0054565429687514
4017,M,176.7,91.7,7.230299752999599,9.614188747000298,106.3,109.55845642089844,3.2584564208984403,100.6,98.87249755859375,-1.7275024414062443,103.8,105.13916778564453,1.339167785644534,63.6,64.40763854980469,0.8076385498046861,41.1,41.79795455932617,0.6979545593261705,36.1,36.719539642333984,0.619539642333983,38.8,40.9714469909668,2.1714469909667997
798,F,166.1,59.2,7.230299752999599,9.614188747000298,85.9,88.14617919921875,2.2461791992187443,74.4,75.21923828125,0.8192382812499943,95.9,95.18763732910156,-0.7123626708984432,56.1,56.45061492919922,0.35061492919921733,37.5,35.447505950927734,-2.0524940490722656,28.6,29.171127319335938,0.5711273193359361,34.6,36.118648529052734,1.518648529052733
322,M,163.4,62.6,7.230299752999599,9.614188747000298,99.6,95.24398803710938,-4.356011962890619,76.9,82.89923095703125,5.999230957031244,89.5,91.09647369384766,1.5964736938476562,55.6,54.01304626464844,-1.586953735351564,36.5,35.92103576660156,-0.5789642333984375,33.0,31.195201873779297,-1.8047981262207031,39.1,38.01838684082031,-1.081613159179689
3855,F,149.0,50.4,7.230299752999599,9.614188747000298,88.5,86.50582885742188,-1.994171142578125,79.0,76.68428039550781,-2.3157196044921875,83.6,89.20413970947266,5.604139709472662,48.2,53.11549377441406,4.91549377441406,30.5,33.24900436401367,2.749004364013672,28.4,28.476497650146484,0.0764976501464858,34.3,33.86649703979492,-0.4335029602050753
2304,F,159.0,56.1,7.230299752999599,9.614188747000298,91.8,88.17111206054688,-3.628887939453122,82.8,76.57915496826172,-6.220845031738278,90.2,93.13674926757812,2.936749267578122,52.3,55.44820022583008,3.148200225830081,35.8,34.851051330566406,-0.9489486694335909,30.1,29.259370803833008,-0.8406291961669936,36.5,35.115081787109375,-1.384918212890625
842,M,173.4,77.2,7.230299752999599,9.614188747000298,100.8,102.81031799316406,2.0103179931640653,84.2,89.11080932617188,4.910809326171872,96.3,98.50286865234375,2.202868652343753,59.0,59.26292419433594,0.2629241943359375,41.0,38.91385269165039,-2.0861473083496094,34.7,33.91741180419922,-0.7825881958007841,38.2,40.017581939697266,1.8175819396972628
1833,F,154.2,49.7,7.230299752999599,9.614188747000298,84.5,84.61890411376953,0.11890411376953125,74.1,72.25428771972656,-1.8457122802734318,90.7,88.87614440917969,-1.8238555908203153,56.9,52.65404510498047,-4.24595489501953,32.9,33.089088439941406,0.18908843994140767,28.1,27.806676864624023,-0.293323135375978,34.5,34.238468170166016,-0.2615318298339844
1765,F,152.4,59.7,7.230299752999599,9.614188747000298,90.7,92.55377960205078,1.8537796020507784,93.2,84.957275390625,-8.242724609375003,92.2,94.88977813720703,2.6897781372070284,56.5,57.098419189453125,0.598419189453125,36.6,35.692256927490234,-0.907743072509767,30.2,31.067546844482422,0.8675468444824226,34.5,34.734439849853516,0.23443984985351562
1057,F,164.4,53.9,7.230299752999599,9.614188747000298,84.7,84.80569458007812,0.10569458007812216,69.8,70.90231323242188,1.1023132324218778,94.6,91.97174835205078,-2.628251647949213,54.5,54.084312438964844,-0.41568756103515625,34.2,34.1221809387207,-0.07781906127929972,28.9,27.68529510498047,-1.2147048950195298,33.2,35.5504150390625,2.350415039062497
1438,M,179.8,88.5,7.230299752999599,9.614188747000298,113.3,107.61672973632812,-5.683270263671872,94.6,94.36112976074219,-0.23887023925780682,102.4,103.49576568603516,1.0957656860351506,64.8,62.92259979248047,-1.8774002075195284,38.9,40.900535583496094,2.000535583496095,37.0,35.867279052734375,-1.132720947265625,42.2,41.32125473022461,-0.8787452697753935
1371,M,167.8,58.1,7.230299752999599,9.614188747000298,90.0,91.7389144897461,1.7389144897460938,77.0,76.02197265625,-0.97802734375,89.8,88.69561004638672,-1.1043899536132784,52.7,51.55337905883789,-1.1466209411621122,33.8,34.598209381103516,0.7982093811035185,29.3,29.31143569946289,0.011435699462889914,38.2,38.27748489379883,0.07748489379882528
2217,F,158.7,47.6,7.230299752999599,9.614188747000298,80.3,81.54513549804688,1.2451354980468778,72.9,67.2640380859375,-5.635961914062506,85.3,87.75144958496094,2.4514495849609403,54.0,51.30997085571289,-2.6900291442871094,31.8,32.56724166870117,0.7672416687011712,27.1,26.286094665527344,-0.8139053344726577,34.7,34.504329681396484,-0.19567031860351847
291,F,156.0,49.9,7.230299752999599,9.614188747000298,82.0,84.21394348144531,2.2139434814453125,68.2,71.17901611328125,2.979016113281247,93.2,89.10675048828125,-4.093249511718753,52.8,52.74574661254883,-0.05425338745116903,34.4,33.19068145751953,-1.2093185424804673,28.0,27.601036071777344,-0.39896392822265625,36.0,34.37662124633789,-1.6233787536621094
3347,F,156.3,49.5,7.230299752999599,9.614188747000298,84.4,83.80818939208984,-0.5918106079101619,71.3,70.54156494140625,-0.7584350585937472,86.5,88.89836120605469,2.3983612060546875,50.1,52.5401611328125,2.4401611328124986,31.8,33.09346389770508,1.2934638977050774,27.3,27.422330856323242,0.12233085632324148,35.2,34.37810134887695,-0.8218986511230497
5033,F,162.3,46.1,7.230299752999599,9.614188747000298,76.7,79.52925109863281,2.8292510986328097,64.5,64.7714614868164,0.27146148681640625,91.5,86.73802947998047,-4.761970520019531,52.0,50.00697708129883,-1.9930229187011719,31.7,32.09685134887695,0.39685134887695384,22.9,25.05777359008789,2.157773590087892,32.7,34.78118896484375,2.081188964843747
533,M,180.0,68.8,7.230299752999599,9.614188747000298,97.2,97.42259979248047,0.2225997924804659,77.5,78.151611328125,0.651611328125,94.1,93.86517333984375,-0.23482666015624432,55.3,55.19426345825195,-0.10573654174804403,35.0,36.49848556518555,1.4984855651855469,30.5,31.410051345825195,0.9100513458251953,39.3,40.60791015625,1.3079101562500028
4229,F,151.8,56.6,7.230299752999599,9.614188747000298,90.6,90.56765747070312,-0.032342529296869316,78.5,82.23953247070312,3.739532470703125,94.2,93.08280944824219,-1.1171905517578153,53.0,55.761863708496094,2.7618637084960938,35.9,34.92664337158203,-0.9733566284179673,28.6,30.219268798828125,1.6192687988281236,36.3,34.47228240966797,-1.8277175903320284
4641,F,163.1,63.0,7.230299752999599,9.614188747000298,91.7,91.59675598144531,-0.10324401855469034,86.0,80.36268615722656,-5.6373138427734375,91.5,97.66400146484375,6.16400146484375,50.5,58.63220977783203,8.132209777832031,35.3,36.567474365234375,1.2674743652343778,30.2,30.701993942260742,0.5019939422607429,36.1,36.02211380004883,-0.0778861999511733
2222,F,153.8,60.3,7.230299752999599,9.614188747000298,92.7,92.57899475097656,-0.12100524902344034,90.7,84.52800750732422,-6.171992492675784,91.2,95.31944274902344,4.119442749023435,52.8,57.3634033203125,4.563403320312503,33.9,35.861549377441406,1.9615493774414077,30.7,31.114421844482422,0.4144218444824226,35.8,34.90300750732422,-0.8969924926757784
4071,F,163.5,61.6,7.230299752999599,9.614188747000298,91.5,90.53129577636719,-0.9687042236328125,81.6,78.82612609863281,-2.773873901367182,97.7,96.8148193359375,-0.8851806640625028,57.0,57.95050048828125,0.95050048828125,36.8,36.16975021362305,-0.6302497863769503,30.5,30.241382598876953,-0.2586174011230469,35.8,35.97390365600586,0.17390365600586222
3226,F,156.9,47.2,7.230299752999599,9.614188747000298,86.4,81.78459167480469,-4.615408325195318,67.8,67.74365997314453,-0.05634002685546591,86.7,87.40264892578125,0.7026489257812472,51.6,51.25543212890625,-0.3445678710937514,30.8,32.4427375793457,1.6427375793457024,26.2,26.494192123413086,0.29419212341308665,34.1,34.30414581298828,0.20414581298827983
4405,M,163.8,57.2,7.230299752999599,9.614188747000298,92.7,91.67694091796875,-1.0230590820312528,72.8,77.6738510131836,4.873851013183597,87.9,88.17250061035156,0.2725006103515568,51.9,51.47348403930664,-0.42651596069335795,34.6,34.528114318847656,-0.07188568115234517,29.1,29.499282836914062,0.3992828369140611,37.9,37.75764465332031,-0.14235534667968608
4181,M,179.2,89.5,7.230299752999599,9.614188747000298,105.5,108.18879699707031,2.6887969970703125,96.2,95.55636596679688,-0.6436340332031278,102.5,103.94186401367188,1.441864013671875,61.0,63.33234786987305,2.332347869873047,41.2,41.17985534667969,-0.020144653320315342,35.5,36.112396240234375,0.612396240234375,42.6,41.27433776855469,-1.325662231445314
810,M,173.0,71.1,7.230299752999599,9.614188747000298,97.0,99.50780487060547,2.5078048706054688,77.8,84.18550109863281,6.385501098632815,99.5,95.32846069335938,-4.171539306640625,59.3,56.77490234375,-2.525097656249997,38.7,37.59466552734375,-1.1053344726562528,32.9,32.620365142822266,-0.27963485717773295,40.7,39.70625305175781,-0.9937469482421903
428,F,167.7,93.2,7.230299752999599,9.614188747000298,107.8,106.88633728027344,-0.9136627197265597,99.9,100.53346252441406,0.6334625244140568,118.2,113.47996520996094,-4.720034790039065,73.3,70.11992645263672,-3.1800735473632784,42.5,43.21825408935547,0.7182540893554688,37.3,37.722900390625,0.42290039062500284,39.1,37.772361755371094,-1.3276382446289077
1075,F,165.1,56.9,7.230299752999599,9.614188747000298,87.5,86.8397216796875,-0.6602783203125,74.5,73.51200866699219,-0.9879913330078125,94.0,93.72966003417969,-0.2703399658203125,54.8,55.44963836669922,0.6496383666992216,34.7,34.909263610839844,0.2092636108398409,29.5,28.599266052246094,-0.9007339477539062,37.8,35.83549118041992,-1.9645088195800753
2907,F,169.7,56.7,7.230299752999599,9.614188747000298,84.2,85.63457489013672,1.434574890136716,70.2,71.42416381835938,1.2241638183593722,92.3,93.48619842529297,1.1861984252929716,54.0,54.708290100097656,0.7082901000976562,33.9,34.607582092285156,0.7075820922851577,28.4,27.869762420654297,-0.5302375793457017,35.4,36.39582443237305,0.9958244323730483
4361,F,158.3,54.4,7.230299752999599,9.614188747000298,89.4,87.06431579589844,-2.335684204101568,72.1,75.18299102783203,3.082991027832037,91.9,92.03375244140625,0.13375244140624432,54.7,54.6967658996582,-0.003234100341799717,33.8,34.39098358154297,0.5909835815429716,28.2,28.82309913635254,0.6230991363525398,31.2,34.91932678222656,3.719326782226563
2728,F,158.0,62.7,7.230299752999599,9.614188747000298,91.1,92.9559326171875,1.8559326171875057,83.9,83.6610107421875,-0.23898925781250568,98.0,97.05543518066406,-0.9445648193359375,64.0,58.4840087890625,-5.5159912109375,36.3,36.532470703125,0.23247070312500284,33.3,31.26978302001953,-2.030216979980466,34.9,35.46305847167969,0.5630584716796889
2860,M,163.5,64.8,7.230299752999599,9.614188747000298,95.4,96.63548278808594,1.2354827880859318,87.6,85.03418731689453,-2.565812683105463,90.7,92.33341979980469,1.6334197998046847,54.3,54.95640563964844,0.6564056396484403,37.8,36.54096603393555,-1.2590339660644503,30.1,31.755199432373047,1.6551994323730455,34.5,38.14446258544922,3.6444625854492188
1293,F,159.3,57.4,7.230299752999599,9.614188747000298,89.4,89.0539779663086,-0.34602203369141193,70.1,77.77140808105469,7.671408081054693,96.5,93.92549133300781,-2.5745086669921875,59.2,56.04758834838867,-3.152411651611331,35.3,35.17134094238281,-0.12865905761718466,29.0,29.61528778076172,0.6152877807617188,35.6,35.23460388183594,-0.3653961181640639
2288,F,157.6,69.3,7.230299752999599,9.614188747000298,102.8,97.16853332519531,-5.631466674804685,98.8,89.74600982666016,-9.053990173339841,97.7,100.95927429199219,3.2592742919921847,59.6,61.56605529785156,1.966055297851561,37.1,38.1881103515625,1.0881103515624986,32.4,33.104190826416016,0.704190826416017,36.5,35.86408615112305,-0.6359138488769531
2905,F,166.5,44.1,7.230299752999599,9.614188747000298,78.5,77.18106842041016,-1.3189315795898438,62.0,62.31840896606445,0.3184089660644531,83.2,85.22621154785156,2.0262115478515597,47.6,48.30282211303711,0.702822113037108,30.4,31.463531494140625,1.0635314941406264,25.5,23.760509490966797,-1.7394905090332031,33.9,35.15290832519531,1.252908325195314
4264,F,158.2,53.8,7.230299752999599,9.614188747000298,87.8,86.6255874633789,-1.174412536621091,78.7,74.5322265625,-4.167773437500003,89.8,91.67963409423828,1.879634094238284,50.6,54.45404052734375,3.8540405273437486,35.1,34.21866989135742,-0.8813301086425795,28.3,28.637191772460938,0.3371917724609368,32.9,34.86254119873047,1.9625411987304702
2677,F,157.8,54.7,7.230299752999599,9.614188747000298,84.8,87.4713134765625,2.671313476562503,72.3,75.93434143066406,3.6343414306640653,94.9,92.16171264648438,-2.7382873535156307,59.6,54.84150695800781,-4.758493041992189,35.5,34.48778533935547,-1.0122146606445312,29.5,28.991771697998047,-0.5082283020019531,33.3,34.881202697753906,1.581202697753909
4084,F,160.3,72.4,7.230299752999599,9.614188747000298,97.7,98.26553344726562,0.5655334472656222,96.2,90.11549377441406,-6.08450622558594,106.3,102.88782501220703,-3.412174987792966,68.2,63.011383056640625,-5.188616943359378,38.3,38.89646911621094,0.5964691162109403,33.2,33.6358642578125,0.43586425781249716,35.8,36.30780029296875,0.5078002929687528
1499,M,175.9,95.5,7.230299752999599,9.614188747000298,110.0,111.37456512451172,1.3745651245117188,99.2,102.13908386230469,2.9390838623046847,106.6,107.05935668945312,0.4593566894531307,67.1,65.96914672851562,-1.1308532714843693,43.4,42.60947036743164,-0.790529632568358,38.0,37.58120346069336,-0.4187965393066406,43.7,40.95180130004883,-2.7481986999511747
3458,F,160.0,49.0,7.230299752999599,9.614188747000298,82.6,82.31838989257812,-0.2816101074218693,67.2,68.21682739257812,1.0168273925781222,86.5,88.67101287841797,2.1710128784179688,50.8,51.96802520751953,1.168025207519534,34.5,32.869659423828125,-1.630340576171875,26.4,26.637413024902344,0.23741302490234517,33.3,34.728660583496094,1.4286605834960966
3151,M,174.6,66.4,7.230299752999599,9.614188747000298,95.0,96.55073547363281,1.5507354736328125,75.8,79.37956237792969,3.5795623779296903,94.7,92.95213317871094,-1.7478668212890653,55.5,54.74244689941406,-0.7575531005859375,37.5,36.286537170410156,-1.2134628295898438,30.8,31.294483184814453,0.4944831848144524,40.4,39.70051574707031,-0.6994842529296861
4685,F,165.8,62.6,7.230299752999599,9.614188747000298,90.5,90.57245635986328,0.07245635986328125,87.5,78.43894958496094,-9.061050415039062,98.4,97.40966796875,-0.9903320312500057,57.4,58.19365692138672,0.7936569213867202,35.2,36.33627700805664,1.1362770080566378,27.8,30.25448989868164,2.45448989868164,37.5,36.31079864501953,-1.1892013549804688
5011,M,171.2,64.4,7.230299752999599,9.614188747000298,92.4,95.55764770507812,3.1576477050781193,84.0,79.63694763183594,-4.3630523681640625,92.7,91.99525451660156,-0.7047454833984403,52.1,54.174888610839844,2.0748886108398423,36.5,36.009849548339844,-0.49015045166015625,29.5,31.032560348510742,1.5325603485107422,38.9,39.117610931396484,0.2176109313964858
2638,F,161.2,49.9,7.230299752999599,9.614188747000298,88.7,82.67953491210938,-6.020465087890628,71.8,68.55693054199219,-3.2430694580078097,88.2,89.30506896972656,1.1050689697265597,50.7,52.368167877197266,1.6681678771972628,31.2,33.09673309326172,1.8967330932617195,28.6,26.752582550048828,-1.8474174499511733,34.4,34.90690612792969,0.5069061279296889
2267,F,151.4,78.6,7.230299752999599,9.614188747000298,103.6,103.68632507324219,0.08632507324219318,104.0,102.53739929199219,-1.4626007080078125,104.7,107.12614440917969,2.4261444091796847,63.9,65.90049743652344,2.000497436523439,41.0,40.376792907714844,-0.6232070922851562,37.0,35.84309387207031,-1.1569061279296875,36.1,35.77680206298828,-0.32319793701172017
1420,F,155.6,52.0,7.230299752999599,9.614188747000298,86.5,86.01249694824219,-0.4875030517578125,74.8,74.15330505371094,-0.6466949462890597,90.5,90.37904357910156,-0.1209564208984375,56.2,53.69593048095703,-2.5040695190429716,31.5,33.74307632446289,2.2430763244628906,27.8,28.37110137939453,0.5711013793945305,31.5,34.47737121582031,2.9773712158203125
800,F,163.0,66.9,7.230299752999599,9.614188747000298,95.0,94.19941711425781,-0.8005828857421875,79.8,83.79580688476562,3.995806884765628,102.2,99.89334869384766,-2.3066513061523466,61.1,60.50577163696289,-0.5942283630371108,37.7,37.604698181152344,-0.09530181884765909,32.2,31.815324783325195,-0.38467521667480753,36.5,36.27155303955078,-0.22844696044921875
1504,M,182.0,83.1,7.230299752999599,9.614188747000298,106.8,104.68085479736328,-2.119145202636716,84.4,88.75418090820312,4.354180908203119,99.4,100.89419555664062,1.4941955566406193,62.0,60.74663162231445,-1.2533683776855469,40.6,39.648826599121094,-0.9511734008789077,37.3,34.63148880004883,-2.668511199951169,42.0,41.42556381225586,-0.5744361877441406
3879,F,162.9,71.7,7.230299752999599,9.614188747000298,94.0,97.1277084350586,3.1277084350585938,94.7,87.70093536376953,-6.999064636230472,97.7,102.42951965332031,4.72951965332031,57.1,62.60163116455078,5.50163116455078,36.8,38.68941879272461,1.8894187927246122,33.2,33.14554977416992,-0.05445022583008097,35.1,36.549095153808594,1.4490951538085923
1322,F,166.1,53.1,7.230299752999599,9.614188747000298,88.3,83.877197265625,-4.422802734374997,72.2,69.5654296875,-2.634570312500003,92.9,91.37617492675781,-1.5238250732421932,53.3,53.408226013183594,0.10822601318359659,32.2,33.798316955566406,1.5983169555664034,27.8,27.139266967773438,-0.6607330322265632,36.4,35.70758056640625,-0.6924194335937486
1255,F,160.1,61.8,7.230299752999599,9.614188747000298,93.4,91.78227233886719,-1.6177276611328182,76.5,81.35108947753906,4.8510894775390625,95.0,96.70486450195312,1.704864501953125,56.9,58.109004974365234,1.2090049743652358,37.9,36.30598068237305,-1.5940193176269517,28.8,30.784719467163086,1.9847194671630852,36.8,35.60978698730469,-1.1902130126953097
2328,F,147.1,55.6,7.230299752999599,9.614188747000298,89.8,90.9174575805664,1.117457580566409,82.0,84.47737121582031,2.4773712158203125,93.4,92.37115478515625,-1.0288452148437557,57.0,55.558013916015625,-1.441986083984375,36.8,34.54292678833008,-2.257073211669919,32.5,30.35663604736328,-2.1433639526367188,31.5,34.05202865600586,2.5520286560058594
2520,F,154.0,60.5,7.230299752999599,9.614188747000298,97.2,92.65137481689453,-4.548625183105472,81.3,84.55567932128906,3.2556793212890653,95.0,95.4544448852539,0.45444488525390625,60.3,57.44496154785156,-2.8550384521484347,36.0,35.913002014160156,-0.08699798583984375,31.8,31.145736694335938,-0.6542633056640632,34.2,34.934608459472656,0.7346084594726534
1074,F,156.3,43.0,7.230299752999599,9.614188747000298,79.3,78.51083374023438,-0.7891662597656222,65.8,63.783050537109375,-2.016949462890622,83.9,84.46157836914062,0.5615783691406193,48.2,48.79083251953125,0.5908325195312472,30.6,31.21450424194336,0.614504241943358,25.4,24.753089904785156,-0.6469100952148423,35.6,34.001930236816406,-1.5980697631835952
2361,F,165.1,67.7,7.230299752999599,9.614188747000298,96.2,94.15924072265625,-2.040759277343753,81.7,83.14410400390625,1.4441040039062472,96.5,100.31570434570312,3.815704345703125,60.2,60.6340446472168,0.43404464721679403,38.8,37.736236572265625,-1.0637634277343722,33.1,31.778322219848633,-1.3216777801513686,38.0,36.548946380615234,-1.4510536193847656
1220,M,181.6,65.2,7.230299752999599,9.614188747000298,100.5,94.95787811279297,-5.542121887207031,76.6,74.50700378417969,-2.092996215820307,92.3,91.85771179199219,-0.44228820800780966,54.3,53.53704071044922,-0.7629592895507784,34.2,35.5909423828125,1.3909423828124972,31.2,30.209083557128906,-0.990916442871093,39.6,40.625526428222656,1.0255264282226548
931,F,158.1,47.6,7.230299752999599,9.614188747000298,84.4,81.7484359741211,-2.651564025878912,69.0,67.6436767578125,-1.3563232421875,88.4,87.68006134033203,-0.7199386596679744,53.33,51.34710693359375,-1.9828930664062483,32.1,32.53642654418945,0.4364265441894517,26.5,26.440608978271484,-0.059391021728515625,32.8,34.45133590698242,1.6513359069824247
1813,M,161.2,62.5,7.230299752999599,9.614188747000298,96.4,95.57477569580078,-0.8252243041992244,89.8,84.41657257080078,-5.383427429199216,87.7,91.0732421875,3.373242187499997,55.4,54.270503997802734,-1.1294960021972642,36.4,35.943973541259766,-0.45602645874023295,31.5,31.360843658447266,-0.13915634155273438,37.8,37.71629333496094,-0.08370666503905966
2305,F,157.0,52.4,7.230299752999599,9.614188747000298,86.3,85.91282653808594,-0.38717346191405966,74.4,73.60335540771484,-0.7966445922851619,90.2,90.73048400878906,0.5304840087890597,54.3,53.86931610107422,-0.4306838989257784,35.2,33.837276458740234,-1.3627235412597685,29.7,28.344684600830078,-1.3553153991699212,35.6,34.64344024658203,-0.9565597534179702
4207,M,176.6,69.2,7.230299752999599,9.614188747000298,97.6,98.07858276367188,0.4785827636718807,86.0,80.3991928100586,-5.600807189941406,93.1,94.23633575439453,1.136335754394537,50.5,55.691650390625,5.191650390625,34.5,36.84986114501953,2.3498611450195312,28.7,31.8933162689209,3.193316268920899,42.1,40.14844512939453,-1.9515548706054702
2245,F,152.0,74.3,7.230299752999599,9.614188747000298,99.9,101.31575012207031,1.4157501220703068,103.0,98.47782135009766,-4.522178649902344,109.7,104.30194091796875,-5.398059082031253,66.5,63.89411163330078,-2.6058883666992188,38.2,39.35271453857422,1.152714538574216,32.2,34.77960205078125,2.579602050781247,34.6,35.636695861816406,1.0366958618164048
70,M,170.4,62.7,7.230299752999599,9.614188747000298,97.0,94.50320434570312,-2.496795654296875,77.5,78.60506439208984,1.1050643920898438,92.9,91.14356994628906,-1.7564300537109432,53.8,53.505210876464844,-0.2947891235351534,35.6,35.60697937011719,0.006979370117186079,32.9,30.57381820678711,-2.326181793212889,40.1,38.89970016479492,-1.2002998352050795
1477,M,164.4,66.2,7.230299752999599,9.614188747000298,98.4,97.39332580566406,-1.0066741943359432,82.2,85.75654602050781,3.5565460205078097,95.5,93.0270767211914,-2.4729232788085938,59.2,55.39457321166992,-3.805426788330081,37.2,36.912879943847656,-0.2871200561523466,33.2,32.054412841796875,-1.1455871582031278,35.9,38.32939147949219,2.429391479492189
4357,F,140.4,56.5,7.230299752999599,9.614188747000298,88.1,92.86621856689453,4.766218566894537,87.3,90.45457458496094,3.1545745849609403,101.7,93.03977966308594,-8.660220336914065,59.5,56.656097412109375,-2.843902587890625,35.3,34.6810188293457,-0.618981170654294,30.8,31.20090675354004,0.40090675354003835,31.4,33.64576721191406,2.245767211914064
2988,F,155.2,42.6,7.230299752999599,9.614188747000298,80.2,78.40133666992188,-1.7986633300781278,68.5,63.732269287109375,-4.767730712890625,83.8,84.18904113769531,0.38904113769531534,47.7,48.584938049316406,0.8849380493164034,30.7,31.14148712158203,0.44148712158203196,24.3,24.710355758666992,0.4103557586669915,30.9,33.87937927246094,2.979379272460939
3245,F,161.0,65.0,7.230299752999599,9.614188747000298,89.9,93.63214111328125,3.7321411132812443,80.5,83.61650085449219,3.1165008544921875,102.5,98.72797393798828,-3.7720260620117188,62.6,59.659053802490234,-2.940946197509767,36.9,37.15387725830078,0.25387725830078267,30.0,31.510833740234375,1.510833740234375,36.3,35.937530517578125,-0.36246948242187216
4831,M,171.0,66.6,7.230299752999599,9.614188747000298,97.8,96.98846435546875,-0.8115356445312472,86.5,81.57495880126953,-4.925041198730469,88.4,93.10334777832031,4.703347778320307,51.3,55.10243225097656,3.8024322509765653,34.0,36.646034240722656,2.6460342407226562,32.3,31.658649444580078,-0.641350555419919,39.3,39.20753479003906,-0.09246520996093466
1941,F,160.0,52.8,7.230299752999599,9.614188747000298,85.3,85.23423767089844,-0.06576232910155966,77.4,72.0387954711914,-5.361204528808599,92.6,91.13016510009766,-1.469834899902338,58.9,53.93408966064453,-4.965910339355467,33.0,33.94490051269531,0.9449005126953125,28.5,27.98941421508789,-0.5105857849121094,33.7,34.967079162597656,1.2670791625976534
1870,F,155.3,55.3,7.230299752999599,9.614188747000298,87.0,88.70553588867188,1.705535888671875,79.1,78.50070190429688,-0.5992980957031193,96.1,92.4178466796875,-3.6821533203124943,60.3,55.158287048339844,-5.141712951660153,33.8,34.62625503540039,0.8262550354003935,20.3,29.48598289489746,9.18598289489746,35.5,34.68602752685547,-0.8139724731445312
4681,F,163.9,58.6,7.230299752999599,9.614188747000298,87.1,88.38825225830078,1.288252258300787,74.1,75.84526824951172,1.7452682495117244,98.0,94.78782653808594,-3.2121734619140625,57.2,56.40785217285156,-0.7921478271484403,35.4,35.403385162353516,0.003385162353517046,27.9,29.321393966674805,1.421393966674806,36.0,35.81660461425781,-0.1833953857421875
807,M,173.5,78.7,7.230299752999599,9.614188747000298,98.7,103.58049774169922,4.880497741699216,90.2,90.34544372558594,0.14544372558593466,101.0,99.28429412841797,-1.7157058715820312,62.7,59.874122619628906,-2.8258773803710966,41.8,39.25535202026367,-2.5446479797363253,33.3,34.23532485961914,0.9353248596191435,41.0,40.0933837890625,-0.9066162109375
3524,M,168.5,83.8,7.230299752999599,9.614188747000298,100.7,106.84192657470703,6.141926574707028,99.3,97.8866958618164,-1.413304138183591,106.4,102.26002502441406,-4.139974975585943,66.4,62.504791259765625,-3.8952087402343807,42.4,40.72371292114258,-1.6762870788574205,35.1,35.66925811767578,0.5692581176757798,36.4,39.54069519042969,3.140695190429689
3790,F,161.0,53.5,7.230299752999599,9.614188747000298,83.3,85.50907135009766,2.209071350097659,72.0,72.24829864501953,0.24829864501953125,92.8,91.57745361328125,-1.2225463867187472,52.8,54.14687728881836,1.3468772888183622,33.0,34.108604431152344,1.1086044311523438,28.1,28.087942123413086,-0.012057876586915484,34.1,35.12400817871094,1.024008178710936
1729,M,177.7,81.6,7.230299752999599,9.614188747000298,105.4,104.52862548828125,-0.8713745117187557,93.2,90.14623260498047,-3.053767395019534,103.8,100.41249084472656,-3.3875091552734347,61.0,60.57210159301758,-0.4278984069824219,40.7,39.5864372253418,-1.113562774658206,36.3,34.582977294921875,-1.7170227050781222,42.6,40.815677642822266,-1.7843223571777358
711,F,171.3,58.4,7.230299752999599,9.614188747000298,91.0,86.55825805664062,-4.441741943359375,71.0,72.28402709960938,1.284027099609375,94.7,94.50022888183594,-0.19977111816406534,55.8,55.31739807128906,-0.48260192871093466,33.7,34.98345947265625,1.2834594726562472,27.0,28.198070526123047,1.1980705261230469,36.1,36.68617630004883,0.5861763000488267
1215,M,173.7,77.3,7.230299752999599,9.614188747000298,103.5,102.82125854492188,-0.678741455078125,83.4,89.02649688720703,5.626496887207026,99.5,98.57260131835938,-0.927398681640625,60.0,59.28430938720703,-0.7156906127929688,41.3,38.907997131347656,-2.392002868652341,33.6,33.90546417236328,0.30546417236327983,40.0,40.075992584228516,0.07599258422851562
3455,F,157.1,56.5,7.230299752999599,9.614188747000298,83.7,89.0980453491211,5.398045349121091,69.5,78.48873901367188,8.988739013671875,93.3,93.25999450683594,-0.04000549316405966,55.7,55.676734924316406,-0.023265075683596592,38.1,34.972259521484375,-3.1277404785156264,28.7,29.65174102783203,0.951741027832032,34.9,34.94364929199219,0.04364929199218892
3148,M,167.3,74.6,7.230299752999599,9.614188747000298,105.7,102.10591888427734,-3.594081115722659,83.4,91.03099060058594,7.630990600585932,96.9,97.47381591796875,0.5738159179687443,60.6,58.577239990234375,-2.0227600097656264,39.1,38.74053955078125,-0.3594604492187514,36.3,33.74144744873047,-2.5585525512695284,35.8,39.062217712402344,3.2622177124023466
3907,M,175.6,88.6,7.230299752999599,9.614188747000298,101.8,108.25398254394531,6.453982543945315,96.8,97.07569885253906,0.27569885253906534,103.5,103.83788299560547,0.33788299560546875,64.3,63.45060348510742,-0.8493965148925753,43.2,41.24622344970703,-1.9537765502929716,34.7,36.17848205566406,1.4784820556640597,40.9,40.709320068359375,-0.19067993164062358
4215,F,164.0,56.7,7.230299752999599,9.614188747000298,89.9,86.94161224365234,-2.958387756347662,71.6,73.78787231445312,2.1878723144531307,93.8,93.67378234863281,-0.12621765136718466,55.4,55.48481750488281,0.08481750488281392,35.9,34.90752029418945,-0.9924797058105455,27.9,28.67436408996582,0.7743640899658217,37.6,35.6888427734375,-1.9111572265625014
4220,F,157.4,49.7,7.230299752999599,9.614188747000298,80.3,83.60205841064453,3.302058410644534,69.1,70.1419906616211,1.0419906616210994,92.8,89.03507995605469,-3.7649200439453097,54.8,52.58647537231445,-2.213524627685544,34.5,33.10462188720703,-1.3953781127929688,26.3,27.355886459350586,1.0558864593505852,32.8,34.50151443481445,1.701514434814456
4627,M,159.2,61.9,7.230299752999599,9.614188747000298,90.7,95.63916778564453,4.939167785644528,88.6,85.37187957763672,-3.2281204223632756,91.3,90.6639633178711,-0.6360366821289034,54.4,54.28445053100586,-0.1155494689941392,34.1,35.80691146850586,1.706911468505858,30.6,31.421955108642578,0.8219551086425767,36.2,37.46112823486328,1.2611282348632784
4475,M,158.1,58.8,7.230299752999599,9.614188747000298,94.1,93.96205139160156,-0.13794860839843182,79.2,83.30731201171875,4.107312011718747,87.2,88.9208984375,1.7208984374999972,50.0,52.95905303955078,2.9590530395507812,33.0,35.010765075683594,2.0107650756835938,29.1,30.705284118652344,1.6052841186523423,36.3,37.185646057128906,0.8856460571289091
1096,F,167.4,65.7,7.230299752999599,9.614188747000298,94.9,92.23257446289062,-2.6674255371093807,86.5,80.32118225097656,-6.1788177490234375,98.6,99.10910034179688,0.5091003417968807,58.1,59.435516357421875,1.3355163574218736,34.9,37.10231018066406,2.202310180664064,32.5,30.92110824584961,-1.5788917541503906,36.4,36.682655334472656,0.28265533447265767
2133,F,167.5,57.9,7.230299752999599,9.614188747000298,87.0,86.87615966796875,-0.12384033203125,73.5,73.34346008300781,-0.1565399169921875,95.0,94.34902954101562,-0.650970458984375,55.3,55.63202667236328,0.3320266723632841,34.3,35.07109069824219,0.7710906982421903,29.4,28.55217742919922,-0.8478225708007798,36.0,36.21376419067383,0.21376419067382812
2373,F,151.7,52.8,7.230299752999599,9.614188747000298,89.8,87.72245025634766,-2.077549743652341,77.8,78.11065673828125,0.31065673828125284,89.5,90.70348358154297,1.2034835815429688,56.6,54.084266662597656,-2.515733337402345,32.6,33.87626647949219,1.276266479492186,30.6,29.0837459564209,-1.516254043579103,34.7,34.2273063659668,-0.47269363403320597
3861,F,146.0,51.6,7.230299752999599,9.614188747000298,87.4,88.1517562866211,0.7517562866210881,82.1,80.22282409667969,-1.8771759033203068,88.0,89.904541015625,1.904541015625,53.7,53.817832946777344,0.11783294677734091,33.0,33.48261260986328,0.48261260986328125,29.1,29.134113311767578,0.034113311767576704,32.6,33.73493957519531,1.134939575195311
2011,M,167.5,74.4,7.230299752999599,9.614188747000298,99.3,101.97587585449219,2.6758758544921903,99.7,90.73625183105469,-8.963748168945315,94.7,97.36898803710938,2.668988037109372,56.7,58.48344039916992,1.783440399169919,37.4,38.67702865600586,1.2770286560058608,32.8,33.68095397949219,0.8809539794921903,40.4,39.081336975097656,-1.3186630249023423
2465,M,165.4,67.1,7.230299752999599,9.614188747000298,97.4,97.8306884765625,0.4306884765624943,85.2,85.89341735839844,0.6934173583984347,94.0,93.43341827392578,-0.5665817260742188,55.1,55.64543151855469,0.5454315185546861,38.0,37.12175750732422,-0.8782424926757812,33.0,32.214622497558594,-0.7853775024414062,37.6,38.507015228271484,0.907015228271483
1018,M,183.6,81.0,7.230299752999599,9.614188747000298,107.5,103.44806671142578,-4.051933288574219,85.3,86.06697845458984,0.7669784545898466,99.6,99.8244400024414,0.22444000244141193,58.0,59.776832580566406,1.7768325805664062,39.5,39.09856414794922,-0.40143585205078125,33.8,34.099342346191406,0.2993423461914091,41.4,41.546993255615234,0.1469932556152358
2042,F,158.8,45.1,7.230299752999599,9.614188747000298,80.5,79.58750915527344,-0.9124908447265625,63.9,64.9192123413086,1.0192123413085952,85.5,85.97381591796875,0.47381591796875,49.6,49.78189468383789,0.1818946838378892,33.2,31.876049041748047,-1.323950958251956,24.3,25.25520133972168,0.955201339721679,33.1,34.361305236816406,1.2613052368164048
4588,F,161.3,66.3,7.230299752999599,9.614188747000298,90.1,94.38666534423828,4.286665344238287,84.6,84.47285461425781,-0.12714538574218182,98.2,99.46427154541016,1.2642715454101534,57.2,60.2600212097168,3.060021209716794,37.8,37.48896789550781,-0.31103210449218466,31.2,31.85148048400879,0.6514804840087898,38.4,36.06058883666992,-2.3394111633300767
4921,M,168.4,64.8,7.230299752999599,9.614188747000298,94.0,96.06307983398438,2.063079833984375,84.0,81.766845703125,-2.233154296875,90.5,92.22361755371094,1.7236175537109375,49.0,54.519805908203125,5.519805908203125,36.4,36.301021575927734,-0.0989784240722642,30.2,31.378406524658203,1.1784065246582038,37.8,38.769676208496094,0.9696762084960966
1595,M,174.6,87.5,7.230299752999599,9.614188747000298,107.9,107.92254638671875,0.022546386718744316,100.9,96.824462890625,-4.075537109375006,104.7,103.37065124511719,-1.3293487548828153,62.7,63.21337890625,0.5133789062499972,42.7,41.13014221191406,-1.5698577880859403,35.8,36.04582977294922,0.2458297729492216,43.2,40.53600311279297,-2.663996887207034
3877,F,159.6,70.4,7.230299752999599,9.614188747000298,94.8,97.25253295898438,2.452532958984378,94.5,88.99791717529297,-5.502082824707031,99.5,101.64813232421875,2.14813232421875,56.9,62.097354888916016,5.197354888916017,37.6,38.44666290283203,0.8466629028320298,32.7,33.18074035644531,0.48074035644530966,34.7,36.13798904418945,1.4379890441894503
3326,M,167.0,64.1,7.230299752999599,9.614188747000298,94.6,95.74519348144531,1.1451934814453182,85.8,81.96792602539062,-3.832073974609372,86.0,91.8717041015625,5.8717041015625,50.0,54.30712127685547,4.307121276855469,34.5,36.222503662109375,1.722503662109375,28.1,31.308977127075195,3.208977127075194,38.1,38.545021057128906,0.44502105712890483
4046,F,172.8,72.0,7.230299752999599,9.614188747000298,97.2,94.84584045410156,-2.3541595458984403,83.6,82.16081237792969,-1.4391876220703068,105.8,102.48994445800781,-3.3100555419921847,60.5,61.28001022338867,0.7800102233886719,37.4,38.28277587890625,0.8827758789062514,31.0,32.00675582885742,1.0067558288574219,36.9,37.53673553466797,0.6367355346679702
4665,F,150.2,51.8,7.230299752999599,9.614188747000298,84.3,87.28678894042969,2.9867889404296903,80.3,77.87019348144531,-2.4298065185546847,85.8,90.02564239501953,4.225642395019534,50.4,53.67462158203125,3.2746215820312514,34.3,33.58094024658203,-0.7190597534179659,29.0,28.89580535888672,-0.10419464111328125,34.0,34.04902267456055,0.049022674560546875
3747,M,176.5,97.1,7.230299752999599,9.614188747000298,114.4,111.99589538574219,-2.404104614257818,105.3,102.9156494140625,-2.384350585937497,107.9,107.70855712890625,-0.19144287109375568,65.0,66.48408508300781,1.4840850830078125,42.3,42.934608459472656,0.6346084594726591,38.7,37.883758544921875,-0.8162414550781278,41.4,41.095062255859375,-0.3049377441406236
3027,F,145.2,47.4,7.230299752999599,9.614188747000298,84.9,85.01669311523438,0.11669311523436932,69.4,75.02143859863281,5.621438598632807,85.0,87.33775329589844,2.3377532958984375,51.4,52.00043487548828,0.6004348754882827,33.6,32.399269104003906,-1.2007308959960952,27.7,27.793033599853516,0.09303359985351634,32.6,33.42861557006836,0.828615570068358
233,F,154.9,59.4,7.230299752999599,9.614188747000298,88.8,91.73369598388672,2.9336959838867216,79.9,82.86378479003906,2.963784790039057,95.3,94.88844299316406,-0.41155700683593466,57.9,57.01744079589844,-0.8825592041015611,35.3,35.677825927734375,0.37782592773437784,31.6,30.756725311279297,-0.8432746887207045,35.4,34.922874450683594,-0.47712554931640483
2767,F,157.0,51.9,7.230299752999599,9.614188747000298,89.2,85.5118408203125,-3.688159179687503,74.2,72.99768829345703,-1.2023117065429716,92.6,90.37797546386719,-2.222024536132807,56.5,53.62482452392578,-2.8751754760742188,31.3,33.710166931152344,2.410166931152343,28.0,28.172775268554688,0.1727752685546875,34.2,34.605735778808594,0.4057357788085909
4652,F,158.5,62.3,7.230299752999599,9.614188747000298,91.0,92.54331970214844,1.5433197021484375,83.0,82.94203186035156,-0.0579681396484375,90.5,96.8331527709961,6.333152770996094,52.7,58.288787841796875,5.588787841796872,36.1,36.439754486083984,0.33975448608398295,32.4,31.118408203125,-1.2815917968749986,34.9,35.480430603027344,0.5804306030273452
3221,F,155.2,58.1,7.230299752999599,9.614188747000298,91.6,90.75237274169922,-0.8476272583007756,78.7,81.43827056884766,2.7382705688476534,94.0,94.08134460449219,0.0813446044921875,53.5,56.39093780517578,2.8909378051757812,34.6,35.36525344848633,0.7652534484863267,29.0,30.33220100402832,1.3322010040283203,34.8,34.8598747253418,0.05987472534179972
633,F,168.2,57.4,7.230299752999599,9.614188747000298,89.1,86.41600799560547,-2.6839920043945256,77.7,72.63301086425781,-5.06698913574219,93.9,93.967041015625,0.06704101562499432,55.2,55.24988555908203,0.04988555908202841,33.3,34.87055969238281,1.5705596923828153,27.0,28.291709899902344,1.2917098999023438,38.0,36.2603874206543,-1.7396125793457031
3204,F,152.8,53.7,7.230299752999599,9.614188747000298,91.4,88.1327133178711,-3.267286682128912,82.4,78.43278503417969,-3.967214965820318,85.1,91.26524353027344,6.165243530273443,45.6,54.40531539916992,8.80531539916992,33.4,34.179718017578125,0.7797180175781264,29.3,29.212448120117188,-0.08755187988281321,34.8,34.36384582519531,-0.43615417480468466
415,F,159.0,50.5,7.230299752999599,9.614188747000298,84.0,83.77279663085938,-0.227203369140625,65.8,70.15996551513672,4.359965515136722,90.9,89.60984802246094,-1.2901519775390682,54.3,52.86967468261719,-1.4303253173828097,34.0,33.28535461425781,-0.7146453857421875,27.0,27.388042449951172,0.3880424499511719,35.5,34.72124099731445,-0.7787590026855469
4540,M,167.2,62.7,7.230299752999599,9.614188747000298,95.1,94.82709503173828,-0.27290496826171307,74.3,80.45675659179688,6.156756591796878,91.5,91.22663879394531,-0.2733612060546875,53.2,53.73910903930664,0.5391090393066378,36.2,35.830467224121094,-0.3695327758789091,31.2,30.881847381591797,-0.3181526184082024,40.6,38.48229217529297,-2.1177078247070327
4883,M,165.8,75.2,7.230299752999599,9.614188747000298,101.3,102.62934875488281,1.3293487548828153,90.1,92.60714721679688,2.5071472167968807,98.2,97.9061508178711,-0.2938491821289091,55.7,58.939205169677734,3.2392051696777315,37.9,38.95471954345703,1.0547195434570327,32.1,33.980735778808594,1.8807357788085923,37.0,38.8927001953125,1.8927001953125
1210,M,175.1,70.9,7.230299752999599,9.614188747000298,96.0,99.20025634765625,3.20025634765625,81.7,82.69955444335938,0.9995544433593722,95.8,95.16895294189453,-0.6310470581054659,57.6,56.54426956176758,-1.0557304382324233,39.0,37.382083892822266,-1.6179161071777344,33.9,32.444427490234375,-1.4555725097656236,41.0,40.010257720947266,-0.9897422790527344
1557,M,172.0,60.6,7.230299752999599,9.614188747000298,94.8,92.99281311035156,-1.8071868896484347,78.4,75.89927673339844,-2.500723266601568,89.3,89.97787475585938,0.6778747558593778,50.4,52.34550094604492,1.9455009460449233,35.7,35.00200653076172,-0.6979934692382841,29.1,29.71397590637207,0.6139759063720689,38.6,38.99279022216797,0.39279022216796733
1149,F,157.7,68.1,7.230299752999599,9.614188747000298,100.3,96.45447540283203,-3.845524597167966,80.9,88.64070892333984,7.740708923339838,98.7,100.19325256347656,1.4932525634765597,63.9,60.981014251708984,-2.918985748291014,40.9,37.917510986328125,-2.9824890136718736,33.0,32.771095275878906,-0.22890472412109375,38.2,35.813026428222656,-2.3869735717773466
864,F,158.9,46.4,7.230299752999599,9.614188747000298,82.4,80.58129119873047,-1.818708801269537,70.7,66.0614013671875,-4.638598632812503,87.0,86.92265319824219,-0.0773468017578125,50.4,50.574424743652344,0.17442474365234517,33.2,32.24066925048828,-0.9593307495117216,26.5,25.767868041992188,-0.7321319580078125,34.6,34.43943405151367,-0.16056594848632955
17,M,175.7,77.0,7.230299752999599,9.614188747000298,104.5,102.43026733398438,-2.069732666015625,85.4,87.5494155883789,2.1494155883789006,100.4,98.29824829101562,-2.1017517089843807,58.7,58.971092224121094,0.2710922241210909,38.7,38.69308090209961,-0.006919097900393467,35.0,33.714202880859375,-1.285797119140625,41.0,40.361778259277344,-0.6382217407226562
2523,F,171.1,93.7,7.230299752999599,9.614188747000298,105.4,106.43865203857422,1.038652038574213,97.7,99.12743377685547,1.427433776855466,114.1,113.77729797363281,-0.3227020263671818,71.1,69.83268737792969,-1.2673126220703068,40.8,43.103675842285156,2.303675842285159,36.0,37.63006591796875,1.63006591796875,37.6,38.0640869140625,0.4640869140624986
2093,F,157.5,52.0,7.230299752999599,9.614188747000298,89.3,85.43855285644531,-3.8614471435546847,76.6,72.78901672363281,-3.810983276367182,88.3,90.4637222290039,2.163722229003909,50.6,53.65156555175781,3.051565551757811,32.2,33.73241424560547,1.532414245605466,28.2,28.135257720947266,-0.06474227905273366,35.6,34.66535949707031,-0.9346405029296889
3076,M,180.2,87.1,7.230299752999599,9.614188747000298,104.5,106.89407348632812,2.394073486328125,94.9,93.07742309570312,-1.8225769042968807,103.8,102.76280212402344,-1.0371978759765597,63.6,62.383384704589844,-1.2166152954101577,39.6,40.62071228027344,1.020712280273436,35.9,35.57020568847656,-0.3297943115234361,41.0,41.33307647705078,0.33307647705078125
2757,F,159.0,64.5,7.230299752999599,9.614188747000298,97.0,93.88922119140625,-3.11077880859375,88.1,84.64668273925781,-3.453317260742182,95.2,98.24166107177734,3.041661071777341,57.6,59.3525390625,1.7525390624999986,36.8,37.03041076660156,0.23041076660156534,34.4,31.63255500793457,-2.7674449920654283,36.3,35.69160079956055,-0.6083992004394503
596,F,169.7,56.3,7.230299752999599,9.614188747000298,85.3,85.38511657714844,0.08511657714844034,71.9,71.11724853515625,-0.7827514648437557,94.2,93.25572204589844,-0.9442779541015653,55.1,54.507484436035156,-0.5925155639648452,33.4,34.49443054199219,1.094430541992189,28.7,27.74237823486328,-0.957621765136718,37.8,36.371849060058594,-1.4281509399414034
4628,M,174.0,67.3,7.230299752999599,9.614188747000298,94.0,97.15756225585938,3.157562255859375,79.0,80.41455078125,1.41455078125,87.9,93.36669158935547,5.466691589355463,48.4,55.14964294433594,6.749642944335939,36.2,36.58649444580078,0.3864944458007784,30.7,31.606170654296875,0.9061706542968757,37.6,39.66240692138672,2.0624069213867173
2238,F,158.5,67.0,7.230299752999599,9.614188747000298,96.6,95.608642578125,-0.9913574218749943,92.4,87.13543701171875,-5.264562988281256,98.9,99.60250854492188,0.7025085449218693,62.3,60.476661682128906,-1.823338317871091,38.6,37.675926208496094,-0.9240737915039077,31.4,32.37378692626953,0.9737869262695327,36.5,35.81249237060547,-0.6875076293945312
1503,M,177.2,66.7,7.230299752999599,9.614188747000298,96.5,96.51228332519531,0.0122833251953125,72.0,78.14274597167969,6.1427459716796875,92.5,92.91014099121094,0.4101409912109375,52.7,54.602699279785156,1.9026992797851534,38.7,36.219058990478516,-2.480941009521487,31.8,31.143211364746094,-0.656788635253907,41.0,40.12169647216797,-0.8783035278320312
4026,F,159.2,47.3,7.230299752999599,9.614188747000298,79.5,81.23100280761719,1.7310028076171875,68.8,66.85174560546875,-1.9482543945312472,92.0,87.521728515625,-4.478271484375,54.7,51.07683181762695,-3.6231681823730497,32.8,32.43523025512695,-0.36476974487304403,25.0,26.096176147460938,1.0961761474609375,36.0,34.53351974487305,-1.4664802551269531
2519,F,166.5,54.6,7.230299752999599,9.614188747000298,87.4,84.78166961669922,-2.618330383300787,67.4,70.7197494506836,3.319749450683588,89.7,92.36909484863281,2.6690948486328097,55.6,54.115806579589844,-1.4841934204101577,33.9,34.226749420166016,0.32674942016601705,28.3,27.607078552246094,-0.692921447753907,36.0,35.85031509399414,-0.14968490600585938
3817,M,179.4,76.9,7.230299752999599,9.614188747000298,97.6,101.9288558959961,4.328855895996099,81.7,85.16676330566406,3.4667633056640597,99.3,98.0184555053711,-1.2815444946289034,58.3,58.52880096435547,0.2288009643554716,38.7,38.38996887207031,-0.31003112792969034,31.8,33.461944580078125,1.6619445800781243,36.7,40.88831329345703,4.188313293457028
371,M,169.6,62.7,7.230299752999599,9.614188747000298,90.1,94.59635925292969,4.496359252929693,73.7,79.03821563720703,5.338215637207028,95.3,91.18684387207031,-4.113156127929685,55.1,53.58607482910156,-1.513925170898439,36.4,35.68524932861328,-0.7147506713867173,29.1,30.662578582763672,1.5625785827636705,40.2,38.808563232421875,-1.3914367675781278
1432,F,160.0,57.0,7.230299752999599,9.614188747000298,86.8,88.49998474121094,1.6999847412109403,71.3,76.80257415771484,5.502574157714847,94.7,93.68161010742188,-1.0183898925781278,60.9,55.80937194824219,-5.090628051757811,35.3,35.074283599853516,-0.22571640014648153,28.8,29.392080307006836,0.5920803070068352,33.3,35.27547836303711,1.9754783630371122
3947,M,177.0,99.3,7.230299752999599,9.614188747000298,116.7,112.87065887451172,-3.829341125488284,106.2,104.16108703613281,-2.0389129638671903,107.5,108.71175384521484,1.2117538452148438,65.3,67.19767761230469,1.8976776123046903,44.6,43.27819061279297,-1.3218093872070327,39.5,38.26485061645508,-1.2351493835449219,40.9,41.2275390625,0.3275390625000014
652,F,162.8,49.2,7.230299752999599,9.614188747000298,84.8,81.73294067382812,-3.067059326171872,65.7,67.32118225097656,1.6211822509765597,88.9,88.9044189453125,0.004418945312494316,53.2,51.77116012573242,-1.428839874267581,32.7,32.90431213378906,0.20431213378905966,26.4,26.1937255859375,-0.20627441406249858,35.6,35.052101135253906,-0.5478988647460952
598,F,155.6,43.7,7.230299752999599,9.614188747000298,76.4,79.23253631591797,2.832536315917963,67.1,64.6767578125,-2.4232421874999943,88.5,84.96964263916016,-3.5303573608398438,51.2,49.23976135253906,-1.9602386474609403,31.6,31.48825454711914,-0.1117454528808608,24.9,25.159875869750977,0.259875869750978,33.5,33.97587585449219,0.4758758544921875
676,M,166.1,87.8,7.230299752999599,9.614188747000298,106.8,109.22566223144531,2.4256622314453153,98.8,102.76380157470703,3.963801574707034,105.5,104.39064025878906,-1.1093597412109375,66.0,64.38113403320312,-1.618865966796875,44.0,41.724342346191406,-2.2756576538085938,36.4,36.66006851196289,0.26006851196289205,39.6,39.34645080566406,-0.2535491943359389
238,F,164.1,54.4,7.230299752999599,9.614188747000298,88.1,85.26434326171875,-2.8356567382812443,75.6,71.5326919555664,-4.067308044433588,93.0,92.25910949707031,-0.7408905029296875,53.6,54.34825897216797,0.7482589721679673,33.4,34.26819610595703,0.8681961059570327,28.9,27.910205841064453,-0.9897941589355455,36.5,35.54986572265625,-0.95013427734375
3542,F,169.5,53.2,7.230299752999599,9.614188747000298,83.8,83.27714538574219,-0.5228546142578097,67.2,68.52946472167969,1.3294647216796847,92.5,91.36380004882812,-1.136199951171875,51.4,52.96759033203125,1.5675903320312514,33.9,33.65336608886719,-0.24663391113281108,25.7,26.68646240234375,0.9864624023437507,36.1,36.13746643066406,0.03746643066406108
3429,M,179.6,65.3,7.230299752999599,9.614188747000298,92.6,95.31015014648438,2.7101501464843807,77.5,75.67256164550781,-1.8274383544921875,91.5,92.01132202148438,0.511322021484375,54.7,53.763450622558594,-0.9365493774414091,35.5,35.71885681152344,0.2188568115234375,29.3,30.465717315673828,1.1657173156738274,42.4,40.376495361328125,-2.0235046386718736
1041,M,180.7,89.8,7.230299752999599,9.614188747000298,104.7,108.11483001708984,3.414830017089841,99.0,94.93531799316406,-4.0646820068359375,100.3,104.04960632324219,3.7496063232421903,61.0,63.31334686279297,2.3133468627929688,41.7,41.14393615722656,-0.5560638427734403,35.2,36.09278106689453,0.8927810668945284,41.5,41.48529052734375,-0.01470947265625
2094,F,160.4,60.2,7.230299752999599,9.614188747000298,92.2,90.63916015625,-1.5608398437500028,79.6,79.66886901855469,0.06886901855469318,97.0,95.69876098632812,-1.301239013671875,59.7,57.34015655517578,-2.3598434448242216,35.0,35.88939666748047,0.8893966674804688,30.4,30.289426803588867,-0.11057319641113139,37.2,35.54339599609375,-1.6566040039062528
2536,F,151.8,73.2,7.230299752999599,9.614188747000298,106.1,100.77720642089844,-5.322793579101557,102.2,97.70399475097656,-4.49600524902344,105.0,103.47152709960938,-1.528472900390625,69.8,63.343116760253906,-6.456883239746091,38.1,39.10444641113281,1.004446411132811,35.2,34.54398727416992,-0.656012725830081,34.1,35.55840301513672,1.4584030151367173
75,M,178.8,75.2,7.230299752999599,9.614188747000298,101.1,101.10501098632812,0.005010986328130684,77.4,84.06314849853516,6.663148498535151,95.8,97.22317504882812,1.4231750488281278,59.5,57.904571533203125,-1.595428466796875,40.1,38.044700622558594,-2.0552993774414077,32.0,33.12102508544922,1.1210250854492188,40.5,40.747230529785156,0.24723052978515625
4081,F,147.0,73.1,7.230299752999599,9.614188747000298,91.8,101.78042602539062,9.980426025390628,101.2,101.47138977050781,0.27138977050780966,110.1,103.85243225097656,-6.247567749023432,69.0,63.54695129394531,-5.4530487060546875,40.5,39.03688049316406,-1.4631195068359375,31.8,34.91061782836914,3.11061782836914,34.8,35.1417236328125,0.34172363281250284
2718,M,172.6,73.3,7.230299752999599,9.614188747000298,98.9,100.80189514160156,1.9018951416015568,90.7,86.37444305419922,-4.325556945800784,92.8,96.56704711914062,3.767047119140628,57.7,57.74488830566406,0.04488830566405966,40.1,38.07649612426758,-2.0235038757324233,33.0,33.126853942871094,0.12685394287109375,39.7,39.743377685546875,0.04337768554687216
3609,M,170.1,75.2,7.230299752999599,9.614188747000298,95.9,102.12370300292969,6.223703002929682,92.0,89.54132843017578,-2.4586715698242188,98.2,97.73919677734375,-0.46080322265625284,62.0,58.70265579223633,-3.297344207763672,41.0,38.68814468383789,-2.3118553161621094,33.5,33.69278335571289,0.19278335571289062,39.3,39.4700927734375,0.17009277343750284
4431,F,152.1,64.3,7.230299752999599,9.614188747000298,98.2,95.45845031738281,-2.7415496826171903,92.7,89.63312530517578,-3.0668746948242216,93.3,97.68812561035156,4.388125610351565,51.4,59.112449645996094,7.712449645996095,35.5,36.872955322265625,1.372955322265625,30.6,32.281089782714844,1.6810897827148423,37.7,35.02265548706055,-2.677344512939456
4936,M,174.4,56.9,7.230299752999599,9.614188747000298,96.2,90.09166717529297,-6.108332824707034,74.6,71.41267395019531,-3.187326049804682,89.6,87.96215057373047,-1.6378494262695256,47.0,50.35084533691406,3.3508453369140625,31.7,33.8443717956543,2.1443717956542976,27.5,27.981109619140625,0.481109619140625,38.5,39.0613899230957,0.5613899230957031
1554,M,156.0,61.0,7.230299752999599,9.614188747000298,97.8,95.82981872558594,-1.9701812744140597,87.4,87.03324890136719,-0.3667510986328182,88.5,90.15978240966797,1.6597824096679688,51.7,54.31749725341797,2.617497253417966,37.9,35.56820297241211,-2.331797027587889,30.3,31.515453338623047,1.2154533386230462,36.8,37.06950759887695,0.26950759887695597
812,M,174.0,80.2,7.230299752999599,9.614188747000298,101.4,104.30276489257812,2.9027648925781193,93.4,91.34513854980469,-2.054861450195318,102.2,99.94708251953125,-2.252917480468753,63.3,60.41365051269531,-2.8863494873046847,37.5,39.557491302490234,2.0574913024902344,35.5,34.52434539794922,-0.9756546020507812,38.5,40.22126770019531,1.7212677001953125
1044,M,167.5,61.6,7.230299752999599,9.614188747000298,96.0,94.06562805175781,-1.9343719482421875,80.2,79.27827453613281,-0.9217254638671903,88.4,90.61424255371094,2.214242553710932,52.2,53.230628967285156,1.0306289672851534,34.0,35.51671600341797,1.5167160034179688,32.3,30.522092819213867,-1.77790718078613,37.8,38.46337890625,0.6633789062500028
4986,F,155.3,65.2,7.230299752999599,9.614188747000298,92.6,95.28118133544922,2.6811813354492244,87.2,87.94275665283203,0.7427566528320284,95.4,98.42965698242188,3.0296569824218693,55.4,59.558982849121094,4.158982849121095,38.6,37.1900634765625,-1.4099365234375014,32.3,32.208213806152344,-0.09178619384765341,34.0,35.37775802612305,1.3777580261230469
1095,F,152.5,49.0,7.230299752999599,9.614188747000298,84.8,84.49739074707031,-0.30260925292968466,65.6,72.47259521484375,6.872595214843756,90.2,88.3904037475586,-1.809596252441409,54.0,52.3677978515625,-1.6322021484375,33.4,32.92293167114258,-0.47706832885742045,28.7,27.749570846557617,-0.9504291534423821,33.6,34.03157043457031,0.4315704345703111
4334,M,174.7,92.2,7.230299752999599,9.614188747000298,111.5,110.14668273925781,-1.3533172607421875,97.0,100.3748779296875,3.3748779296875,107.3,105.59656524658203,-1.703434753417966,68.3,64.90653991699219,-3.3934600830078097,42.6,42.11746597290039,-0.4825340270996108,39.0,37.03285217285156,-1.9671478271484375,39.8,40.69332504272461,0.8933250427246122
4252,F,156.1,56.4,7.230299752999599,9.614188747000298,88.0,89.29622650146484,1.2962265014648438,81.2,79.03280639648438,-2.167193603515628,90.1,93.18318939208984,3.0831893920898494,51.0,55.66588592529297,4.665885925292969,32.2,34.94081497192383,2.7408149719238253,30.7,29.715885162353516,-0.9841148376464837,32.8,34.81732940673828,2.017329406738284
2173,F,152.0,67.1,7.230299752999599,9.614188747000298,100.0,97.17076110839844,-2.8292388916015625,100.7,92.53316497802734,-8.166835021972659,93.4,99.36195373535156,5.961953735351557,57.4,60.42900085449219,3.029000854492189,38.7,37.64421844482422,-1.055781555175784,35.2,32.987892150878906,-2.2121078491210966,34.8,35.20275115966797,0.4027511596679716
96,M,168.4,61.3,7.230299752999599,9.614188747000298,96.5,93.80321502685547,-2.6967849731445312,79.0,78.55829620361328,-0.44170379638671875,89.6,90.40098571777344,0.8009857177734432,53.2,52.99650573730469,-0.20349426269531534,34.0,35.387535095214844,1.3875350952148438,30.5,30.347049713134766,-0.15295028686523438,38.0,38.57038879394531,0.5703887939453125
3365,F,154.6,79.5,7.230299752999599,9.614188747000298,102.3,103.45170593261719,1.1517059326171903,99.6,100.58586883544922,0.9858688354492244,104.7,107.44143676757812,2.741436767578122,65.9,66.23941040039062,0.3394104003906193,39.1,40.625144958496094,1.5251449584960923,35.9,35.80472183227539,-0.09527816772460795,35.4,36.1057014465332,0.7057014465332045
4184,M,173.5,60.6,7.230299752999599,9.614188747000298,93.8,92.85134887695312,-0.9486511230468722,72.1,75.09703063964844,2.997030639648443,90.3,89.83887481689453,-0.4611251831054659,54.4,52.15702819824219,-2.242971801757811,35.8,34.89029312133789,-0.9097068786621065,30.6,29.563316345214844,-1.0366836547851577,36.1,39.200199127197266,3.100199127197264
4858,F,166.3,61.2,7.230299752999599,9.614188747000298,88.2,89.43392944335938,1.2339294433593722,84.5,76.86555480957031,-7.6344451904296875,91.6,96.51548767089844,4.915487670898443,55.3,57.42422866821289,2.1242286682128935,34.7,35.960182189941406,1.2601821899414034,28.8,29.735136032104492,0.9351360321044915,37.1,36.2834358215332,-0.8165641784667983
621,F,160.5,67.7,7.230299752999599,9.614188747000298,93.9,95.45746612548828,1.5574661254882756,77.3,86.26820373535156,8.968203735351565,107.6,100.18585968017578,-7.414140319824213,65.8,60.88657760620117,-4.913422393798825,40.1,37.83470153808594,-2.265298461914064,31.3,32.346580505371094,1.046580505371093,36.2,36.0604248046875,-0.13957519531250284
3258,F,156.9,66.9,7.230299752999599,9.614188747000298,96.3,95.92193603515625,-0.37806396484374716,87.0,88.23638153076172,1.2363815307617188,95.7,99.48455047607422,3.784550476074216,56.3,60.40250015258789,4.1025001525878935,36.3,37.653480529785156,1.353480529785159,31.2,32.49251174926758,1.2925117492675788,36.3,35.63997268676758,-0.660027313232419
3783,F,165.3,74.4,7.230299752999599,9.614188747000298,95.8,98.0274658203125,2.227465820312503,95.9,88.22837829589844,-7.671621704101568,98.8,103.96806335449219,5.16806335449219,56.1,63.526588439941406,7.426588439941405,38.5,39.233741760253906,0.7337417602539062,33.0,33.6114501953125,0.6114501953125,35.6,36.907073974609375,1.3070739746093736
566,F,156.5,47.9,7.230299752999599,9.614188747000298,79.5,82.46146392822266,2.9614639282226562,71.6,68.66741943359375,-2.9325805664062443,91.5,87.85819244384766,-3.6418075561523438,58.8,51.67680358886719,-7.12319641113281,32.2,32.650936126708984,0.45093612670898153,27.7,26.810409545898438,-0.8895904541015618,35.4,34.308326721191406,-1.0916732788085923
4520,M,171.4,75.3,7.230299752999599,9.614188747000298,102.5,102.02850341796875,-0.47149658203125,92.9,88.758056640625,-4.141943359375006,99.1,97.67835235595703,-1.421647644042963,60.1,58.64982604980469,-1.450173950195314,36.7,38.62684631347656,1.9268463134765597,34.0,33.634002685546875,-0.365997314453125,37.9,39.648555755615234,1.7485557556152358
1623,M,175.2,72.1,7.230299752999599,9.614188747000298,103.5,99.82394409179688,-3.676055908203125,84.3,83.6568832397461,-0.6431167602539034,96.3,95.78244018554688,-0.5175598144531222,58.5,56.995521545410156,-1.5044784545898438,37.8,37.635169982910156,-0.1648300170898409,36.2,32.68518829345703,-3.5148117065429716,40.3,40.07955551147461,-0.22044448852538778
748,F,156.8,61.1,7.230299752999599,9.614188747000298,93.2,92.25830841064453,-0.9416915893554716,81.8,83.0569076538086,1.2569076538085966,97.3,95.9774169921875,-1.3225830078124972,61.5,57.73488998413086,-3.7651100158691406,35.3,36.12153625488281,0.8215362548828153,33.2,30.99078369140625,-2.209216308593753,32.8,35.223663330078125,2.423663330078128
2663,F,155.1,54.5,7.230299752999599,9.614188747000298,89.0,88.13333892822266,-0.8666610717773438,84.2,77.63339233398438,-6.566607666015628,89.5,91.90365600585938,2.403656005859375,54.6,54.76736068725586,0.16736068725585795,32.9,34.415367126464844,1.5153671264648452,30.2,29.23491859436035,-0.9650814056396477,34.4,34.6136360168457,0.21363601684570455
51,F,154.0,50.5,7.230299752999599,9.614188747000298,82.6,85.29051971435547,2.6905197143554744,70.3,73.42818450927734,3.1281845092773466,91.5,89.37246704101562,-2.127532958984375,54.9,53.03903579711914,-1.860964202880858,36.8,33.30834197998047,-3.4916580200195284,28.2,28.08087921142578,-0.11912078857421804,32.8,34.24953079223633,1.449530792236331
4679,F,165.3,57.1,7.230299752999599,9.614188747000298,85.7,86.84283447265625,1.1428344726562472,78.2,73.5252914428711,-4.674708557128909,93.5,93.94065856933594,0.4406585693359375,52.3,55.52605438232422,3.2260543823242216,32.5,34.95060729980469,2.4506072998046875,29.6,28.5931396484375,-1.0068603515625014,34.1,35.86919403076172,1.7691940307617173
1253,F,162.2,63.0,7.230299752999599,9.614188747000298,89.5,91.88805389404297,2.3880538940429688,76.5,81.04666137695312,4.546661376953125,100.0,97.54621887207031,-2.4537811279296875,59.4,58.64297103881836,-0.7570289611816392,38.8,36.583335876464844,-2.2166641235351534,30.2,30.831253051757812,0.6312530517578132,35.3,35.92267608642578,0.6226760864257841
1321,F,167.9,49.7,7.230299752999599,9.614188747000298,82.7,81.07496643066406,-1.6250335693359403,63.1,66.18124389648438,3.0812438964843736,86.0,89.1917724609375,3.1917724609375,52.3,51.28508758544922,-1.0149124145507784,32.6,32.775917053222656,0.17591705322265483,24.9,25.626686096191406,0.7266860961914077,33.9,35.71292495727539,1.812924957275392
1600,M,174.1,83.1,7.230299752999599,9.614188747000298,108.5,105.77120971679688,-2.728790283203125,98.9,93.70651245117188,-5.193487548828131,103.9,101.37336730957031,-2.526632690429693,57.3,61.54174041748047,4.241740417480472,35.1,40.199951171875,5.099951171874999,33.3,35.14461898803711,1.8446189880371122,42.4,40.3294792175293,-2.0705207824707017
534,M,173.0,67.3,7.230299752999599,9.614188747000298,98.3,97.2818603515625,-1.0181396484374972,78.2,80.96961212158203,2.7696121215820284,94.9,93.42369079589844,-1.4763092041015682,56.5,55.244510650634766,-1.2554893493652344,36.3,36.649375915527344,0.3493759155273466,32.3,31.681610107421875,-0.6183898925781222,42.2,39.527931213378906,-2.6720687866210966
4083,F,163.5,52.6,7.230299752999599,9.614188747000298,84.8,84.09320068359375,-0.7067993164062472,66.8,70.08688354492188,3.286883544921878,90.7,91.09904479980469,0.39904479980468466,55.4,53.5408935546875,-1.8591064453124986,31.7,33.78758239746094,2.087582397460938,27.2,27.357036590576172,0.15703659057617259,35.4,35.360015869140625,-0.03998413085937358
3322,M,172.0,70.0,7.230299752999599,9.614188747000298,98.4,98.98899841308594,0.5889984130859318,79.3,83.83419799804688,4.534197998046878,98.6,94.7942886352539,-3.805711364746088,61.2,56.393165588378906,-4.806834411621097,36.9,37.40617752075195,0.5061775207519545,32.5,32.419925689697266,-0.08007431030273438,40.8,39.503395080566406,-1.296604919433591
3459,F,158.0,62.5,7.230299752999599,9.614188747000298,91.2,92.85542297363281,1.6554229736328097,84.6,83.50277709960938,-1.0972229003906193,93.3,96.9353256225586,3.6353256225585966,53.8,58.36943054199219,4.56943054199219,38.3,36.48091125488281,-1.8190887451171847,30.5,31.22329330444336,0.7232933044433594,37.1,35.44624710083008,-1.6537528991699233
443,F,162.0,56.2,7.230299752999599,9.614188747000298,87.0,87.19805908203125,0.19805908203125,75.5,74.4519271850586,-1.0480728149414062,93.7,93.279541015625,-0.42045898437500284,57.0,55.36412048339844,-1.6358795166015625,36.4,34.84956741333008,-1.5504325866699205,29.0,28.834693908691406,-0.16530609130859375,34.5,35.426597595214844,0.9265975952148438
1583,M,180.2,82.9,7.230299752999599,9.614188747000298,107.8,104.83496856689453,-2.965031433105466,87.7,89.7743148803711,2.074314880371091,100.2,100.91282653808594,0.7128265380859347,62.0,60.841060638427734,-1.1589393615722656,38.9,39.717857360839844,0.8178573608398452,35.1,34.727569580078125,-0.3724304199218764,40.9,41.204856872558594,0.30485687255859517
195,M,166.5,63.8,7.230299752999599,9.614188747000298,95.0,95.6197509765625,0.6197509765625,78.5,82.03053283691406,3.5305328369140625,90.7,91.7815933227539,1.0815933227539034,57.5,54.233802795410156,-3.2661972045898438,36.5,36.11720657348633,-0.3827934265136719,31.0,31.24786376953125,0.24786376953125,36.7,38.47020721435547,1.770207214355466
4335,M,171.0,71.9,7.230299752999599,9.614188747000298,98.6,100.14434051513672,1.5443405151367244,93.8,86.13919830322266,-7.660801696777341,95.5,95.90049743652344,0.4004974365234375,53.0,57.27275848388672,4.272758483886719,36.7,37.88005828857422,1.180058288574216,30.8,32.91719055175781,2.117190551757812,40.1,39.43332290649414,-0.6666770935058608
4605,M,164.8,59.6,7.230299752999599,9.614188747000298,94.0,93.1114730834961,-0.8885269165039062,87.5,79.19341278076172,-8.306587219238281,87.2,89.51436614990234,2.314366149902341,48.2,52.513816833496094,4.313816833496091,34.3,35.08348083496094,0.7834808349609403,29.5,30.15604019165039,0.6560401916503906,36.6,38.019630432128906,1.4196304321289048
952,F,171.3,67.3,7.230299752999599,9.614188747000298,92.0,92.34255981445312,0.342559814453125,77.6,79.46090698242188,1.8609069824218807,100.0,99.90093994140625,-0.09906005859375,59.7,59.596839904785156,-0.10316009521484659,37.8,37.258880615234375,-0.5411193847656222,31.8,30.78583526611328,-1.0141647338867195,38.3,37.185516357421875,-1.1144836425781222
1235,M,176.4,67.9,7.230299752999599,9.614188747000298,96.7,97.35292053222656,0.6529205322265597,74.3,79.54240417480469,5.24240417480469,98.5,93.57669067382812,-4.923309326171875,54.0,55.17176055908203,1.1717605590820312,36.7,36.57780456542969,-0.12219543457031534,32.0,31.561511993408203,-0.4384880065917969,42.0,40.052345275878906,-1.9476547241210938
3131,F,157.1,47.8,7.230299752999599,9.614188747000298,78.4,82.22706604003906,3.827066040039057,68.0,68.35444641113281,0.3544464111328125,90.8,87.79182434082031,-3.0081756591796847,50.6,51.573081970214844,0.9730819702148423,33.0,32.590545654296875,-0.409454345703125,24.7,26.721904754638672,2.0219047546386726,33.7,34.373985290527344,0.6739852905273409
3918,M,178.2,80.5,7.230299752999599,9.614188747000298,109.0,103.91548919677734,-5.084510803222656,86.1,88.95738983154297,2.8573898315429744,97.7,99.86773681640625,2.167736816406247,59.2,60.102928161621094,0.9029281616210909,37.9,39.284507751464844,1.3845077514648452,36.5,34.30785369873047,-2.1921463012695312,40.3,40.847251892089844,0.5472518920898466
5089,M,174.8,73.0,7.230299752999599,9.614188747000298,102.6,100.39462280273438,-2.2053771972656193,83.2,84.67984008789062,1.4798400878906222,97.1,96.31197357177734,-0.7880264282226506,55.5,57.4420166015625,1.9420166015625,38.3,37.82670593261719,-0.47329406738280966,31.5,32.92388916015625,1.42388916015625,38.0,40.06478500366211,2.0647850036621094
2662,F,153.4,58.7,7.230299752999599,9.614188747000298,95.5,91.67924499511719,-3.8207550048828125,86.0,83.3432846069336,-2.6567153930664062,88.9,94.35743713378906,5.457437133789057,57.3,56.69071960449219,-0.6092803955078097,34.0,35.47972869873047,1.4797286987304688,31.5,30.719280242919922,-0.7807197570800781,35.8,34.7566032409668,-1.0433967590332003
4015,M,171.6,77.1,7.230299752999599,9.614188747000298,101.2,102.97737121582031,1.7773712158203097,91.7,90.28741455078125,-1.4125854492187528,101.0,98.62738800048828,-2.3726119995117188,59.7,59.37872314453125,-0.32127685546875284,38.0,38.97859573364258,0.9785957336425781,32.3,34.00946807861328,1.709468078613284,40.4,39.74874496459961,-0.6512550354003892
4984,F,153.8,48.2,7.230299752999599,9.614188747000298,81.1,83.49761199951172,2.3976119995117244,65.0,70.59744262695312,5.597442626953125,86.8,87.96513366699219,1.1651336669921903,52.3,51.9410400390625,-0.35895996093749716,32.9,32.75685501098633,-0.14314498901367045,27.8,27.2856388092041,-0.5143611907958991,33.2,34.09629440307617,0.896294403076169
644,F,164.9,73.1,7.230299752999599,9.614188747000298,99.4,97.40133666992188,-1.9986633300781307,85.7,87.49874877929688,1.7987487792968722,99.8,103.13751220703125,3.337512207031253,62.9,62.965152740478516,0.06515274047851705,39.5,38.94218444824219,-0.5578155517578125,33.0,33.33522033691406,0.3352203369140625,38.0,36.80240249633789,-1.1975975036621094
2021,M,165.7,76.4,7.230299752999599,9.614188747000298,100.0,103.28250122070312,3.282501220703125,99.9,93.63977813720703,-6.260221862792974,95.6,98.63126373291016,3.031263732910162,56.8,59.49939727783203,2.699397277832034,37.2,39.215904235839844,2.015904235839841,34.2,34.25679016113281,0.05679016113280966,38.7,38.932464599609375,0.23246459960937216
3666,F,162.2,79.8,7.230299752999599,9.614188747000298,104.2,101.88729858398438,-2.312701416015628,99.3,94.43878173828125,-4.861218261718747,102.3,107.16502380371094,4.86502380371094,62.7,66.08918762207031,3.3891876220703097,40.2,40.58149719238281,0.38149719238280966,35.7,35.293052673339844,-0.4069473266601591,36.8,36.859798431396484,0.05979843139648722
1424,F,166.8,66.2,7.230299752999599,9.614188747000298,96.1,92.64076232910156,-3.459237670898432,76.7,81.02163696289062,4.321636962890622,100.7,99.51058197021484,-1.189418029785159,58.9,59.77095413208008,0.8709541320800795,38.5,37.26958465576172,-1.2304153442382812,28.6,31.120275497436523,2.520275497436522,36.1,36.636985778808594,0.5369857788085923
4486,M,167.7,78.7,7.230299752999599,9.614188747000298,106.0,104.26803588867188,-1.731964111328125,87.0,94.27689361572266,7.276893615722656,99.3,99.6456298828125,0.34562988281250284,59.8,60.305633544921875,0.5056335449218778,38.7,39.6105842590332,0.9105842590332003,34.5,34.590232849121094,0.09023284912109375,39.8,39.264888763427734,-0.5351112365722628
120,F,163.8,61.2,7.230299752999599,9.614188747000298,89.4,90.19583892822266,0.7958389282226506,80.9,78.3477554321289,-2.5522445678710994,96.3,96.51809692382812,0.21809692382812784,58.5,57.71503829956055,-0.7849617004394531,35.5,36.0634765625,0.5634765625,32.0,30.103424072265625,-1.896575927734375,37.8,35.97883987426758,-1.821160125732419
2015,M,166.3,67.6,7.230299752999599,9.614188747000298,101.8,98.02754974365234,-3.7724502563476534,89.0,85.65592956542969,-3.3440704345703125,95.9,93.68309020996094,-2.216909790039068,57.5,55.79615020751953,-1.7038497924804688,36.5,37.2036018371582,0.7036018371582031,33.3,32.259849548339844,-1.0401504516601534,37.9,38.628910064697266,0.728910064697267
4385,M,169.4,66.3,7.230299752999599,9.614188747000298,96.2,96.92807006835938,0.7280700683593722,82.9,82.40278625488281,-0.4972137451171932,91.0,92.9608154296875,1.9608154296875,50.9,55.09397888183594,4.193978881835939,37.9,36.67966079711914,-1.220339202880858,28.8,31.70627784729004,2.9062778472900384,40.2,38.98335266113281,-1.2166473388671903
2330,F,160.8,80.7,7.230299752999599,9.614188747000298,104.0,102.71969604492188,-1.280303955078125,95.7,96.11065673828125,0.41065673828124716,105.1,107.68108367919922,2.5810836791992244,71.6,66.54045867919922,-5.059541320800776,40.3,40.825740814208984,0.5257408142089872,36.5,35.62173843383789,-0.8782615661621094,37.1,36.768856048583984,-0.33114395141601705
4979,F,172.7,64.4,7.230299752999599,9.614188747000298,87.6,90.22091674804688,2.6209167480468807,73.7,76.53054809570312,2.830548095703122,98.2,98.18980407714844,-0.010195922851565342,57.7,57.962989807128906,0.2629898071289034,35.5,36.386714935302734,0.8867149353027344,29.1,29.82018280029297,0.7201828002929673,37.6,37.18368148803711,-0.41631851196289205
3050,F,174.4,59.6,7.230299752999599,9.614188747000298,88.7,86.85730743408203,-1.8426925659179716,68.6,71.97100830078125,3.3710083007812557,97.0,95.18360137939453,-1.8163986206054688,56.3,55.40813446044922,-0.8918655395507784,35.5,35.075050354003906,-0.42494964599609375,30.5,28.169307708740234,-2.3306922912597656,34.5,37.104087829589844,2.6040878295898438
2333,F,152.0,53.3,7.230299752999599,9.614188747000298,93.0,88.02694702148438,-4.973052978515625,83.3,78.4689712524414,-4.831028747558591,92.0,91.02369689941406,-0.9763031005859375,56.0,54.280975341796875,-1.719024658203125,32.3,34.031654357910156,1.731654357910159,28.4,29.18284797668457,0.7828479766845717,34.2,34.275596618652344,0.07559661865234091
134,F,163.4,54.4,7.230299752999599,9.614188747000298,88.7,85.50862121582031,-3.1913787841796903,73.7,71.88494873046875,-1.8150512695312528,89.0,92.19678497314453,3.1967849731445312,52.3,54.41070556640625,2.110705566406253,35.7,34.288291931152344,-1.411708068847659,26.8,28.037487030029297,1.2374870300292962,35.5,35.47178649902344,-0.0282135009765625
2685,M,163.7,74.0,7.230299752999599,9.614188747000298,101.1,102.2511215209961,1.1511215209960994,96.8,93.0595932006836,-3.7404067993164034,95.2,97.37134552001953,2.1713455200195284,59.3,58.60227966308594,-0.6977203369140597,39.0,38.77101516723633,-0.22898483276367188,37.8,33.87240982055664,-3.9275901794433565,39.0,38.585174560546875,-0.414825439453125
4182,M,179.0,95.3,7.230299752999599,9.614188747000298,105.2,110.8448715209961,5.644871520996091,97.9,100.11883544921875,2.2188354492187443,108.1,106.68359375,-1.4164062499999943,67.2,65.51514434814453,-1.6848556518554716,42.4,42.33229064941406,-0.06770935058593608,36.3,37.28720474243164,0.9872047424316435,40.4,41.405921936035156,1.0059219360351577
1992,M,178.7,78.8,7.230299752999599,9.614188747000298,105.0,103.00848388671875,-1.99151611328125,93.0,87.36671447753906,-5.6332855224609375,101.9,99.01551818847656,-2.884481811523443,59.4,59.374656677246094,-0.02534332275390483,40.8,38.89063262939453,-1.909367370605466,33.1,33.92647171020508,0.8264717102050767,40.8,40.869224548339844,0.06922454833984659
2614,M,168.1,75.0,7.230299752999599,9.614188747000298,101.3,102.22114562988281,0.9211456298828153,93.9,90.79188537597656,-3.108114624023443,97.0,97.64447784423828,0.6444778442382812,60.6,58.69157791137695,-1.9084220886230483,39.0,38.775352478027344,-0.22464752197265625,33.5,33.77246856689453,0.27246856689453125,40.4,39.18318176269531,-1.216818237304686
184,M,185.3,85.8,7.230299752999599,9.614188747000298,104.6,105.48877716064453,0.8887771606445369,85.0,88.82333374023438,3.823333740234375,103.0,101.92542266845703,-1.0745773315429688,62.2,61.45009994506836,-0.7499000549316435,39.9,40.03671646118164,0.13671646118164205,32.4,34.97686767578125,2.5768676757812514,42.0,41.88361740112305,-0.11638259887695312
1620,M,164.7,64.5,7.230299752999599,9.614188747000298,99.5,96.2829818725586,-3.2170181274414062,82.3,83.94869995117188,1.6486999511718778,99.0,92.11831665039062,-6.881683349609375,58.4,54.670936584472656,-3.7290634155273423,36.0,36.42291259765625,0.42291259765625,31.5,31.610977172851562,0.1109771728515625,37.8,38.28777313232422,0.4877731323242216
4442,F,154.5,53.4,7.230299752999599,9.614188747000298,88.8,87.4605484008789,-1.339451599121091,79.0,76.83403015136719,-2.1659698486328125,89.8,91.20179748535156,1.4017974853515653,52.8,54.3297004699707,1.529700469970706,33.5,34.09172058105469,0.5917205810546875,30.0,28.979103088378906,-1.0208969116210938,35.3,34.486454010009766,-0.8135459899902315
511,M,163.5,63.3,7.230299752999599,9.614188747000298,96.1,95.70040893554688,-0.3995910644531193,84.5,83.56777954101562,-0.932220458984375,90.3,91.51498413085938,1.2149841308593778,53.4,54.31936264038086,0.9193626403808608,37.6,36.12433624267578,-1.4756637573242202,32.4,31.374990463256836,-1.0250095367431626,38.3,38.07219314575195,-0.22780685424804403
1209,M,176.2,71.9,7.230299752999599,9.614188747000298,94.3,99.62077331542969,5.32077331542969,79.9,82.85547637939453,2.9554763793945256,95.5,95.62086486816406,0.1208648681640625,57.3,56.80113220214844,-0.49886779785155966,39.1,37.518070220947266,-1.5819297790527358,31.9,32.587135314941406,0.6871353149414077,38.8,40.2230339050293,1.4230339050292997
62,F,158.5,47.4,7.230299752999599,9.614188747000298,84.5,81.51460266113281,-2.9853973388671875,70.1,67.26959991455078,-2.830400085449213,85.5,87.5650863647461,2.0650863647460938,50.5,51.19835662841797,0.6983566284179688,31.2,32.463294982910156,1.263294982910157,28.1,26.28992462158203,-1.8100753784179702,34.5,34.482872009277344,-0.01712799072265625
3274,F,159.1,55.7,7.230299752999599,9.614188747000298,83.0,87.79195404052734,4.791954040527344,78.2,76.00244140625,-2.197558593750003,92.6,92.88777923583984,0.28777923583984943,53.3,55.244747161865234,1.9447471618652372,36.5,34.748233795166016,-1.7517662048339844,28.5,29.094017028808594,0.5940170288085938,36.4,35.07213592529297,-1.3278640747070298
2778,M,165.0,59.1,7.230299752999599,9.614188747000298,92.7,92.76409912109375,0.06409912109374716,78.5,78.59967041015625,0.09967041015625,86.4,89.16072082519531,2.760720825195307,53.4,52.24067306518555,-1.1593269348144517,38.0,34.91637420654297,-3.0836257934570312,30.7,29.991708755493164,-0.7082912445068352,36.5,37.997779846191406,1.4977798461914062
3868,F,152.5,52.3,7.230299752999599,9.614188747000298,88.3,87.1156005859375,-1.1843994140624972,81.2,76.888671875,-4.311328125000003,91.8,90.40997314453125,-1.3900268554687472,54.7,53.839027404785156,-0.8609725952148466,34.6,33.75638198852539,-0.8436180114746108,28.0,28.843509674072266,0.8435096740722656,33.8,34.253028869628906,0.4530288696289091
1126,F,163.0,62.4,7.230299752999599,9.614188747000298,93.0,91.23101043701172,-1.7689895629882812,81.6,79.85050201416016,-1.749497985839838,98.0,97.28617095947266,-0.7138290405273438,57.1,58.351505279541016,1.2515052795410142,36.5,36.416194915771484,-0.08380508422851562,30.9,30.5474853515625,-0.3525146484374986,33.8,35.9713134765625,2.171313476562503
838,M,178.6,79.3,7.230299752999599,9.614188747000298,108.4,103.25910949707031,-5.140890502929693,80.7,87.69831848144531,6.99831848144531,96.4,99.2740478515625,2.8740478515624943,59.4,59.591552734375,0.19155273437500142,37.8,38.99365234375,1.1936523437500028,37.5,34.02841567993164,-3.4715843200683594,40.1,40.868629455566406,0.7686294555664048
251,F,152.2,52.8,7.230299752999599,9.614188747000298,86.4,87.599853515625,1.1998535156249943,73.6,77.7441635131836,4.144163513183599,92.2,90.72862243652344,-1.4713775634765653,56.8,54.06085205078125,-2.739147949218747,34.3,33.89109802246094,-0.40890197753905966,31.5,29.026187896728516,-2.4738121032714844,32.9,34.25608825683594,1.356088256835939
625,F,164.4,52.2,7.230299752999599,9.614188747000298,84.1,83.57615661621094,-0.5238433837890568,67.9,69.3771743774414,1.4771743774414006,92.3,90.82461547851562,-1.4753845214843722,52.9,53.204227447509766,0.30422744750976705,34.7,33.64281463623047,-1.057185363769534,27.2,27.062633514404297,-0.13736648559570241,32.7,35.42115783691406,2.7211578369140597
2755,F,152.6,44.0,7.230299752999599,9.614188747000298,79.7,80.23289489746094,0.5328948974609347,63.3,66.22967529296875,2.929675292968753,84.6,85.08817291259766,0.48817291259766193,50.9,49.59803009033203,-1.3019699096679673,31.8,31.55431365966797,-0.24568634033203196,27.7,25.703659057617188,-1.9963409423828118,34.5,33.7481803894043,-0.7518196105957031
4463,F,145.5,49.1,7.230299752999599,9.614188747000298,82.5,86.30360412597656,3.8036041259765625,80.8,77.29679870605469,-3.5032012939453097,87.4,88.36836242675781,0.9683624267578068,51.8,52.729942321777344,0.9299423217773466,31.4,32.81818389892578,1.4181838989257827,29.5,28.379535675048828,-1.1204643249511719,31.5,33.5611457824707,2.061145782470703
4638,F,160.4,51.1,7.230299752999599,9.614188747000298,81.0,83.84848022460938,2.848480224609375,70.7,70.11260986328125,-0.5873901367187528,90.6,90.02406311035156,-0.5759368896484318,53.4,53.06801223754883,-0.33198776245117045,32.0,33.42036056518555,1.4203605651855469,28.6,27.357656478881836,-1.2423435211181655,30.8,34.90834426879883,4.108344268798827
1612,M,168.3,89.1,7.230299752999599,9.614188747000298,120.0,109.54458618164062,-10.455413818359375,101.0,102.12328338623047,1.1232833862304688,102.8,104.73106384277344,1.9310638427734403,66.1,64.57197570800781,-1.5280242919921818,40.1,41.86529541015625,1.7652954101562486,40.4,36.791160583496094,-3.608839416503905,42.3,39.67914581298828,-2.620854187011716
122,F,162.8,64.5,7.230299752999599,9.614188747000298,93.5,92.71109771728516,-0.7889022827148438,81.9,81.99211883544922,0.09211883544921307,98.0,98.5804214477539,0.5804214477539062,62.1,59.37297058105469,-2.727029418945314,38.0,36.990150451660156,-1.0098495483398438,31.1,31.146190643310547,0.046190643310545454,35.4,36.097557067871094,0.6975570678710952
3085,M,172.8,71.5,7.230299752999599,9.614188747000298,107.9,99.75934600830078,-8.140653991699224,77.6,84.63483428955078,7.034834289550787,94.6,95.58645629882812,0.9864562988281307,54.6,56.988372802734375,2.3883728027343736,38.2,37.68942642211914,-0.5105735778808622,33.4,32.72819137573242,-0.6718086242675767,42.6,39.691856384277344,-2.9081436157226577
1020,M,175.9,71.2,7.230299752999599,9.614188747000298,99.8,99.27976989746094,-0.5202301025390597,80.5,82.36272430419922,1.8627243041992188,95.7,95.2703857421875,-0.42961425781250284,56.3,56.56786346435547,0.2678634643554716,37.2,37.3779296875,0.17792968749999716,30.6,32.44047546386719,1.840475463867186,40.4,40.14601516723633,-0.25398483276367045
3576,F,158.3,52.6,7.230299752999599,9.614188747000298,87.3,85.63953399658203,-1.660466003417966,71.2,72.99390411376953,1.7939041137695284,89.5,90.92500305175781,1.4250030517578125,50.0,53.917335510253906,3.9173355102539062,33.8,33.882347106933594,0.08234710693359659,27.2,28.223007202148438,1.0230072021484382,34.7,34.782569885253906,0.08256988525390341
2552,F,153.2,52.4,7.230299752999599,9.614188747000298,88.5,87.01353454589844,-1.4864654541015625,84.4,76.4959716796875,-7.904028320312506,92.4,90.5137710571289,-1.8862289428710994,54.5,53.896583557128906,-0.6034164428710938,32.2,33.79652786254883,1.5965278625488253,29.9,28.801841735839844,-1.0981582641601548,32.1,34.3114013671875,2.2114013671874986
1533,M,164.3,61.6,7.230299752999599,9.614188747000298,100.0,94.45540618896484,-5.544593811035156,72.3,81.28276824951172,8.982768249511722,89.5,90.62715148925781,1.1271514892578125,52.0,53.481689453125,1.481689453125,34.7,35.628753662109375,0.9287536621093722,31.7,30.82018280029297,-0.8798171997070305,37.2,38.061767578125,0.8617675781249972
567,F,165.7,55.7,7.230299752999599,9.614188747000298,88.4,85.81501007080078,-2.5849899291992244,72.9,72.0809326171875,-0.8190673828125057,92.7,93.04329681396484,0.3432968139648409,57.9,54.793853759765625,-3.1061462402343736,34.3,34.5610466003418,0.2610466003417997,27.5,28.11590576171875,0.61590576171875,32.8,35.82713317871094,3.0271331787109403
1886,F,164.0,68.3,7.230299752999599,9.614188747000298,99.7,94.80773162841797,-4.892268371582034,88.7,84.3890380859375,-4.310961914062503,100.9,100.64846801757812,-0.2515319824218807,60.6,61.018653869628906,0.41865386962890483,39.5,37.90648651123047,-1.5935134887695312,33.0,32.080963134765625,-0.919036865234375,36.8,36.46461868286133,-0.33538131713866903
3323,M,164.2,60.2,7.230299752999599,9.614188747000298,94.2,93.60049438476562,-0.5995056152343778,74.0,80.1617660522461,6.161766052246094,92.2,89.79283905029297,-2.407160949707034,54.5,52.7957649230957,-1.7042350769042969,36.6,35.280784606933594,-1.3192153930664077,30.3,30.423542022705078,0.12354202270507741,38.3,37.97743225097656,-0.32256774902343466
693,M,175.8,72.0,7.230299752999599,9.614188747000298,96.8,99.7330551147461,2.9330551147460966,77.3,83.16645812988281,5.866458129882815,94.5,95.7327651977539,1.2327651977539062,58.9,56.900001525878906,-1.9999984741210923,38.5,37.564876556396484,-0.9351234436035156,33.9,32.634891510009766,-1.265108489990233,41.6,40.16041564941406,-1.439584350585939
3655,F,170.0,60.8,7.230299752999599,9.614188747000298,96.0,88.38662719726562,-7.613372802734375,79.8,74.80165100097656,-4.998348999023435,90.2,96.0521240234375,5.852124023437497,53.3,56.615943908691406,3.315943908691409,36.0,35.619781494140625,-0.380218505859375,31.7,29.1263427734375,-2.5736572265624993,35.8,36.69013214111328,0.8901321411132841
3381,F,153.7,63.8,7.230299752999599,9.614188747000298,92.7,94.76858520507812,2.068585205078122,92.2,87.87767028808594,-4.322329711914065,93.1,97.42982482910156,4.329824829101568,55.0,58.85707092285156,3.8570709228515625,37.1,36.772377014160156,-0.32762298583984517,30.5,32.013328552246094,1.5133285522460938,36.9,35.118221282958984,-1.7817787170410142
1534,M,174.8,69.8,7.230299752999599,9.614188747000298,95.4,98.59794616699219,3.197946166992182,79.0,81.91508483886719,2.9150848388671875,97.7,94.63113403320312,-3.068865966796878,57.5,56.11121368408203,-1.3887863159179688,33.3,37.11687469482422,3.8168746948242216,35.6,32.19192886352539,-3.408071136474611,41.5,39.90867614746094,-1.5913238525390625
4072,F,160.2,52.0,7.230299752999599,9.614188747000298,84.6,84.53739929199219,-0.06260070800780682,79.0,71.11060333251953,-7.889396667480469,87.2,90.63107299804688,3.431072998046872,51.2,53.525814056396484,2.3258140563964815,30.6,33.697628021240234,3.097628021240233,29.2,27.682655334472656,-1.517344665527343,34.7,34.92751693725586,0.22751693725585653
1340,M,170.2,67.7,7.230299752999599,9.614188747000298,100.7,97.75015258789062,-2.949847412109378,83.2,83.06477355957031,-0.13522644042969034,90.9,93.68623352050781,2.786233520507807,54.1,55.63932418823242,1.5393241882324205,37.0,36.991580963134766,-0.008419036865234375,30.8,32.011863708496094,1.211863708496093,38.5,39.15280532836914,0.6528053283691406
3927,M,171.6,68.8,7.230299752999599,9.614188747000298,100.4,98.33790588378906,-2.062094116210943,85.9,83.08045959472656,-2.819540405273443,93.7,94.25839233398438,0.5583923339843722,55.7,55.986228942871094,0.2862289428710909,37.2,37.121986389160156,-0.07801361083984659,32.5,32.165489196777344,-0.33451080322265625,39.1,39.39836502075195,0.2983650207519517
3954,F,165.3,58.6,7.230299752999599,9.614188747000298,87.3,87.93427276611328,0.6342727661132841,73.2,75.04193115234375,1.8419311523437472,86.7,94.85794067382812,8.157940673828122,55.9,56.28525161743164,0.38525161743164205,35.6,35.362586975097656,-0.23741302490234517,28.0,29.09680938720703,1.0968093872070312,36.5,35.97246551513672,-0.5275344848632812
720,F,155.8,45.2,7.230299752999599,9.614188747000298,79.0,80.4740219116211,1.4740219116210938,64.1,66.13302612304688,2.0330261230468807,85.3,86.02017974853516,0.7201797485351591,49.3,50.17774200439453,0.8777420043945341,32.6,31.89540672302246,-0.7045932769775405,23.8,25.840023040771484,2.0400230407714837,33.6,34.100303649902344,0.5003036499023423
2820,F,156.8,59.5,7.230299752999599,9.614188747000298,89.5,91.2557144165039,1.7557144165039062,76.8,81.57575988769531,4.775759887695315,98.0,95.03768157958984,-2.9623184204101562,57.8,57.05349349975586,-0.7465065002441378,37.3,35.71333312988281,-1.5866668701171847,29.2,30.56732940673828,1.367329406738282,35.9,35.10847473144531,-0.7915252685546861
2119,F,155.0,48.9,7.230299752999599,9.614188747000298,86.0,83.72319030761719,-2.2768096923828125,77.5,70.7264404296875,-6.7735595703125,86.4,88.42056274414062,2.0205627441406193,50.2,52.279563903808594,2.079563903808591,31.3,32.895057678222656,1.5950576782226555,27.3,27.4295654296875,0.1295654296874993,36.3,34.23516082763672,-2.0648391723632784
1505,M,179.4,75.7,7.230299752999599,9.614188747000298,96.3,101.28996276855469,4.98996276855469,82.9,84.1844482421875,1.2844482421874943,100.3,97.38714599609375,-2.912854003906247,61.2,58.02384948730469,-3.1761505126953153,38.0,38.153236389160156,0.15323638916015625,32.4,33.199676513671875,0.7996765136718764,41.3,40.854766845703125,-0.44523315429687216
2110,F,160.2,57.9,7.230299752999599,9.614188747000298,88.9,89.1466293334961,0.24662933349608807,81.0,77.65867614746094,-3.3413238525390625,97.0,94.21822357177734,-2.7817764282226562,59.9,56.224849700927734,-3.675150299072264,33.9,35.318519592285156,1.4185195922851577,29.7,29.663249969482422,-0.036750030517577414,37.2,35.367855072021484,-1.8321449279785185
3333,M,166.9,67.8,7.230299752999599,9.614188747000298,98.0,98.10696411132812,0.106964111328125,86.5,85.39490509033203,-1.1050949096679688,95.0,93.75816345214844,-1.2418365478515625,52.7,55.83946228027344,3.1394622802734347,37.5,37.21408462524414,-0.2859153747558594,30.5,32.25029754638672,1.7502975463867188,40.5,38.71717834472656,-1.7828216552734375
602,F,161.8,54.1,7.230299752999599,9.614188747000298,85.4,85.70849609375,0.3084960937499943,69.0,72.39030456542969,3.3903045654296875,95.9,92.02603912353516,-3.8739608764648494,57.2,54.41407012939453,-2.7859298706054716,34.3,34.2584342956543,-0.04156570434570028,29.3,28.164052963256836,-1.1359470367431648,35.4,35.262451171875,-0.13754882812499858
5059,M,161.5,63.9,7.230299752999599,9.614188747000298,99.3,96.45935821533203,-2.840641784667966,80.4,85.63188171386719,5.231881713867182,90.9,91.76914978027344,0.8691497802734318,58.1,54.77880096435547,-3.3211990356445327,37.6,36.332740783691406,-1.2672592163085952,30.2,31.735034942626953,1.5350349426269538,36.4,37.865692138671875,1.4656921386718764
4570,F,156.7,59.6,7.230299752999599,9.614188747000298,86.7,91.36221313476562,4.662213134765622,83.0,81.77679443359375,-1.22320556640625,97.0,95.08263397216797,-1.9173660278320312,58.2,57.08782958984375,-1.1121704101562528,35.7,35.74153137207031,0.04153137207030966,29.8,30.62017822265625,0.8201782226562493,34.8,35.11930847167969,0.31930847167969034
3408,M,175.0,72.2,7.230299752999599,9.614188747000298,97.7,99.91290283203125,2.212902832031247,83.0,83.85704803466797,0.8570480346679688,95.2,95.83030700683594,0.6303070068359347,56.6,57.04212951660156,0.4421295166015611,36.1,37.67290115356445,1.5729011535644517,31.5,32.727272033691406,1.2272720336914062,39.4,40.05341720581055,0.6534172058105483
3318,M,174.1,80.6,7.230299752999599,9.614188747000298,100.2,104.48788452148438,4.287884521484372,100.2,91.61321258544922,-8.586787414550784,98.3,100.20729064941406,1.9072906494140653,58.1,60.58009338378906,2.480093383789061,39.5,39.625762939453125,0.125762939453125,31.0,34.608436584472656,3.6084365844726562,38.2,40.246910095214844,2.046910095214841
4161,F,155.3,58.0,7.230299752999599,9.614188747000298,89.4,90.69020080566406,1.2902008056640568,84.7,81.21727752685547,-3.482722473144534,93.6,94.08595275878906,0.4859527587890682,54.5,56.397193908691406,1.8971939086914062,34.0,35.349159240722656,1.3491592407226562,30.5,30.318660736083984,-0.18133926391601562,35.3,34.86748123168945,-0.43251876831054403
318,F,165.5,53.9,7.230299752999599,9.614188747000298,83.4,84.53250122070312,1.1325012207031193,72.7,70.4649887084961,-2.235011291503909,90.4,91.96231842041016,1.5623184204101506,51.8,53.948570251464844,2.1485702514648466,34.3,34.0831298828125,-0.21687011718749716,27.3,27.51856803894043,0.21856803894042898,34.5,35.679725646972656,1.1797256469726562
4526,M,176.5,100.4,7.230299752999599,9.614188747000298,114.3,113.4288101196289,-0.8711898803710909,110.3,105.18260955810547,-5.117390441894528,113.5,109.1878890991211,-4.312110900878906,67.9,67.63018798828125,-0.2698120117187557,43.9,43.528533935546875,-0.3714660644531236,39.1,38.52019119262695,-0.5798088073730483,40.9,41.18165588378906,0.2816558837890639
1491,M,177.7,69.0,7.230299752999599,9.614188747000298,99.9,97.82875061035156,-2.071249389648443,79.6,79.62187194824219,0.021871948242193184,95.8,94.09715270996094,-1.7028472900390597,57.4,55.51073455810547,-1.8892654418945298,37.1,36.71478271484375,-0.3852172851562514,29.6,31.740375518798828,2.1403755187988267,40.8,40.29948425292969,-0.5005157470703097
274,F,163.5,90.3,7.230299752999599,9.614188747000298,110.9,106.53712463378906,-4.362875366210943,100.8,101.08970642089844,0.28970642089844034,112.5,112.13580322265625,-0.36419677734375,69.9,69.55717468261719,-0.3428253173828182,43.1,42.809635162353516,-0.2903648376464858,38.8,37.373741149902344,-1.4262588500976534,40.3,37.32688903808594,-2.9731109619140597
3488,M,168.5,73.9,7.230299752999599,9.614188747000298,102.8,101.56716918945312,-1.2328308105468722,91.9,89.59795379638672,-2.302046203613287,97.5,97.0586166381836,-0.44138336181640625,57.9,58.20634460449219,0.3063446044921889,39.7,38.51453399658203,-1.1854660034179716,37.5,33.508365631103516,-3.9916343688964844,41.5,39.19147872924805,-2.308521270751953
549,M,177.5,75.3,7.230299752999599,9.614188747000298,98.7,101.312255859375,2.612255859374997,82.9,84.96499633789062,2.0649963378906193,96.9,97.35604858398438,0.4560485839843693,60.7,58.09063720703125,-2.609362792968753,37.3,38.16473388671875,0.8647338867187528,35.4,33.24259567260742,-2.1574043273925767,39.2,40.565467834472656,1.3654678344726534
4712,F,166.8,50.5,7.230299752999599,9.614188747000298,78.3,81.83145141601562,3.531451416015628,66.8,67.12397766113281,0.32397766113281534,88.6,89.68740844726562,1.0874084472656307,49.0,51.895633697509766,2.8956336975097656,34.0,33.043155670166016,-0.9568443298339844,25.2,26.069047927856445,0.869047927856446,36.3,35.62763214111328,-0.6723678588867159
1839,F,162.3,55.5,7.230299752999599,9.614188747000298,86.0,86.57765197753906,0.5776519775390625,77.1,73.5127944946289,-3.587205505371088,95.9,92.88174438476562,-3.0182556152343807,60.4,55.0238151550293,-5.376184844970702,33.0,34.647979736328125,1.647979736328125,28.7,28.549097061157227,-0.15090293884277273,36.0,35.41562271118164,-0.5843772888183594
4983,F,166.5,100.1,7.230299752999599,9.614188747000298,100.3,110.33982849121094,10.03982849121094,103.5,105.91790008544922,2.4179000854492188,117.3,116.45750427246094,-0.8424957275390597,74.7,72.31660461425781,-2.3833953857421903,43.6,44.71010208129883,1.1101020812988267,38.3,39.1076545715332,0.807654571533206,35.5,37.86648178100586,2.3664817810058594
3058,M,170.5,74.7,7.230299752999599,9.614188747000298,98.8,101.78067016601562,2.980670166015628,86.7,88.87295532226562,2.172955322265622,99.4,97.43788146972656,-1.9621185302734432,61.6,58.454627990722656,-3.145372009277345,38.4,38.5502815246582,0.15028152465820455,33.1,33.542701721191406,0.44270172119140483,38.5,39.49026870727539,0.9902687072753906
605,F,158.1,53.5,7.230299752999599,9.614188747000298,85.2,86.39923095703125,1.1992309570312472,76.4,74.1573715209961,-2.242628479003912,94.8,91.51993560791016,-3.280064392089841,54.7,54.33378219604492,-0.36621780395508097,33.5,34.14021301269531,0.6402130126953125,28.3,28.534629821777344,0.23462982177734304,33.4,34.8201789855957,1.4201789855957045
3535,F,158.0,66.1,7.230299752999599,9.614188747000298,96.3,95.20056915283203,-1.099430847167966,92.1,86.72550964355469,-5.374490356445307,99.9,99.02781677246094,-0.8721832275390682,60.0,60.034263610839844,0.03426361083984375,36.7,37.463157653808594,0.7631576538085909,32.7,32.21490478515625,-0.48509521484375284,37.0,35.69258499145508,-1.3074150085449219
527,M,181.7,82.1,7.230299752999599,9.614188747000298,103.6,104.2458267211914,0.6458267211914119,92.7,88.25810241699219,-4.441897583007815,101.5,100.45767974853516,-1.0423202514648438,59.1,60.396095275878906,1.2960952758789048,39.8,39.469791412353516,-0.33020858764648153,32.3,34.46471405029297,2.1647140502929716,43.2,41.367286682128906,-1.8327133178710966
1451,F,159.0,42.3,7.230299752999599,9.614188747000298,78.8,77.26434326171875,-1.5356567382812472,62.5,62.410804748535156,-0.08919525146484375,83.7,83.96186065673828,0.2618606567382784,47.5,48.08185577392578,0.5818557739257812,31.4,31.014827728271484,-0.3851722717285142,23.6,24.041606903076172,0.44160690307617045,34.8,34.1968994140625,-0.6031005859374972
2440,M,169.7,75.0,7.230299752999599,9.614188747000298,106.0,102.05433654785156,-3.9456634521484375,98.2,89.63629150390625,-8.563708496093753,97.4,97.64201354980469,0.24201354980468182,58.2,58.62730407714844,0.42730407714843466,39.1,38.66966247558594,-0.4303375244140639,34.7,33.678138732910156,-1.0218612670898466,39.7,39.40111541748047,-0.2988845825195341
4844,F,160.4,44.6,7.230299752999599,9.614188747000298,76.8,78.8376235961914,2.037623596191409,62.3,64.108154296875,1.8081542968750028,85.6,85.56954956054688,-0.030450439453119316,47.5,49.344276428222656,1.8442764282226562,31.4,31.680662155151367,0.2806621551513686,23.4,24.787599563598633,1.3875995635986342,33.7,34.48258972167969,0.7825897216796847
829,M,174.4,76.7,7.230299752999599,9.614188747000298,101.5,102.42637634277344,0.9263763427734375,83.5,88.03042602539062,4.530426025390625,97.6,98.21195983886719,0.6119598388671932,58.1,58.970970153808594,0.8709701538085923,39.0,38.718238830566406,-0.28176116943359375,33.9,33.73862075805664,-0.16137924194335795,41.2,40.15626525878906,-1.0437347412109403
3930,M,173.5,99.6,7.230299752999599,9.614188747000298,114.4,113.59941864013672,-0.8005813598632869,103.2,106.28073120117188,3.080731201171872,112.7,109.00945281982422,-3.690547180175784,69.6,67.73682403564453,-1.863175964355463,43.3,43.630035400390625,0.33003540039062784,38.3,38.63262939453125,0.33262939453125284,42.4,40.71417999267578,-1.6858200073242173
4916,M,172.4,65.9,7.230299752999599,9.614188747000298,94.3,96.48194885253906,2.1819488525390653,83.0,80.21195220947266,-2.7880477905273438,92.2,92.66450500488281,0.46450500488280966,53.1,54.68090057373047,1.5809005737304673,36.9,36.37485122680664,-0.525148773193358,31.8,31.37432861328125,-0.4256713867187507,39.6,39.37181854248047,-0.22818145751953267
1937,F,152.5,50.8,7.230299752999599,9.614188747000298,85.2,85.93074798583984,0.7307479858398409,78.7,74.91151428222656,-3.7884857177734403,92.7,89.47579956054688,-3.224200439453128,56.0,53.176780700683594,-2.8232192993164062,33.6,33.36460876464844,-0.23539123535156392,28.2,28.352609634399414,0.15260963439941477,33.0,34.160831451416016,1.1608314514160156
2118,F,162.3,91.3,7.230299752999599,9.614188747000298,112.0,107.37112426757812,-4.628875732421875,103.9,102.76754760742188,-1.1324523925781307,111.5,112.70822143554688,1.208221435546875,71.8,70.00403594970703,-1.795964050292966,45.6,43.04695510864258,-2.5530448913574233,37.4,37.638214111328125,0.23821411132812642,38.7,37.25569534301758,-1.4443046569824247
298,F,167.8,60.7,7.230299752999599,9.614188747000298,93.2,88.77955627441406,-4.42044372558594,76.5,75.73216247558594,-0.7678375244140625,97.7,96.07891845703125,-1.6210815429687528,57.4,56.92761993408203,-0.47238006591796733,32.4,35.738365173339844,3.338365173339845,29.8,29.400928497314453,-0.3990715026855476,37.8,36.43208694458008,-1.367913055419919
68,F,165.9,60.4,7.230299752999599,9.614188747000298,90.6,88.98841857910156,-1.6115814208984318,74.6,76.36772155761719,1.7677215576171932,96.5,96.02165985107422,-0.47834014892578125,54.4,57.065185546875,2.6651855468750014,36.2,35.749942779541016,-0.4500572204589872,30.0,29.540908813476562,-0.4590911865234375,38.8,36.17411804199219,-2.6258819580078097
2945,M,175.3,71.3,7.230299752999599,9.614188747000298,98.6,99.4000244140625,0.8000244140625057,86.5,82.8514404296875,-3.6485595703125,98.5,95.38766479492188,-3.112335205078125,59.7,56.68163299560547,-3.018367004394534,36.6,37.40235137939453,0.8023513793945298,33.0,32.49488830566406,-0.5051116943359375,36.7,40.05707931518555,3.357079315185544
1740,M,173.5,56.4,7.230299752999599,9.614188747000298,89.6,89.8614501953125,0.2614501953125057,78.7,71.43569946289062,-7.264300537109378,88.5,87.55149841308594,-0.9485015869140625,51.9,50.13532257080078,-1.7646774291992173,34.6,33.80084991455078,-0.7991500854492202,28.8,27.960464477539062,-0.8395355224609382,38.2,38.90179443359375,0.7017944335937472
2549,F,159.1,45.7,7.230299752999599,9.614188747000298,81.0,80.01517486572266,-0.9848251342773438,64.2,65.40760803222656,1.2076080322265597,87.4,86.39107513427734,-1.008924865722662,52.7,50.132625579833984,-2.5673744201660185,30.8,32.017333984375,1.2173339843749993,26.1,25.4517765045166,-0.6482234954833999,35.8,34.428829193115234,-1.3711708068847628
3880,F,158.6,56.9,7.230299752999599,9.614188747000298,86.1,88.9111557006836,2.8111557006835994,82.5,77.74996185302734,-4.750038146972656,95.3,93.56975555419922,-1.7302444458007784,55.2,55.790565490722656,0.5905654907226534,33.0,35.058021545410156,2.0580215454101562,29.0,29.56195068359375,0.56195068359375,35.9,35.122379302978516,-0.777620697021483
3841,M,181.6,84.1,7.230299752999599,9.614188747000298,104.0,105.21986389160156,1.2198638916015625,94.8,89.79273223876953,-5.007267761230466,102.5,101.32086181640625,-1.17913818359375,61.7,61.13981628417969,-0.5601837158203153,39.6,39.893829345703125,0.2938293457031236,33.8,34.870079040527344,1.0700790405273466,41.2,41.40645217895508,0.20645217895507528
1669,M,166.7,78.7,7.230299752999599,9.614188747000298,107.0,104.3877944946289,-2.6122055053710938,102.7,94.95611572265625,-7.743884277343753,99.5,99.79745483398438,0.297454833984375,60.3,60.4188232421875,0.11882324218750284,39.9,39.6850471496582,-0.21495285034179545,33.7,34.66230392456055,0.962303924560544,39.7,39.13146209716797,-0.5685379028320341
1425,F,163.5,52.7,7.230299752999599,9.614188747000298,87.7,84.19772338867188,-3.502276611328128,71.3,70.19442749023438,-1.1055725097656222,89.1,91.16615295410156,2.066152954101568,53.1,53.584686279296875,0.4846862792968736,35.2,33.815147399902344,-1.384852600097659,27.2,27.39792251586914,0.19792251586914134,35.5,35.36228561401367,-0.13771438598632812
150,F,163.5,47.6,7.230299752999599,9.614188747000298,76.7,80.3740234375,3.674023437499997,64.0,65.67791748046875,1.67791748046875,89.2,87.78411102294922,-1.415888977050784,51.9,50.7283935546875,-1.1716064453124986,32.6,32.45832824707031,-0.14167175292968892,24.9,25.462017059326172,0.5620170593261733,35.4,35.030460357666016,-0.36953964233398295
756,F,157.4,54.2,7.230299752999599,9.614188747000298,86.0,87.21543884277344,1.2154388427734375,68.2,75.61540222167969,7.415402221679685,91.7,91.86528015136719,0.16528015136718466,54.1,54.638084411621094,0.5380844116210923,34.3,34.33814239501953,0.03814239501953409,28.7,28.881195068359375,0.1811950683593757,34.1,34.81632995605469,0.7163299560546861
4291,F,158.6,62.4,7.230299752999599,9.614188747000298,95.8,92.59468078613281,-3.2053192138671847,84.7,82.98178100585938,-1.7182189941406278,96.4,96.93218994140625,0.5321899414062443,54.4,58.3347282409668,3.9347282409667983,36.2,36.455806732177734,0.25580673217773153,31.2,31.124080657958984,-0.07591934204101491,38.7,35.505882263183594,-3.194117736816409
2570,F,144.0,43.4,7.230299752999599,9.614188747000298,83.8,81.71620178222656,-2.0837982177734347,75.2,69.72850036621094,-5.471499633789065,84.4,84.44189453125,0.041894531249994316,53.4,49.86173629760742,-3.5382637023925767,31.5,31.275423049926758,-0.2245769500732422,26.4,26.291202545166016,-0.10879745483398295,33.3,33.15188217163086,-0.14811782836913778
1158,M,170.0,79.6,7.230299752999599,9.614188747000298,105.3,104.520751953125,-0.7792480468749972,92.5,93.34120178222656,0.8412017822265625,104.9,99.91951751708984,-4.980482482910162,64.7,60.53837585449219,-4.161624145507815,41.8,39.693443298339844,-2.1065567016601534,33.8,34.67311477661133,0.873114776611331,40.0,39.61285400390625,-0.38714599609375
4092,M,176.5,70.2,7.230299752999599,9.614188747000298,93.6,98.64999389648438,5.049993896484381,80.7,81.22785949707031,0.5278594970703097,94.4,94.7861328125,0.3861328124999943,55.3,56.12519836425781,0.8251983642578153,36.5,37.067073822021484,0.5670738220214844,32.4,32.126583099365234,-0.2734169006347642,39.6,40.18231201171875,0.5823120117187486
2985,F,157.7,51.1,7.230299752999599,9.614188747000298,81.9,84.66504669189453,2.7650466918945256,75.3,71.61691284179688,-3.683087158203122,90.8,89.93069458007812,-0.8693054199218722,53.6,53.24150085449219,-0.3584991455078139,33.8,33.456504821777344,-0.3434951782226534,27.8,27.80992889404297,0.00992889404296804,33.2,34.634315490722656,1.4343154907226534
2018,M,170.0,60.2,7.230299752999599,9.614188747000298,96.1,92.94398498535156,-3.156015014648432,79.5,76.69529724121094,-2.8047027587890625,91.3,89.81021118164062,-1.4897888183593722,49.8,52.367279052734375,2.567279052734378,36.2,35.02074432373047,-1.179255676269534,30.2,29.81151580810547,-0.38848419189453054,38.3,38.719932556152344,0.4199325561523466
1965,M,183.0,76.2,7.230299752999599,9.614188747000298,98.2,101.0676498413086,2.867649841308591,93.5,82.34745025634766,-11.152549743652344,97.0,97.49772644042969,0.4977264404296875,57.5,57.918880462646484,0.4188804626464844,37.1,38.0392951965332,0.9392951965332017,35.0,33.03582000732422,-1.9641799926757812,39.5,41.31007385253906,1.8100738525390625
376,M,176.4,89.7,7.230299752999599,9.614188747000298,108.3,108.6793212890625,0.37932128906250284,96.5,97.51216125488281,1.0121612548828125,105.9,104.2046890258789,-1.6953109741210994,64.6,63.73209762573242,-0.8679023742675724,41.9,41.4320182800293,-0.4679817199707017,36.4,36.33934783935547,-0.06065216064452983,39.4,40.86611557006836,1.4661155700683608
4827,M,168.9,63.4,7.230299752999599,9.614188747000298,95.8,95.11494445800781,-0.6850555419921847,79.0,80.07328796386719,1.0732879638671875,91.4,91.52156066894531,0.12156066894530682,53.6,53.90464782714844,0.3046478271484361,35.4,35.92078399658203,0.5207839965820327,31.5,30.942760467529297,-0.5572395324707031,41.1,38.753875732421875,-2.3461242675781264
2512,F,161.8,56.0,7.230299752999599,9.614188747000298,87.0,87.121826171875,0.121826171875,77.7,74.37683868408203,-3.3231613159179716,90.7,93.16258239746094,2.4625823974609347,57.9,55.276390075683594,-2.623609924316405,35.9,34.7938232421875,-1.1061767578124986,30.0,28.800079345703125,-1.199920654296875,35.3,35.402618408203125,0.10261840820312784
859,F,153.6,42.7,7.230299752999599,9.614188747000298,78.0,78.89820098876953,0.8982009887695312,59.8,64.44015502929688,4.640155029296878,84.2,84.20401000976562,0.004010009765622158,49.4,48.760154724121094,-0.6398452758789048,32.1,31.107206344604492,-0.9927936553955092,24.0,24.959522247314453,0.9595222473144531,33.9,33.75703048706055,-0.1429695129394517
4359,F,159.2,59.4,7.230299752999599,9.614188747000298,85.2,90.50236511230469,5.302365112304685,80.0,79.82136535644531,-0.1786346435546875,95.1,95.119140625,0.019140625000005684,53.9,56.95839309692383,3.0583930969238295,33.8,35.696922302246094,1.8969223022460966,30.7,30.227760314941406,-0.47223968505859304,34.4,35.35801696777344,0.9580169677734389
1183,M,164.7,72.1,7.230299752999599,9.614188747000298,102.1,100.97821044921875,-1.1217895507812443,94.4,90.8016357421875,-3.5983642578125057,96.0,96.24699401855469,0.2469940185546875,59.1,57.672935485839844,-1.4270645141601577,37.3,38.28917694091797,0.9891769409179716,35.2,33.365074157714844,-1.834925842285159,38.4,38.627620697021484,0.2276206970214858
378,M,177.9,72.5,7.230299752999599,9.614188747000298,93.4,99.7551040649414,6.355104064941401,79.7,82.26890563964844,2.5689056396484347,96.4,95.86061096191406,-0.5393890380859432,58.3,56.90885543823242,-1.3911445617675753,38.6,37.48211669921875,-1.1178833007812514,32.5,32.56359100341797,0.06359100341796875,39.2,40.50799560546875,1.3079956054687472
4840,M,162.7,71.8,7.230299752999599,9.614188747000298,98.2,101.15104675292969,2.9510467529296847,85.0,91.90681457519531,6.9068145751953125,97.4,96.18269348144531,-1.2173065185546932,57.7,57.812076568603516,0.11207656860351278,39.8,38.32279968261719,-1.4772003173828097,33.5,33.476802825927734,-0.023197174072265625,37.8,38.36597442626953,0.5659744262695341
4022,F,165.8,52.8,7.230299752999599,9.614188747000298,81.6,83.71813201904297,2.1181320190429744,67.3,69.4099349975586,2.1099349975585966,93.2,91.18505859375,-2.014941406250003,52.9,53.32487487792969,0.4248748779296889,35.2,33.754547119140625,-1.4454528808593778,24.9,27.086063385009766,2.186063385009767,35.2,35.65454864501953,0.4545486450195284
2154,F,146.0,52.2,7.230299752999599,9.614188747000298,87.2,88.61370849609375,1.4137084960937472,79.4,81.03770446777344,1.6377044677734318,95.3,90.28804779052734,-5.011952209472653,53.3,54.12623596191406,0.8262359619140653,33.9,33.629180908203125,-0.2708190917968736,28.4,29.34188461303711,0.9418846130371108,34.9,33.75529479980469,-1.144705200195311
977,M,179.3,76.7,7.230299752999599,9.614188747000298,103.0,101.83109283447266,-1.1689071655273438,88.2,85.14131927490234,-3.058680725097659,97.1,97.91899108886719,0.8189910888671932,60.2,58.46355056762695,-1.7364494323730497,39.3,38.37845230102539,-0.9215476989746065,32.5,33.430938720703125,0.930938720703125,39.9,40.87914276123047,0.9791427612304702
2228,M,173.0,67.9,7.230299752999599,9.614188747000298,96.0,97.61761474609375,1.61761474609375,85.3,81.44877624511719,-3.8512237548828097,93.3,93.78561401367188,0.48561401367187784,53.7,55.50907897949219,1.8090789794921847,37.4,36.76031494140625,-0.6396850585937486,32.8,31.823368072509766,-0.9766319274902315,39.3,39.545562744140625,0.24556274414062784
2650,F,164.0,56.6,7.230299752999599,9.614188747000298,90.7,86.9268798828125,-3.773120117187503,78.9,73.77439880371094,-5.125601196289068,94.3,93.52870178222656,-0.7712982177734347,58.2,55.41972351074219,-2.7802764892578153,33.5,34.88758087158203,1.3875808715820312,30.8,28.67197036743164,-2.12802963256836,37.8,35.689048767089844,-2.1109512329101534
1777,M,164.1,69.1,7.230299752999599,9.614188747000298,96.6,99.24656677246094,2.646566772460943,88.4,88.6407241821289,0.24072418212890057,91.2,94.58636474609375,3.386364746093747,54.2,56.548545837402344,2.348545837402341,39.2,37.63705062866211,-1.5629493713378935,33.8,32.73544692993164,-1.0645530700683565,39.2,38.41737365722656,-0.7826263427734403
4745,M,175.7,76.0,7.230299752999599,9.614188747000298,98.0,101.8858871459961,3.8858871459960938,91.0,86.65570831298828,-4.344291687011719,95.6,97.79946899414062,2.1994689941406307,56.0,58.55408477783203,2.5540847778320312,38.9,38.4603271484375,-0.4396728515624986,32.3,33.50855255126953,1.208552551269534,40.8,40.31946563720703,-0.4805343627929659
4674,F,156.9,52.4,7.230299752999599,9.614188747000298,81.7,85.93807983398438,4.238079833984372,68.9,73.624755859375,4.724755859374994,89.4,90.7322006225586,1.332200622558588,56.1,53.88484191894531,-2.215158081054689,36.9,33.85176086425781,-3.048239135742186,26.2,28.34844207763672,2.1484420776367195,32.3,34.62083435058594,2.3208343505859403
2342,F,160.5,57.0,7.230299752999599,9.614188747000298,84.7,88.35650634765625,3.656506347656247,80.9,76.5160903930664,-4.383909606933599,90.9,93.667724609375,2.7677246093749943,49.2,55.817832946777344,6.617832946777341,38.5,35.077491760253906,-3.4225082397460938,29.2,29.342666625976562,0.1426666259765632,35.4,35.333290100097656,-0.06670989990234233
2364,F,154.5,53.4,7.230299752999599,9.614188747000298,89.5,87.4605484008789,-2.0394515991210938,72.9,76.83403015136719,3.934030151367182,91.5,91.20179748535156,-0.2982025146484375,56.9,54.3297004699707,-2.5702995300292955,35.1,34.09172058105469,-1.008279418945314,30.2,28.979103088378906,-1.220896911621093,35.2,34.486454010009766,-0.7135459899902372
1436,M,173.9,59.4,7.230299752999599,9.614188747000298,94.8,92.02145385742188,-2.778546142578122,73.9,73.84840393066406,-0.051596069335943184,88.9,89.169921875,0.2699218749999943,55.4,51.52073669433594,-3.879263305664061,33.7,34.54756164550781,0.8475616455078097,27.8,29.066970825195312,1.2669708251953118,42.0,39.175323486328125,-2.824676513671875
794,F,165.5,67.2,7.230299752999599,9.614188747000298,89.9,93.72093200683594,3.820932006835932,81.4,82.47465515136719,1.0746551513671818,100.9,100.01811218261719,-0.8818878173828182,61.7,60.384429931640625,-1.3155700683593778,38.0,37.5872802734375,-0.4127197265625,30.9,31.619075775146484,0.7190757751464858,34.5,36.547584533691406,2.0475845336914062
2603,M,162.5,49.8,7.230299752999599,9.614188747000298,87.1,86.26156616210938,-0.8384338378906193,69.0,70.7354507446289,1.7354507446289062,87.3,83.87191772460938,-3.428082275390622,49.0,47.99463653564453,-1.0053634643554688,33.0,32.528404235839844,-0.47159576416015625,30.3,26.85007095336914,-3.44992904663086,37.4,37.113807678222656,-0.28619232177734233
841,M,180.4,78.5,7.230299752999599,9.614188747000298,100.3,102.62039947509766,2.320399475097659,92.9,85.92733764648438,-6.972662353515631,97.5,98.78695678710938,1.286956787109375,55.7,59.09968566894531,3.3996856689453097,36.2,38.71196746826172,2.511967468261716,34.6,33.75828552246094,-0.8417144775390639,41.6,41.082725524902344,-0.5172744750976577
1743,M,164.2,62.5,7.230299752999599,9.614188747000298,93.3,95.070556640625,1.7705566406250028,78.9,82.22049713134766,3.3204971313476506,89.8,91.01980590820312,1.2198059082031278,54.5,53.857330322265625,-0.642669677734375,37.2,35.84698486328125,-1.3530151367187528,31.7,31.088817596435547,-0.6111824035644524,38.0,38.105743408203125,0.105743408203125
2240,F,164.5,56.7,7.230299752999599,9.614188747000298,87.3,86.80895233154297,-0.4910476684570284,78.9,73.53021240234375,-5.369787597656256,88.8,93.68913269042969,4.88913269042969,49.8,55.43036651611328,5.630366516113284,33.6,34.87594223022461,1.275942230224608,30.7,28.588787078857422,-2.1112129211425774,35.3,35.74907684326172,0.4490768432617216
175,M,177.6,79.8,7.230299752999599,9.614188747000298,106.0,103.64815521240234,-2.3518447875976562,92.9,88.72549438476562,-4.174505615234381,98.5,99.54952239990234,1.0495223999023438,59.3,59.87454605102539,0.5745460510253935,38.9,39.17908477783203,0.27908477783203267,34.7,34.19200897216797,-0.5079910278320341,39.5,40.73960876464844,1.2396087646484375
2463,M,181.7,95.4,7.230299752999599,9.614188747000298,114.1,110.48625183105469,-3.613748168945307,99.5,98.52919006347656,-0.9708099365234375,106.8,106.58477783203125,-0.21522216796874716,62.2,65.30657958984375,3.106579589843747,40.9,42.18761444091797,1.2876144409179702,39.0,37.13420104980469,-1.8657989501953125,43.1,41.74262619018555,-1.3573738098144545
2951,M,173.8,66.9,7.230299752999599,9.614188747000298,94.0,96.9612808227539,2.9612808227539062,79.0,80.20578002929688,1.205780029296875,91.0,93.19684600830078,2.1968460083007812,53.5,55.012916564941406,1.5129165649414062,36.5,36.489845275878906,-0.01015472412109375,29.7,31.513179779052734,1.813179779052735,39.7,39.623939514160156,-0.07606048583984659
2045,F,164.0,61.1,7.230299752999599,9.614188747000298,90.3,90.09237670898438,-0.20762329101562216,77.4,78.11012268066406,0.7101226806640568,98.8,96.41958618164062,-2.380413818359372,53.1,57.633975982666016,4.533975982666014,34.5,36.028045654296875,1.528045654296875,29.9,30.065147399902344,0.16514739990234517,36.9,35.993621826171875,-0.9063781738281236
45,F,156.5,45.2,7.230299752999599,9.614188747000298,79.4,80.23605346679688,0.8360534667968693,64.9,65.78207397460938,0.8820739746093693,82.7,86.06239318847656,3.3623931884765597,46.5,50.090736389160156,3.5907363891601562,32.8,31.930416107177734,-0.8695838928222628,26.5,25.668212890625,-0.831787109375,34.9,34.15021514892578,-0.7497848510742173
2867,M,183.4,100.5,7.230299752999599,9.614188747000298,117.1,112.48530578613281,-4.614694213867182,104.9,101.17415618896484,-3.725843811035162,105.2,108.95738220214844,3.7573822021484347,64.6,67.03396606445312,2.4339660644531307,40.8,42.97968292236328,2.179682922363284,38.4,38.037776947021484,-0.3622230529785142,42.8,42.070716857910156,-0.7292831420898409
4152,F,153.5,53.1,7.230299752999599,9.614188747000298,87.2,87.49920654296875,0.29920654296874716,76.0,77.18881225585938,1.188812255859375,94.6,90.97225952148438,-3.6277404785156193,49.7,54.19732666015625,4.497326660156247,32.5,33.987274169921875,1.487274169921875,27.4,28.992813110351562,1.592813110351564,34.5,34.37902069091797,-0.12097930908203125
1630,M,171.0,72.8,7.230299752999599,9.614188747000298,100.7,100.7071533203125,0.007153320312497158,92.8,86.94869995117188,-5.851300048828122,94.9,96.35404968261719,1.4540496826171818,57.8,57.62086486816406,-0.17913513183593466,39.3,38.06683349609375,-1.2331665039062472,32.7,33.10608673095703,0.4060867309570284,38.1,39.49166488647461,1.391664886474608
4424,F,158.9,61.9,7.230299752999599,9.614188747000298,92.7,92.20833587646484,-0.4916641235351591,80.4,82.2819595336914,1.8819595336914006,99.7,96.69551849365234,-3.004481506347659,58.0,58.152076721191406,0.15207672119140625,37.2,36.329261779785156,-0.8707382202148466,30.1,30.964082717895508,0.8640827178955064,38.8,35.49040603637695,-3.309593963623044
896,F,160.8,50.3,7.230299752999599,9.614188747000298,83.4,83.07501220703125,-0.3249877929687557,66.2,69.07408142089844,2.8740814208984347,92.0,89.56262969970703,-2.4373703002929688,55.6,52.62516784667969,-2.974832153320314,33.1,33.2222785949707,0.1222785949707017,27.0,26.991073608398438,-0.0089263916015625,34.4,34.8880615234375,0.4880615234375014
3112,F,156.7,70.9,7.230299752999599,9.614188747000298,95.8,98.30363464355469,2.5036346435546903,95.1,91.74957275390625,-3.3504272460937443,94.7,101.85601043701172,7.156010437011716,56.1,62.288368225097656,6.188368225097655,34.5,38.598899841308594,4.098899841308594,33.1,33.60084533691406,0.5008453369140611,33.3,35.86902618408203,2.569026184082034
1741,M,164.1,69.0,7.230299752999599,9.614188747000298,101.1,99.20486450195312,-1.8951354980468693,90.0,88.524169921875,-1.475830078125,91.6,94.5019760131836,2.9019760131835994,56.7,56.509185791015625,-0.19081420898437784,35.8,37.639461517333984,1.8394615173339872,32.8,32.73517608642578,-0.06482391357421591,41.1,38.42922592163086,-2.670774078369142
2227,M,172.3,90.4,7.230299752999599,9.614188747000298,107.6,109.69121551513672,2.0912155151367244,103.3,100.55455780029297,-2.7454421997070284,107.3,104.94667053222656,-2.3533294677734347,65.7,64.53900146484375,-1.1609985351562528,44.1,41.91227722167969,-2.187722778320314,36.8,36.851226806640625,0.05122680664062784,38.8,40.26322937011719,1.4632293701171903
4232,F,153.6,52.8,7.230299752999599,9.614188747000298,82.8,87.22300720214844,4.42300720214844,69.5,76.83200073242188,7.332000732421875,92.9,90.74900817871094,-2.150991821289068,55.6,54.0423583984375,-1.5576416015625014,34.5,33.91084289550781,-0.5891571044921875,28.7,28.889118194580078,0.18911819458007884,33.8,34.38243865966797,0.5824386596679716
1877,F,153.5,55.6,7.230299752999599,9.614188747000298,90.6,89.43238067626953,-1.167619323730463,83.2,80.11602020263672,-3.083979797363284,91.7,92.54305267333984,0.8430526733398409,57.9,55.311859130859375,-2.5881408691406236,34.4,34.68109130859375,0.2810913085937514,29.5,29.7822265625,0.2822265625,35.0,34.552398681640625,-0.447601318359375
3720,M,166.1,69.8,7.230299752999599,9.614188747000298,96.4,99.39177703857422,2.991777038574213,91.0,87.77569580078125,-3.22430419921875,94.4,94.8727798461914,0.47277984619140057,57.4,56.643341064453125,-0.7566589355468736,39.4,37.702430725097656,-1.6975692749023423,31.0,32.75665283203125,1.75665283203125,38.8,38.69508361816406,-0.10491638183593466
4430,F,154.9,61.1,7.230299752999599,9.614188747000298,91.2,92.78445434570312,1.5844543457031222,90.7,84.43287658691406,-6.26712341308594,97.1,95.84063720703125,-1.2593627929687443,54.4,57.69258499145508,3.2925849914550795,35.3,36.09162139892578,0.7916213989257841,28.3,31.195236206054688,2.895236206054687,33.8,35.0467643737793,1.2467643737792997
4494,M,173.5,77.0,7.230299752999599,9.614188747000298,98.6,102.69746398925781,4.097463989257818,87.5,88.87276458740234,1.3727645874023438,97.8,98.40428161621094,0.6042816162109403,58.6,59.168304443359375,0.5683044433593736,41.1,38.8489990234375,-2.2510009765625014,32.4,33.86197280883789,1.461972808837892,38.3,40.029205322265625,1.7292053222656278
2521,F,153.6,48.4,7.230299752999599,9.614188747000298,90.2,83.72915649414062,-6.470843505859378,74.0,71.00057220458984,-2.9994277954101562,87.5,88.06973266601562,0.569732666015625,53.7,52.061073303222656,-1.6389266967773466,32.5,32.75870132446289,0.2587013244628906,27.5,27.43307876586914,-0.06692123413085938,35.0,34.09366989135742,-0.9063301086425781
283,F,160.5,68.6,7.230299752999599,9.614188747000298,93.4,96.0126953125,2.6126953124999943,82.6,87.02490234375,4.424902343750006,103.0,100.65091705322266,-2.3490829467773438,61.2,61.29780960083008,0.09780960083007528,39.4,38.03866195678711,-1.3613380432128892,34.0,32.59535598754883,-1.4046440124511719,37.3,36.120361328125,-1.1796386718749972
2609,M,163.5,62.2,7.230299752999599,9.614188747000298,95.5,94.99166870117188,-0.508331298828125,86.9,82.44134521484375,-4.458654785156256,90.3,90.93408203125,0.6340820312500028,54.0,53.840049743652344,-0.15995025634765625,36.6,35.833473205566406,-0.7665267944335952,32.0,31.082489013671875,-0.917510986328125,38.4,38.01945495605469,-0.3805450439453111
5066,F,143.8,35.6,7.230299752999599,9.614188747000298,72.6,75.26774597167969,2.667745971679693,64.0,61.20305633544922,-2.7969436645507812,75.5,78.68347930908203,3.1834793090820312,44.5,45.40721893310547,0.9072189331054688,27.5,28.984500885009766,1.4845008850097656,21.6,23.107906341552734,1.507906341552733,30.8,32.71769714355469,1.9176971435546868
1374,M,168.8,60.7,7.230299752999599,9.614188747000298,94.5,93.34724426269531,-1.1527557373046875,72.0,77.79299926757812,5.792999267578125,88.5,90.05924224853516,1.5592422485351562,50.5,52.68364715576172,2.1836471557617188,36.2,35.19896697998047,-1.001033020019534,31.6,30.105621337890625,-1.4943786621093764,40.5,38.58123779296875,-1.91876220703125
4796,F,160.7,54.3,7.230299752999599,9.614188747000298,83.3,86.1995620727539,2.899562072753909,68.7,73.2837905883789,4.583790588378903,91.4,92.11021423339844,0.7102142333984318,52.3,54.57268524169922,2.2726852416992216,34.6,34.334922790527344,-0.26507720947265767,28.0,28.410037994384766,0.4100379943847656,36.3,35.16835021972656,-1.1316497802734347
2077,M,181.0,74.8,7.230299752999599,9.614188747000298,102.4,100.63621520996094,-1.7637847900390682,86.7,82.36859130859375,-4.331408691406253,98.8,96.89423370361328,-1.905766296386716,57.2,57.524620056152344,0.3246200561523409,37.3,37.79470443725586,0.4947044372558622,35.9,32.84230041503906,-3.057699584960936,40.3,41.01673889160156,0.7167388916015653
1480,M,163.4,52.1,7.230299752999599,9.614188747000298,88.6,87.79571533203125,-0.8042846679687443,77.7,72.61048126220703,-5.089518737792972,86.2,85.08531951904297,-1.114680480957034,48.9,48.98602294921875,0.08602294921875142,31.3,33.0762939453125,1.7762939453124993,29.0,27.614639282226562,-1.3853607177734375,37.2,37.35740661621094,0.15740661621093466
1260,F,156.3,60.1,7.230299752999599,9.614188747000298,94.8,91.77885437011719,-3.0211456298828097,80.0,82.52642822265625,2.52642822265625,97.0,95.31462860107422,-1.6853713989257812,57.6,57.28812026977539,-0.3118797302246108,35.4,35.85289764404297,0.45289764404297017,32.0,30.78450584411621,-1.215494155883789,36.5,35.103389739990234,-1.3966102600097656
3393,M,170.2,69.9,7.230299752999599,9.614188747000298,99.5,99.09349060058594,-0.4065093994140625,79.3,84.9393310546875,5.639331054687503,99.8,94.83418273925781,-4.965817260742185,59.1,56.50980758666992,-2.5901924133300795,37.2,37.48883819580078,0.2888381958007784,32.9,32.51991653442383,-0.38008346557617045,41.1,39.24798583984375,-1.8520141601562514
4525,M,171.9,71.9,7.230299752999599,9.614188747000298,102.0,100.06817626953125,-1.93182373046875,87.7,85.55400848388672,-2.145991516113284,96.4,95.8253173828125,-0.5746826171875057,57.0,57.19342803955078,0.19342803955078125,35.5,37.84043884277344,2.3404388427734375,32.4,32.85038757324219,0.4503875732421889,35.9,39.56425476074219,3.664254760742189
2726,F,157.0,62.8,7.230299752999599,9.614188747000298,90.0,93.33313751220703,3.3331375122070312,83.7,84.49627685546875,0.7962768554687472,99.1,97.02888488769531,-2.071115112304682,61.6,58.46436309814453,-3.13563690185547,35.7,36.57069396972656,0.8706939697265597,32.8,31.411596298217773,-1.3884037017822237,32.8,35.358551025390625,2.558551025390628
3682,M,171.3,83.2,7.230299752999599,9.614188747000298,107.0,106.22352600097656,-0.7764739990234375,95.4,95.48667907714844,0.08667907714843182,97.0,101.62741088867188,4.627410888671875,58.0,61.932289123535156,3.9322891235351562,40.8,40.43437576293945,-0.36562423706054403,33.8,35.3879508972168,1.5879508972167997,40.3,39.91510009765625,-0.38489990234374716
2655,F,162.5,69.1,7.230299752999599,9.614188747000298,95.7,95.71533203125,0.015332031249997158,87.2,86.00255584716797,-1.197444152832034,97.3,101.00878143310547,3.7087814331054716,66.1,61.505924224853516,-4.594075775146479,38.3,38.13811492919922,-0.1618850708007784,32.6,32.50286102294922,-0.09713897705078267,36.2,36.351829528808594,0.1518295288085909
1789,M,170.0,63.6,7.230299752999599,9.614188747000298,96.7,95.14633178710938,-1.5536682128906278,82.5,79.6202163696289,-2.8797836303710938,89.7,91.55867767333984,1.858677673339841,52.8,53.899169921875,1.0991699218750028,35.0,35.88665771484375,0.88665771484375,32.7,30.90868377685547,-1.791316223144534,41.7,38.916221618652344,-2.783778381347659
2802,F,155.2,48.8,7.230299752999599,9.614188747000298,78.6,83.59365844726562,4.993658447265631,66.5,70.46430969238281,3.9643096923828125,94.0,88.38151550292969,-5.6184844970703125,56.2,52.23872756958008,-3.9612724304199247,33.4,32.88256072998047,-0.5174392700195298,27.8,27.35759735107422,-0.44240264892578196,30.9,34.240760803222656,3.3407608032226577
1175,M,167.2,63.0,7.230299752999599,9.614188747000298,97.5,95.00597381591797,-2.4940261840820312,77.4,80.78411865234375,3.3841186523437443,92.5,91.31815338134766,-1.1818466186523438,53.7,53.844810485839844,0.1448104858398409,36.8,35.882835388183594,-0.9171646118164034,31.5,30.97418975830078,-0.5258102416992188,37.0,38.50579833984375,1.50579833984375
1056,F,163.1,57.6,7.230299752999599,9.614188747000298,86.3,87.90068054199219,1.6006805419921903,74.7,75.26797485351562,0.5679748535156222,98.0,94.13742065429688,-3.862579345703125,59.5,55.9921989440918,-3.507801055908203,35.3,35.171112060546875,-0.12888793945312216,29.0,29.11504364013672,0.11504364013671875,37.0,35.64832305908203,-1.3516769409179688
1832,F,155.0,57.5,7.230299752999599,9.614188747000298,85.0,90.42461395263672,5.424613952636719,78.4,81.01856231689453,2.6185623168945256,97.0,93.72994995117188,-3.270050048828125,57.1,56.151390075683594,-0.9486099243164077,36.8,35.21543884277344,-1.5845611572265597,28.4,30.202102661132812,1.802102661132814,35.6,34.813865661621094,-0.7861343383789077
1038,M,187.6,98.6,7.230299752999599,9.614188747000298,113.7,111.03433227539062,-2.665667724609378,98.3,97.23428344726562,-1.0657165527343722,106.8,107.79209899902344,0.9920989990234403,68.6,66.01565551757812,-2.5843444824218693,42.8,42.39269256591797,-0.4073074340820284,37.7,37.39540100097656,-0.30459899902344034,40.6,42.470008850097656,1.8700088500976548
4645,F,159.9,50.8,7.230299752999599,9.614188747000298,84.8,83.68501281738281,-1.1149871826171847,70.4,69.95564270019531,-0.4443572998046932,91.3,89.83467102050781,-1.4653289794921847,48.9,52.95074462890625,4.050744628906251,32.0,33.39410400390625,1.39410400390625,26.5,27.320730209350586,0.8207302093505859,35.4,34.82357406616211,-0.5764259338378892
1934,F,163.3,54.5,7.230299752999599,9.614188747000298,89.5,85.5624771118164,-3.9375228881835938,79.4,71.99591827392578,-7.404081726074224,90.9,92.28964233398438,1.3896423339843693,53.0,54.48250198364258,1.4825019836425781,32.8,34.33744812011719,1.5374481201171903,27.6,28.072229385375977,0.47222938537597514,36.1,35.447242736816406,-0.6527572631835952
1874,F,158.5,52.0,7.230299752999599,9.614188747000298,82.0,85.08438873291016,3.0843887329101562,67.9,72.1038818359375,4.203881835937494,93.7,90.51570129394531,-3.1842987060546903,57.4,53.60801696777344,-3.791983032226561,34.7,33.72772979736328,-0.9722702026367216,27.4,27.971420288085938,0.5714202880859389,37.8,34.75726318359375,-3.042736816406247
2910,F,159.6,67.3,7.230299752999599,9.614188747000298,93.3,95.48884582519531,2.1888458251953153,86.5,86.57513427734375,0.07513427734375,99.0,99.8418197631836,0.8418197631835938,61.3,60.662654876708984,-0.6373451232910128,37.9,37.75176239013672,-0.14823760986327983,32.0,32.35441589355469,0.3544158935546875,33.8,35.94392776489258,2.143927764892581
99,F,160.0,55.7,7.230299752999599,9.614188747000298,84.4,87.50446319580078,3.1044631958007756,73.6,75.41180419921875,1.8118041992187557,95.0,92.87504577636719,-2.1249542236328125,58.7,55.22819900512695,-3.4718009948730497,35.2,34.75520324707031,-0.44479675292969034,31.3,28.99167251586914,-2.30832748413086,35.3,35.171722412109375,-0.12827758789062216
3819,M,169.5,64.7,7.230299752999599,9.614188747000298,98.4,95.8939437866211,-2.506056213378912,80.3,80.92005920410156,0.6200592041015653,96.4,92.16681671142578,-4.233183288574224,57.6,54.39924621582031,-3.200753784179689,37.2,36.19139099121094,-1.0086090087890653,32.6,31.247352600097656,-1.3526473999023452,40.2,38.90304946899414,-1.2969505310058622
1405,M,170.5,65.8,7.230299752999599,9.614188747000298,90.7,96.53605651855469,5.836056518554685,77.6,81.25926971435547,3.6592697143554744,92.6,92.74464416503906,0.14464416503906818,53.2,54.830204010009766,1.6302040100097628,37.6,36.45206832885742,-1.1479316711425795,31.4,31.482254028320312,0.08225402832031392,40.0,39.09718704223633,-0.9028129577636719
3127,F,153.8,50.8,7.230299752999599,9.614188747000298,84.5,85.59357452392578,1.0935745239257812,70.8,73.96308898925781,3.1630889892578153,89.0,89.54548645019531,0.5454864501953125,55.1,53.1688232421875,-1.9311767578125014,34.3,33.38018035888672,-0.9198196411132784,26.1,28.2039794921875,2.1039794921874986,34.6,34.26410675048828,-0.33589324951172017
3807,F,151.7,53.0,7.230299752999599,9.614188747000298,86.8,87.85964965820312,1.0596496582031278,78.2,78.31736755371094,0.11736755371093466,88.5,90.84471130371094,2.3447113037109375,49.0,54.204681396484375,5.204681396484375,32.4,33.93210220336914,1.532102203369142,27.9,29.14208221435547,1.2420822143554702,36.3,34.22541046142578,-2.074589538574216
351,M,175.8,78.1,7.230299752999599,9.614188747000298,110.9,102.97769165039062,-7.922308349609381,86.7,88.36567687988281,1.6656768798828097,95.1,98.87923431396484,3.7792343139648494,57.7,59.40459442138672,1.704594421386716,37.5,38.92527770996094,1.4252777099609375,37.0,33.943626403808594,-3.0563735961914062,41.1,40.40709686279297,-0.6929031372070327
3185,M,174.9,64.9,7.230299752999599,9.614188747000298,93.5,95.56695556640625,2.06695556640625,76.1,77.94789123535156,1.8478912353515682,90.6,92.10723876953125,1.5072387695312557,53.8,54.043907165527344,0.2439071655273466,36.2,35.88793182373047,-0.3120681762695341,31.5,30.83706283569336,-0.6629371643066406,40.3,39.68040466308594,-0.6195953369140597
1101,F,163.0,60.0,7.230299752999599,9.614188747000298,90.9,89.64073181152344,-1.2592681884765682,86.7,77.69268798828125,-9.007312011718753,95.2,95.690673828125,0.49067382812499716,56.4,57.18021011352539,0.780210113525392,34.2,35.777976989746094,1.577976989746091,30.4,29.86107063293457,-0.5389293670654283,37.8,35.81178283691406,-1.9882171630859347
2287,F,150.0,54.7,7.230299752999599,9.614188747000298,85.9,89.59376525878906,3.693765258789057,84.6,81.48493957519531,-3.115060424804682,92.0,91.85218811035156,-0.1478118896484375,56.4,54.99968719482422,-1.4003128051757798,35.6,34.357749938964844,-1.2422500610351577,29.2,29.83362579345703,0.633625793457032,32.6,34.20273208618164,1.6027320861816392
1073,F,159.4,66.0,7.230299752999599,9.614188747000298,90.7,94.7781982421875,4.078198242187497,78.7,85.64068603515625,6.940686035156247,102.6,99.089599609375,-3.5104003906249943,64.4,60.0783576965332,-4.321642303466803,41.0,37.435630798339844,-3.5643692016601562,31.0,32.00659942626953,1.0065994262695312,36.3,35.82476806640625,-0.47523193359374716
718,F,164.9,41.8,7.230299752999599,9.614188747000298,75.9,75.72879028320312,-0.17120971679688068,60.1,61.011985778808594,0.9119857788085923,82.6,83.35256958007812,0.7525695800781307,47.7,47.10737991333008,-0.5926200866699247,31.4,30.756999969482422,-0.6430000305175767,23.7,23.068832397460938,-0.6311676025390618,34.3,34.80475997924805,0.5047599792480497
4538,M,175.4,80.8,7.230299752999599,9.614188747000298,102.5,104.42268371582031,1.9226837158203125,86.7,90.9459457397461,4.245945739746091,102.2,100.18472290039062,-2.015277099609378,59.2,60.501312255859375,1.3013122558593722,40.2,39.57994079589844,-0.6200592041015653,33.4,34.56116485595703,1.1611648559570327,40.0,40.451148986816406,0.45114898681640625
4299,M,165.9,60.9,7.230299752999599,9.614188747000298,90.1,93.79171752929688,3.6917175292968807,80.9,79.69556427001953,-1.2044357299804744,94.5,90.20870971679688,-4.291290283203125,55.7,52.97865676879883,-2.7213432312011747,35.6,35.41117858886719,-0.18882141113281392,29.8,30.46629524230957,0.6662952423095696,39.0,38.20947265625,-0.79052734375
3392,M,177.0,90.8,7.230299752999599,9.614188747000298,109.5,109.093017578125,-0.406982421875,98.7,97.97862243652344,-0.7213775634765653,109.3,104.69122314453125,-4.608776855468747,67.7,64.0396957397461,-3.660304260253909,41.3,41.60148620605469,0.30148620605469034,36.2,36.51416015625,0.31416015624999716,42.4,40.99309539794922,-1.4069046020507798
4419,M,176.6,84.7,7.230299752999599,9.614188747000298,106.1,106.24456024169922,0.14456024169922443,98.5,93.45732116699219,-5.0426788330078125,104.4,101.87783813476562,-2.5221618652343807,57.2,61.85187911987305,4.651879119873044,37.6,40.364749908447266,2.764749908447264,36.2,35.29431915283203,-0.9056808471679716,39.8,40.755104064941406,0.9551040649414091
308,F,162.4,52.5,7.230299752999599,9.614188747000298,82.8,84.32345581054688,1.5234558105468778,67.5,70.50987243652344,3.0098724365234375,90.8,91.01395416259766,0.2139541625976591,54.4,53.603118896484375,-0.7968811035156236,34.6,33.792022705078125,-0.8079772949218764,29.2,27.497528076171875,-1.7024719238281243,36.8,35.20465087890625,-1.5953491210937472
1618,M,173.5,73.9,7.230299752999599,9.614188747000298,99.9,101.01746368408203,1.1174636840820256,90.7,86.25570678710938,-4.444293212890628,98.5,96.84468078613281,-1.6553192138671875,59.9,57.90798568725586,-1.9920143127441392,38.7,38.15352249145508,-0.5464775085449247,31.6,33.19940185546875,1.5994018554687486,41.1,39.899696350097656,-1.2003036499023452
833,M,184.2,92.9,7.230299752999599,9.614188747000298,109.9,108.99710083007812,-0.9028991699218807,90.4,94.955810546875,4.555810546874994,107.6,105.33950805664062,-2.2604919433593693,65.2,64.15097045898438,-1.0490295410156278,39.0,41.51097869873047,2.5109786987304688,37.6,36.480812072753906,-1.1191879272460952,42.3,41.95465850830078,-0.3453414916992159
366,M,175.8,75.2,7.230299752999599,9.614188747000298,102.9,101.44541931152344,-1.4545806884765682,84.4,85.94869995117188,1.5486999511718693,95.5,97.38151550292969,1.8815155029296875,58.3,58.208160400390625,-0.09183959960937216,38.6,38.2725830078125,-0.3274169921875014,32.9,33.331016540527344,0.43101654052734517,41.0,40.30262756347656,-0.6973724365234375
3485,M,172.4,68.6,7.230299752999599,9.614188747000298,98.6,98.09947204589844,-0.5005279541015568,82.5,82.36531066894531,-0.1346893310546875,94.4,94.03923797607422,-0.36076202392578693,55.5,55.8059196472168,0.3059196472167969,38.7,37.05256271362305,-1.647437286376956,30.4,32.072357177734375,1.6723571777343764,39.7,39.49861145019531,-0.20138854980469034
3737,M,175.5,76.7,7.230299752999599,9.614188747000298,104.3,102.30741882324219,-1.9925811767578097,88.0,87.41340637207031,-0.5865936279296875,95.3,98.11244201660156,2.8124420166015653,58.1,58.83681106567383,0.7368110656738267,39.7,38.64002990722656,-1.0599700927734403,32.0,33.67210388183594,1.6721038818359375,42.4,40.32782745361328,-2.0721725463867173
1204,M,176.1,99.0,7.230299752999599,9.614188747000298,113.5,112.88842010498047,-0.6115798950195312,97.4,104.43603515625,7.036035156249994,111.9,108.5687255859375,-3.3312744140625057,71.5,67.20755767822266,-4.292442321777344,43.1,43.28450393676758,0.1845039367675767,36.4,38.28944396972656,1.889443969726564,42.5,41.080604553222656,-1.4193954467773438
3946,M,163.7,61.5,7.230299752999599,9.614188747000298,92.4,94.52082824707031,2.120828247070307,78.0,81.67762756347656,3.6776275634765625,92.2,90.53976440429688,-1.6602355957031278,55.1,53.492889404296875,-1.6071105957031264,36.4,35.642032623291016,-0.757967376708983,31.4,30.866674423217773,-0.5333255767822251,38.6,38.0169677734375,-0.5830322265625014
3858,F,160.6,64.4,7.230299752999599,9.614188747000298,89.4,93.34590148925781,3.945901489257807,81.2,83.44187927246094,2.2418792724609347,102.1,98.34371185302734,-3.7562881469726506,60.2,59.33903121948242,-0.860968780517581,38.5,36.99848937988281,-1.5015106201171875,30.5,31.415664672851562,0.9156646728515625,35.4,35.848175048828125,0.4481750488281264
949,F,155.4,61.0,7.230299752999599,9.614188747000298,89.3,92.58300018310547,3.2830001831054716,77.6,83.94123840332031,6.341238403320318,96.6,95.84608459472656,-0.7539154052734318,55.4,57.67332077026367,2.2733207702636733,39.1,36.07316589355469,-3.026834106445314,30.5,31.123674392700195,0.6236743927001953,34.7,35.08594512939453,0.3859451293945284
1187,M,173.1,70.0,7.230299752999599,9.614188747000298,101.1,98.90008544921875,-2.1999145507812443,77.7,83.12445068359375,5.424450683593747,96.0,94.75699615478516,-1.2430038452148438,56.6,56.3087158203125,-0.2912841796875014,38.2,37.31206512451172,-0.8879348754882841,31.4,32.3646240234375,0.9646240234375014,40.5,39.672515869140625,-0.827484130859375
19,M,169.8,84.2,7.230299752999599,9.614188747000298,109.9,106.93171691894531,-2.968283081054693,96.9,97.31141662597656,0.4114166259765568,102.0,102.36725616455078,0.36725616455078125,63.7,62.533836364746094,-1.166163635253909,41.7,40.7603759765625,-0.9396240234375028,36.8,35.692588806152344,-1.1074111938476534,40.0,39.7264404296875,-0.2735595703125
1413,F,160.4,53.3,7.230299752999599,9.614188747000298,83.9,85.5208969116211,1.620896911621088,69.2,72.38597106933594,3.1859710693359347,93.2,91.44794464111328,-1.7520553588867216,53.9,54.122806549072266,0.22280654907226705,35.0,34.07625198364258,-0.9237480163574219,26.7,28.114641189575195,1.414641189575196,33.0,35.052101135253906,2.0521011352539062
1268,F,162.5,63.0,7.230299752999599,9.614188747000298,89.3,91.77576446533203,2.475764465332034,79.6,80.80077362060547,1.2007736206054744,101.6,97.57829284667969,-4.021707153320307,62.1,58.63372039794922,-3.4662796020507827,38.0,36.583290100097656,-1.4167098999023438,30.0,30.791379928588867,0.7913799285888672,36.1,35.951087951660156,-0.14891204833984517
668,M,177.3,71.4,7.230299752999599,9.614188747000298,103.2,99.2303695678711,-3.969630432128909,86.3,81.81108093261719,-4.48891906738281,93.0,95.32533264160156,2.3253326416015625,55.0,56.50714111328125,1.50714111328125,34.8,37.317222595214844,2.5172225952148466,33.5,32.37751007080078,-1.1224899291992188,38.5,40.36155700683594,1.8615570068359375
218,M,175.8,66.0,7.230299752999599,9.614188747000298,96.5,96.18818664550781,-0.3118133544921875,72.0,78.30804443359375,6.30804443359375,91.8,92.60066986083984,0.8006698608398466,54.1,54.4156379699707,0.3156379699707017,36.0,36.11846923828125,0.11846923828125,31.5,31.067148208618164,-0.43285179138183594,39.8,39.870147705078125,0.07014770507812784
1665,M,167.3,61.3,7.230299752999599,9.614188747000298,96.4,93.8857421875,-2.5142578125000057,79.4,79.13284301757812,-0.2671569824218807,91.8,90.45018005371094,-1.3498199462890597,52.2,53.098793029785156,0.8987930297851534,36.5,35.448612213134766,-1.0513877868652344,28.2,30.446352005004883,2.2463520050048835,37.7,38.41499710083008,0.7149971008300753
438,F,159.7,50.0,7.230299752999599,9.614188747000298,85.3,83.15787506103516,-2.142124938964841,70.3,69.26335906982422,-1.0366409301757784,85.5,89.31114959716797,3.8111495971679688,50.9,52.54795837402344,1.647958374023439,34.3,33.169715881347656,-1.130284118652341,27.4,27.08578109741211,-0.3142189025878892,35.4,34.75260925292969,-0.6473907470703111
3755,M,175.7,86.6,7.230299752999599,9.614188747000298,104.2,107.31777954101562,3.117779541015622,97.8,95.4951171875,-2.304882812499997,103.0,102.84346008300781,-0.1565399169921875,61.7,62.70714569091797,1.007145690917966,38.3,40.855953216552734,2.555953216552737,34.9,35.76870346069336,0.8687034606933608,40.5,40.675537109375,0.175537109375
4412,M,172.3,67.3,7.230299752999599,9.614188747000298,96.3,97.33080291748047,1.0308029174804716,76.1,81.3892822265625,5.289282226562506,94.2,93.37236022949219,-0.8276397705078153,55.4,55.267845153808594,-0.13215484619140483,36.7,36.742523193359375,0.04252319335937216,33.1,31.751005172729492,-1.3489948272705092,42.1,39.428924560546875,-2.6710754394531264
2642,F,160.0,58.9,7.230299752999599,9.614188747000298,90.7,89.89876556396484,-0.8012344360351591,79.1,78.6851806640625,-0.4148193359374943,93.8,94.88641357421875,1.0864135742187528,57.5,56.72212219238281,-0.7778778076171875,34.2,35.570556640625,1.3705566406249972,30.8,29.973316192626953,-0.8266838073730476,35.1,35.409278869628906,0.30927886962890483
3427,M,162.8,63.7,7.230299752999599,9.614188747000298,94.1,96.04931640625,1.9493164062500057,86.0,84.45205688476562,-1.547943115234375,94.1,91.67362213134766,-2.426377868652338,55.3,54.572425842285156,-0.7275741577148409,35.5,36.24857711791992,0.7485771179199219,31.3,31.553144454956055,0.253144454956054,37.5,37.99658966064453,0.49658966064453125
3575,F,157.3,66.3,7.230299752999599,9.614188747000298,92.2,95.4759750366211,3.275975036621091,89.9,87.42646789550781,-2.473532104492193,97.7,99.10035705566406,1.4003570556640597,59.0,60.117088317871094,1.1170883178710938,36.7,37.49925231933594,0.7992523193359347,32.1,32.3355827331543,0.23558273315429545,36.7,35.64889144897461,-1.0511085510253935
3483,F,160.0,73.9,7.230299752999599,9.614188747000298,99.2,99.26734924316406,0.06734924316405966,92.4,91.54718017578125,-0.8528198242187557,105.8,103.8042984008789,-1.995701599121091,65.0,63.729042053222656,-1.2709579467773438,38.0,39.26042938232422,1.2604293823242188,32.9,34.00395202636719,1.103952026367189,36.1,36.36168670654297,0.26168670654296733
4738,M,165.3,86.9,7.230299752999599,9.614188747000298,113.4,108.9165267944336,-4.483473205566412,97.7,102.6158447265625,4.915844726562497,105.1,103.95389556884766,-1.146104431152338,64.9,64.1052017211914,-0.7947982788085994,41.0,41.5548095703125,0.5548095703125,36.0,36.53020095825195,0.5302009582519531,40.9,39.22821044921875,-1.6717895507812486
4089,M,179.0,87.4,7.230299752999599,9.614188747000298,111.3,107.21470642089844,-4.08529357910156,86.7,94.0556640625,7.355664062499997,103.9,102.93450927734375,-0.9654907226562557,68.5,62.59075164794922,-5.909248352050781,39.5,40.7559814453125,1.2559814453125,39.1,35.69330596923828,-3.40669403076172,40.6,41.17963409423828,0.5796340942382798
