source_row_id,gender,height,weight,fit_seconds,predict_ms_per_row,actual_chest,predicted_chest,error_chest,actual_waist,predicted_waist,error_waist,actual_hip,predicted_hip,error_hip,actual_thigh,predicted_thigh,error_thigh,actual_calf,predicted_calf,error_calf,actual_arm,predicted_arm,error_arm,actual_shoulder,predicted_shoulder,error_shoulder
996,M,175.5,84.7,0.0021109001245349646,7.750000804662704e-05,105.6,94.48912512218963,-11.11087487781036,90.2,82.07236070381231,-8.127639296187695,103.9,95.46612903225807,-8.433870967741939,63.4,57.024193548387096,-6.3758064516129025,39.7,36.59046920821115,-3.109530791788856,35.5,31.227321603128054,-4.272678396871946,40.5,37.34037145650049,-3.159628543499508
3481,F,147.7,51.2,0.0021109001245349646,7.750000804662704e-05,81.5,94.48912512218963,12.989125122189634,76.4,82.07236070381231,5.672360703812302,89.2,95.46612903225807,6.266129032258064,52.2,57.024193548387096,4.824193548387093,33.7,36.59046920821115,2.890469208211144,27.9,31.227321603128054,3.3273216031280555,33.6,37.34037145650049,3.7403714565004904
848,M,176.5,75.0,0.0021109001245349646,7.750000804662704e-05,103.9,94.48912512218963,-9.410874877810372,82.9,82.07236070381231,-0.8276392961876979,95.9,95.46612903225807,-0.4338709677419388,57.0,57.024193548387096,0.024193548387096087,36.0,36.59046920821115,0.5904692082111467,34.8,31.227321603128054,-3.572678396871943,41.6,37.34037145650049,-4.25962854349951
3407,M,176.4,66.9,0.0021109001245349646,7.750000804662704e-05,93.7,94.48912512218963,0.7891251221896312,80.3,82.07236070381231,1.7723607038123106,93.2,95.46612903225807,2.266129032258064,54.5,57.024193548387096,2.524193548387096,36.7,36.59046920821115,-0.10953079178885616,37.4,31.227321603128054,-6.1726783968719445,41.0,37.34037145650049,-3.659628543499508
79,M,176.4,84.4,0.0021109001245349646,7.750000804662704e-05,101.5,94.48912512218963,-7.010874877810366,89.9,82.07236070381231,-7.827639296187698,102.2,95.46612903225807,-6.733870967741936,64.3,57.024193548387096,-7.275806451612901,41.5,36.59046920821115,-4.909530791788853,35.3,31.227321603128054,-4.072678396871943,39.5,37.34037145650049,-2.159628543499508
2476,M,168.0,69.1,0.0021109001245349646,7.750000804662704e-05,100.5,94.48912512218963,-6.010874877810366,93.5,82.07236070381231,-11.427639296187692,91.6,95.46612903225807,3.8661290322580726,53.4,57.024193548387096,3.6241935483870975,36.0,36.59046920821115,0.5904692082111467,33.2,31.227321603128054,-1.9726783968719488,38.1,37.34037145650049,-0.7596285434995096
1747,M,180.4,73.0,0.0021109001245349646,7.750000804662704e-05,100.7,94.48912512218963,-6.210874877810369,89.3,82.07236070381231,-7.227639296187689,97.0,95.46612903225807,-1.533870967741933,59.8,57.024193548387096,-2.775806451612901,36.4,36.59046920821115,0.1904692082111481,34.3,31.227321603128054,-3.072678396871943,38.5,37.34037145650049,-1.1596285434995082
2895,F,161.6,53.1,0.0021109001245349646,7.750000804662704e-05,85.9,94.48912512218963,8.589125122189628,68.1,82.07236070381231,13.972360703812313,93.2,95.46612903225807,2.266129032258064,55.4,57.024193548387096,1.6241935483870975,35.6,36.59046920821115,0.9904692082111453,26.9,31.227321603128054,4.3273216031280555,33.7,37.34037145650049,3.640371456500489
4781,F,159.2,50.1,0.0021109001245349646,7.750000804662704e-05,86.5,94.48912512218963,7.989125122189634,69.9,82.07236070381231,12.172360703812302,90.4,95.46612903225807,5.066129032258061,51.2,57.024193548387096,5.824193548387093,31.4,36.59046920821115,5.190469208211148,26.7,31.227321603128054,4.527321603128055,33.8,37.34037145650049,3.5403714565004947
2034,M,173.3,63.4,0.0021109001245349646,7.750000804662704e-05,102.3,94.48912512218963,-7.810874877810363,71.5,82.07236070381231,10.572360703812308,90.4,95.46612903225807,5.066129032258061,52.4,57.024193548387096,4.6241935483870975,35.0,36.59046920821115,1.5904692082111467,32.6,31.227321603128054,-1.3726783968719474,38.9,37.34037145650049,-1.5596285434995067
764,F,156.4,56.9,0.0021109001245349646,7.750000804662704e-05,88.3,94.48912512218963,6.189125122189637,76.3,82.07236070381231,5.772360703812311,96.5,95.46612903225807,-1.033870967741933,60.6,57.024193548387096,-3.5758064516129053,35.3,36.59046920821115,1.2904692082111495,30.4,31.227321603128054,0.8273216031280555,36.5,37.34037145650049,0.8403714565004918
33,F,163.9,53.9,0.0021109001245349646,7.750000804662704e-05,83.2,94.48912512218963,11.289125122189631,67.1,82.07236070381231,14.972360703812313,92.8,95.46612903225807,2.6661290322580697,54.1,57.024193548387096,2.9241935483870947,35.0,36.59046920821115,1.5904692082111467,28.5,31.227321603128054,2.727321603128054,38.2,37.34037145650049,-0.859628543499511
2594,F,169.7,60.2,0.0021109001245349646,7.750000804662704e-05,88.1,94.48912512218963,6.38912512218964,78.0,82.07236070381231,4.072360703812308,95.0,95.46612903225807,0.4661290322580669,58.4,57.024193548387096,-1.3758064516129025,35.8,36.59046920821115,0.7904692082111495,29.7,31.227321603128054,1.5273216031280548,37.0,37.34037145650049,0.34037145650049183
2899,F,173.5,66.7,0.0021109001245349646,7.750000804662704e-05,90.6,94.48912512218963,3.8891251221896397,83.2,82.07236070381231,-1.127639296187695,99.8,95.46612903225807,-4.33387096774193,61.7,57.024193548387096,-4.675806451612907,37.0,36.59046920821115,-0.4095307917888533,29.5,31.227321603128054,1.727321603128054,34.2,37.34037145650049,3.140371456500489
1770,F,161.7,54.2,0.0021109001245349646,7.750000804662704e-05,89.5,94.48912512218963,4.989125122189634,74.9,82.07236070381231,7.172360703812302,92.2,95.46612903225807,3.266129032258064,54.0,57.024193548387096,3.024193548387096,34.1,36.59046920821115,2.4904692082111453,28.0,31.227321603128054,3.227321603128054,38.6,37.34037145650049,-1.2596285434995096
683,M,171.5,83.9,0.0021109001245349646,7.750000804662704e-05,106.8,94.48912512218963,-12.310874877810363,96.3,82.07236070381231,-14.22763929618769,104.5,95.46612903225807,-9.033870967741933,63.0,57.024193548387096,-5.975806451612904,38.8,36.59046920821115,-2.2095307917888505,36.2,31.227321603128054,-4.972678396871949,39.3,37.34037145650049,-1.9596285434995053
1978,M,172.8,64.0,0.0021109001245349646,7.750000804662704e-05,94.3,94.48912512218963,0.18912512218963684,81.7,82.07236070381231,0.3723607038123049,91.3,95.46612903225807,4.16612903225807,54.5,57.024193548387096,2.524193548387096,35.7,36.59046920821115,0.8904692082111438,31.0,31.227321603128054,0.22732160312805405,39.0,37.34037145650049,-1.6596285434995082
254,F,155.4,54.9,0.0021109001245349646,7.750000804662704e-05,85.0,94.48912512218963,9.489125122189634,71.5,82.07236070381231,10.572360703812308,95.2,95.46612903225807,0.26612903225806406,58.8,57.024193548387096,-1.775806451612901,34.5,36.59046920821115,2.0904692082111467,31.0,31.227321603128054,0.22732160312805405,34.6,37.34037145650049,2.7403714565004904
2908,F,154.5,54.0,0.0021109001245349646,7.750000804662704e-05,86.7,94.48912512218963,7.789125122189631,72.4,82.07236070381231,9.672360703812302,91.2,95.46612903225807,4.266129032258064,51.2,57.024193548387096,5.824193548387093,36.1,36.59046920821115,0.49046920821114526,28.8,31.227321603128054,2.4273216031280533,32.9,37.34037145650049,4.440371456500493
1330,M,174.6,81.2,0.0021109001245349646,7.750000804662704e-05,103.4,94.48912512218963,-8.910874877810372,87.0,82.07236070381231,-4.927639296187692,103.5,95.46612903225807,-8.033870967741933,63.8,57.024193548387096,-6.775806451612901,40.2,36.59046920821115,-3.609530791788856,34.3,31.227321603128054,-3.072678396871943,39.6,37.34037145650049,-2.2596285434995096
2698,M,171.5,64.7,0.0021109001245349646,7.750000804662704e-05,98.8,94.48912512218963,-4.310874877810363,85.4,82.07236070381231,-3.327639296187698,91.5,95.46612903225807,3.966129032258067,53.9,57.024193548387096,3.1241935483870975,34.5,36.59046920821115,2.0904692082111467,30.1,31.227321603128054,1.1273216031280526,39.3,37.34037145650049,-1.9596285434995053
5008,M,175.0,74.7,0.0021109001245349646,7.750000804662704e-05,105.3,94.48912512218963,-10.810874877810363,86.1,82.07236070381231,-4.027639296187687,95.3,95.46612903225807,0.16612903225806974,52.2,57.024193548387096,4.824193548387093,39.0,36.59046920821115,-2.4095307917888533,30.8,31.227321603128054,0.42732160312805334,41.1,37.34037145650049,-3.7596285434995096
1001,M,175.4,83.0,0.0021109001245349646,7.750000804662704e-05,114.5,94.48912512218963,-20.010874877810366,86.0,82.07236070381231,-3.9276392961876923,102.5,95.46612903225807,-7.033870967741933,61.0,57.024193548387096,-3.975806451612904,40.3,36.59046920821115,-3.7095307917888505,36.1,31.227321603128054,-4.872678396871947,43.5,37.34037145650049,-6.159628543499508
1084,F,162.8,48.1,0.0021109001245349646,7.750000804662704e-05,85.4,94.48912512218963,9.089125122189628,70.5,82.07236070381231,11.572360703812308,88.8,95.46612903225807,6.66612903225807,53.0,57.024193548387096,4.024193548387096,30.5,36.59046920821115,6.090469208211147,25.7,31.227321603128054,5.527321603128055,36.8,37.34037145650049,0.5403714565004947
5031,F,161.1,64.2,0.0021109001245349646,7.750000804662704e-05,89.9,94.48912512218963,4.589125122189628,83.8,82.07236070381231,-1.7276392961876894,99.7,95.46612903225807,-4.233870967741936,61.1,57.024193548387096,-4.075806451612905,37.7,36.59046920821115,-1.1095307917888562,31.3,31.227321603128054,-0.07267839687194666,34.1,37.34037145650049,3.2403714565004904
1212,M,179.5,79.0,0.0021109001245349646,7.750000804662704e-05,100.1,94.48912512218963,-5.61087487781036,83.6,82.07236070381231,-1.5276392961876866,102.6,95.46612903225807,-7.133870967741927,60.4,57.024193548387096,-3.3758064516129025,38.5,36.59046920821115,-1.9095307917888533,31.3,31.227321603128054,-0.07267839687194666,42.1,37.34037145650049,-4.75962854349951
497,M,180.9,69.1,0.0021109001245349646,7.750000804662704e-05,97.9,94.48912512218963,-3.4108748778103717,83.0,82.07236070381231,-0.9276392961876923,93.8,95.46612903225807,1.6661290322580697,55.7,57.024193548387096,1.3241935483870932,35.1,36.59046920821115,1.4904692082111453,32.2,31.227321603128054,-0.9726783968719488,42.0,37.34037145650049,-4.659628543499508
1338,M,171.7,66.9,0.0021109001245349646,7.750000804662704e-05,102.0,94.48912512218963,-7.510874877810366,83.7,82.07236070381231,-1.627639296187695,93.6,95.46612903225807,1.8661290322580726,57.0,57.024193548387096,0.024193548387096087,34.6,36.59046920821115,1.9904692082111453,32.9,31.227321603128054,-1.6726783968719445,39.0,37.34037145650049,-1.6596285434995082
994,M,171.6,60.7,0.0021109001245349646,7.750000804662704e-05,101.3,94.48912512218963,-6.810874877810363,73.8,82.07236070381231,8.27236070381231,88.4,95.46612903225807,7.066129032258061,52.9,57.024193548387096,4.1241935483870975,34.0,36.59046920821115,2.5904692082111467,31.4,31.227321603128054,-0.17267839687194453,38.4,37.34037145650049,-1.0596285434995067
4343,F,168.8,70.9,0.0021109001245349646,7.750000804662704e-05,97.8,94.48912512218963,-3.310874877810363,88.8,82.07236070381231,-6.727639296187689,103.0,95.46612903225807,-7.533870967741933,56.8,57.024193548387096,0.22419354838709893,36.2,36.59046920821115,0.39046920821114384,31.9,31.227321603128054,-0.6726783968719445,37.2,37.34037145650049,0.140371456500489
240,F,161.4,55.3,0.0021109001245349646,7.750000804662704e-05,92.1,94.48912512218963,2.3891251221896397,71.0,82.07236070381231,11.072360703812308,92.0,95.46612903225807,3.466129032258067,53.7,57.024193548387096,3.3241935483870932,34.0,36.59046920821115,2.5904692082111467,28.0,31.227321603128054,3.227321603128054,35.2,37.34037145650049,2.140371456500489
4808,M,178.4,76.8,0.0021109001245349646,7.750000804662704e-05,101.5,94.48912512218963,-7.010874877810366,88.8,82.07236070381231,-6.727639296187689,98.2,95.46612903225807,-2.733870967741936,58.9,57.024193548387096,-1.8758064516129025,36.2,36.59046920821115,0.39046920821114384,32.6,31.227321603128054,-1.3726783968719474,40.0,37.34037145650049,-2.659628543499508
2236,F,153.5,46.4,0.0021109001245349646,7.750000804662704e-05,79.0,94.48912512218963,15.489125122189634,74.2,82.07236070381231,7.872360703812305,85.9,95.46612903225807,9.566129032258061,49.1,57.024193548387096,7.924193548387095,32.3,36.59046920821115,4.2904692082111495,27.0,31.227321603128054,4.227321603128054,34.2,37.34037145650049,3.140371456500489
333,M,176.1,70.9,0.0021109001245349646,7.750000804662704e-05,98.1,94.48912512218963,-3.6108748778103603,79.7,82.07236070381231,2.372360703812305,96.5,95.46612903225807,-1.033870967741933,58.8,57.024193548387096,-1.775806451612901,41.6,36.59046920821115,-5.009530791788855,30.7,31.227321603128054,0.5273216031280548,41.1,37.34037145650049,-3.7596285434995096
4281,F,151.2,60.0,0.0021109001245349646,7.750000804662704e-05,89.8,94.48912512218963,4.689125122189637,80.4,82.07236070381231,1.672360703812302,95.3,95.46612903225807,0.16612903225806974,53.1,57.024193548387096,3.9241935483870947,34.1,36.59046920821115,2.4904692082111453,31.0,31.227321603128054,0.22732160312805405,35.3,37.34037145650049,2.0403714565004947
2937,M,174.3,82.1,0.0021109001245349646,7.750000804662704e-05,104.6,94.48912512218963,-10.11087487781036,94.6,82.07236070381231,-12.527639296187687,100.1,95.46612903225807,-4.633870967741927,60.5,57.024193548387096,-3.475806451612904,39.7,36.59046920821115,-3.109530791788856,32.6,31.227321603128054,-1.3726783968719474,38.9,37.34037145650049,-1.5596285434995067
3277,F,155.0,63.7,0.0021109001245349646,7.750000804662704e-05,89.9,94.48912512218963,4.589125122189628,84.0,82.07236070381231,-1.9276392961876923,100.4,95.46612903225807,-4.933870967741939,56.7,57.024193548387096,0.32419354838709324,37.1,36.59046920821115,-0.5095307917888547,32.0,31.227321603128054,-0.772678396871946,36.7,37.34037145650049,0.640371456500489
4749,M,176.2,85.9,0.0021109001245349646,7.750000804662704e-05,105.2,94.48912512218963,-10.710874877810369,94.1,82.07236070381231,-12.027639296187687,105.2,95.46612903225807,-9.733870967741936,60.7,57.024193548387096,-3.6758064516129068,40.8,36.59046920821115,-4.2095307917888505,34.8,31.227321603128054,-3.572678396871943,42.7,37.34037145650049,-5.359628543499511
4915,M,170.3,83.1,0.0021109001245349646,7.750000804662704e-05,104.3,94.48912512218963,-9.810874877810363,92.8,82.07236070381231,-10.72763929618769,102.2,95.46612903225807,-6.733870967741936,62.8,57.024193548387096,-5.775806451612901,39.7,36.59046920821115,-3.109530791788856,36.7,31.227321603128054,-5.472678396871949,39.4,37.34037145650049,-2.0596285434995067
555,F,159.2,49.9,0.0021109001245349646,7.750000804662704e-05,81.9,94.48912512218963,12.589125122189628,68.6,82.07236070381231,13.472360703812313,90.3,95.46612903225807,5.16612903225807,54.6,57.024193548387096,2.4241935483870947,33.2,36.59046920821115,3.390469208211144,26.7,31.227321603128054,4.527321603128055,34.4,37.34037145650049,2.9403714565004933
3800,F,159.2,70.5,0.0021109001245349646,7.750000804662704e-05,97.8,94.48912512218963,-3.310874877810363,86.3,82.07236070381231,-4.227639296187689,102.5,95.46612903225807,-7.033870967741933,62.0,57.024193548387096,-4.975806451612904,39.7,36.59046920821115,-3.109530791788856,33.2,31.227321603128054,-1.9726783968719488,34.6,37.34037145650049,2.7403714565004904
624,F,156.3,51.8,0.0021109001245349646,7.750000804662704e-05,84.9,94.48912512218963,9.589125122189628,66.8,82.07236070381231,15.27236070381231,92.2,95.46612903225807,3.266129032258064,56.5,57.024193548387096,0.5241935483870961,32.8,36.59046920821115,3.7904692082111495,28.7,31.227321603128054,2.5273216031280548,33.5,37.34037145650049,3.840371456500492
1995,M,168.0,78.2,0.0021109001245349646,7.750000804662704e-05,106.3,94.48912512218963,-11.810874877810363,96.4,82.07236070381231,-14.327639296187698,97.4,95.46612903225807,-1.9338709677419388,60.0,57.024193548387096,-2.975806451612904,39.7,36.59046920821115,-3.109530791788856,35.3,31.227321603128054,-4.072678396871943,40.7,37.34037145650049,-3.359628543499511
491,M,179.4,72.1,0.0021109001245349646,7.750000804662704e-05,94.3,94.48912512218963,0.18912512218963684,79.9,82.07236070381231,2.172360703812302,96.7,95.46612903225807,-1.233870967741936,62.0,57.024193548387096,-4.975806451612904,37.8,36.59046920821115,-1.2095307917888505,30.9,31.227321603128054,0.32732160312805547,42.8,37.34037145650049,-5.459628543499505
23,F,156.5,58.4,0.0021109001245349646,7.750000804662704e-05,92.1,94.48912512218963,2.3891251221896397,84.2,82.07236070381231,-2.127639296187695,95.4,95.46612903225807,0.06612903225806122,56.2,57.024193548387096,0.8241935483870932,35.6,36.59046920821115,0.9904692082111453,31.4,31.227321603128054,-0.17267839687194453,35.7,37.34037145650049,1.640371456500489
3351,F,160.2,51.4,0.0021109001245349646,7.750000804662704e-05,80.8,94.48912512218963,13.689125122189637,67.4,82.07236070381231,14.672360703812302,93.2,95.46612903225807,2.266129032258064,55.8,57.024193548387096,1.224193548387099,32.7,36.59046920821115,3.890469208211144,25.9,31.227321603128054,5.3273216031280555,35.4,37.34037145650049,1.9403714565004933
501,M,182.9,76.8,0.0021109001245349646,7.750000804662704e-05,101.5,94.48912512218963,-7.010874877810366,83.2,82.07236070381231,-1.127639296187695,96.0,95.46612903225807,-0.5338709677419331,56.5,57.024193548387096,0.5241935483870961,38.0,36.59046920821115,-1.4095307917888533,34.3,31.227321603128054,-3.072678396871943,39.6,37.34037145650049,-2.2596285434995096
1788,M,169.0,77.7,0.0021109001245349646,7.750000804662704e-05,106.5,94.48912512218963,-12.010874877810366,96.0,82.07236070381231,-13.927639296187692,97.7,95.46612903225807,-2.233870967741936,55.5,57.024193548387096,1.524193548387096,36.7,36.59046920821115,-0.10953079178885616,35.0,31.227321603128054,-3.772678396871946,41.3,37.34037145650049,-3.9596285434995053
2705,M,170.5,73.3,0.0021109001245349646,7.750000804662704e-05,101.0,94.48912512218963,-6.510874877810366,89.1,82.07236070381231,-7.027639296187687,97.0,95.46612903225807,-1.533870967741933,61.0,57.024193548387096,-3.975806451612904,40.0,36.59046920821115,-3.4095307917888533,33.7,31.227321603128054,-2.472678396871949,38.4,37.34037145650049,-1.0596285434995067
239,F,166.5,64.4,0.0021109001245349646,7.750000804662704e-05,86.1,94.48912512218963,8.38912512218964,75.2,82.07236070381231,6.872360703812305,98.7,95.46612903225807,-3.233870967741936,59.5,57.024193548387096,-2.475806451612904,38.7,36.59046920821115,-2.109530791788856,28.2,31.227321603128054,3.0273216031280548,37.9,37.34037145650049,-0.5596285434995067
4673,F,166.9,53.5,0.0021109001245349646,7.750000804662704e-05,83.8,94.48912512218963,10.689125122189637,69.2,82.07236070381231,12.872360703812305,93.1,95.46612903225807,2.3661290322580726,51.9,57.024193548387096,5.1241935483870975,34.5,36.59046920821115,2.0904692082111467,26.2,31.227321603128054,5.027321603128055,36.4,37.34037145650049,0.9403714565004933
4003,M,178.7,92.2,0.0021109001245349646,7.750000804662704e-05,109.2,94.48912512218963,-14.710874877810369,101.9,82.07236070381231,-19.827639296187698,102.9,95.46612903225807,-7.433870967741939,64.3,57.024193548387096,-7.275806451612901,43.1,36.59046920821115,-6.509530791788855,36.7,31.227321603128054,-5.472678396871949,42.1,37.34037145650049,-4.75962854349951
2095,F,161.4,54.4,0.0021109001245349646,7.750000804662704e-05,89.0,94.48912512218963,5.489125122189634,75.3,82.07236070381231,6.772360703812311,93.0,95.46612903225807,2.466129032258067,56.1,57.024193548387096,0.9241935483870947,33.4,36.59046920821115,3.190469208211148,28.2,31.227321603128054,3.0273216031280548,35.6,37.34037145650049,1.7403714565004904
2213,F,154.7,57.3,0.0021109001245349646,7.750000804662704e-05,88.4,94.48912512218963,6.089125122189628,81.8,82.07236070381231,0.2723607038123106,93.7,95.46612903225807,1.766129032258064,58.5,57.024193548387096,-1.475806451612904,34.0,36.59046920821115,2.5904692082111467,31.8,31.227321603128054,-0.5726783968719467,35.0,37.34037145650049,2.340371456500492
4995,M,168.7,73.1,0.0021109001245349646,7.750000804662704e-05,103.1,94.48912512218963,-8.61087487781036,88.0,82.07236070381231,-5.927639296187692,93.9,95.46612903225807,1.5661290322580612,55.8,57.024193548387096,1.224193548387099,37.5,36.59046920821115,-0.9095307917888533,33.6,31.227321603128054,-2.3726783968719474,39.1,37.34037145650049,-1.7596285434995096
1335,M,164.6,54.9,0.0021109001245349646,7.750000804662704e-05,92.1,94.48912512218963,2.3891251221896397,71.0,82.07236070381231,11.072360703812308,88.1,95.46612903225807,7.366129032258073,51.5,57.024193548387096,5.524193548387096,34.4,36.59046920821115,2.190469208211148,29.4,31.227321603128054,1.8273216031280555,37.7,37.34037145650049,-0.359628543499511
3316,M,189.1,63.7,0.0021109001245349646,7.750000804662704e-05,89.8,94.48912512218963,4.689125122189637,70.6,82.07236070381231,11.472360703812313,91.4,95.46612903225807,4.066129032258061,50.5,57.024193548387096,6.524193548387096,36.0,36.59046920821115,0.5904692082111467,27.2,31.227321603128054,4.027321603128055,41.7,37.34037145650049,-4.359628543499511
3951,F,164.5,66.9,0.0021109001245349646,7.750000804662704e-05,92.2,94.48912512218963,2.289125122189631,90.0,82.07236070381231,-7.927639296187692,98.5,95.46612903225807,-3.033870967741933,58.4,57.024193548387096,-1.3758064516129025,36.5,36.59046920821115,0.09046920821114668,30.9,31.227321603128054,0.32732160312805547,35.4,37.34037145650049,1.9403714565004933
3606,M,164.0,63.9,0.0021109001245349646,7.750000804662704e-05,98.6,94.48912512218963,-4.11087487781036,86.1,82.07236070381231,-4.027639296187687,91.6,95.46612903225807,3.8661290322580726,55.1,57.024193548387096,1.9241935483870947,35.0,36.59046920821115,1.5904692082111467,32.5,31.227321603128054,-1.272678396871946,39.3,37.34037145650049,-1.9596285434995053
4761,F,149.3,59.0,0.0021109001245349646,7.750000804662704e-05,92.6,94.48912512218963,1.8891251221896397,83.5,82.07236070381231,-1.4276392961876923,94.3,95.46612903225807,1.1661290322580697,58.2,57.024193548387096,-1.1758064516129068,34.3,36.59046920821115,2.2904692082111495,32.2,31.227321603128054,-0.9726783968719488,34.4,37.34037145650049,2.9403714565004933
429,F,153.3,53.4,0.0021109001245349646,7.750000804662704e-05,86.1,94.48912512218963,8.38912512218964,77.4,82.07236070381231,4.672360703812302,94.3,95.46612903225807,1.1661290322580697,61.4,57.024193548387096,-4.3758064516129025,33.3,36.59046920821115,3.2904692082111495,30.7,31.227321603128054,0.5273216031280548,33.0,37.34037145650049,4.340371456500492
2416,M,177.5,74.4,0.0021109001245349646,7.750000804662704e-05,102.8,94.48912512218963,-8.310874877810363,87.9,82.07236070381231,-5.827639296187698,94.1,95.46612903225807,1.3661290322580726,55.3,57.024193548387096,1.724193548387099,38.5,36.59046920821115,-1.9095307917888533,33.5,31.227321603128054,-2.272678396871946,39.8,37.34037145650049,-2.4596285434995053
3697,M,181.3,74.2,0.0021109001245349646,7.750000804662704e-05,101.1,94.48912512218963,-6.61087487781036,77.1,82.07236070381231,4.972360703812313,97.4,95.46612903225807,-1.9338709677419388,50.1,57.024193548387096,6.924193548387095,39.5,36.59046920821115,-2.9095307917888533,34.3,31.227321603128054,-3.072678396871943,40.7,37.34037145650049,-3.359628543499511
4398,M,176.7,79.0,0.0021109001245349646,7.750000804662704e-05,100.9,94.48912512218963,-6.410874877810372,84.0,82.07236070381231,-1.9276392961876923,100.8,95.46612903225807,-5.33387096774193,60.6,57.024193548387096,-3.5758064516129053,39.6,36.59046920821115,-3.0095307917888547,34.6,31.227321603128054,-3.3726783968719474,39.4,37.34037145650049,-2.0596285434995067
422,F,163.6,56.6,0.0021109001245349646,7.750000804662704e-05,90.3,94.48912512218963,4.189125122189637,74.9,82.07236070381231,7.172360703812302,97.0,95.46612903225807,-1.533870967741933,61.3,57.024193548387096,-4.275806451612901,35.4,36.59046920821115,1.190469208211148,28.2,31.227321603128054,3.0273216031280548,35.6,37.34037145650049,1.7403714565004904
1115,F,170.6,54.6,0.0021109001245349646,7.750000804662704e-05,81.7,94.48912512218963,12.789125122189631,69.2,82.07236070381231,12.872360703812305,94.0,95.46612903225807,1.466129032258067,54.6,57.024193548387096,2.4241935483870947,34.3,36.59046920821115,2.2904692082111495,25.6,31.227321603128054,5.627321603128053,36.3,37.34037145650049,1.0403714565004947
803,M,179.5,71.9,0.0021109001245349646,7.750000804662704e-05,96.4,94.48912512218963,-1.9108748778103717,78.9,82.07236070381231,3.172360703812302,97.3,95.46612903225807,-1.8338709677419303,56.5,57.024193548387096,0.5241935483870961,37.0,36.59046920821115,-0.4095307917888533,32.2,31.227321603128054,-0.9726783968719488,37.8,37.34037145650049,-0.4596285434995053
4162,F,163.2,54.4,0.0021109001245349646,7.750000804662704e-05,84.0,94.48912512218963,10.489125122189634,69.2,82.07236070381231,12.872360703812305,90.5,95.46612903225807,4.966129032258067,54.4,57.024193548387096,2.6241935483870975,35.6,36.59046920821115,0.9904692082111453,30.6,31.227321603128054,0.6273216031280526,33.8,37.34037145650049,3.5403714565004947
2576,F,159.5,44.1,0.0021109001245349646,7.750000804662704e-05,81.3,94.48912512218963,13.189125122189637,65.7,82.07236070381231,16.372360703812305,85.5,95.46612903225807,9.966129032258067,51.3,57.024193548387096,5.724193548387099,30.1,36.59046920821115,6.490469208211145,26.3,31.227321603128054,4.927321603128053,36.4,37.34037145650049,0.9403714565004933
1728,M,170.8,83.9,0.0021109001245349646,7.750000804662704e-05,107.4,94.48912512218963,-12.910874877810372,97.9,82.07236070381231,-15.827639296187698,103.8,95.46612903225807,-8.33387096774193,63.3,57.024193548387096,-6.275806451612901,40.7,36.59046920821115,-4.109530791788856,37.9,31.227321603128054,-6.6726783968719445,41.2,37.34037145650049,-3.859628543499511
4008,M,173.8,75.5,0.0021109001245349646,7.750000804662704e-05,101.7,94.48912512218963,-7.210874877810369,86.4,82.07236070381231,-4.327639296187698,99.5,95.46612903225807,-4.033870967741933,61.2,57.024193548387096,-4.175806451612907,39.3,36.59046920821115,-2.7095307917888505,32.2,31.227321603128054,-0.9726783968719488,38.8,37.34037145650049,-1.4596285434995053
1720,M,174.0,89.1,0.0021109001245349646,7.750000804662704e-05,112.7,94.48912512218963,-18.21087487781037,97.9,82.07236070381231,-15.827639296187698,103.9,95.46612903225807,-8.433870967741939,65.3,57.024193548387096,-8.275806451612901,40.1,36.59046920821115,-3.5095307917888547,38.0,31.227321603128054,-6.772678396871946,40.5,37.34037145650049,-3.159628543499508
3671,F,161.5,55.2,0.0021109001245349646,7.750000804662704e-05,87.5,94.48912512218963,6.989125122189634,76.8,82.07236070381231,5.272360703812311,92.8,95.46612903225807,2.6661290322580697,54.3,57.024193548387096,2.724193548387099,34.0,36.59046920821115,2.5904692082111467,29.5,31.227321603128054,1.727321603128054,36.1,37.34037145650049,1.2403714565004904
4873,F,161.9,61.8,0.0021109001245349646,7.750000804662704e-05,82.6,94.48912512218963,11.88912512218964,73.2,82.07236070381231,8.872360703812305,94.1,95.46612903225807,1.3661290322580726,56.8,57.024193548387096,0.22419354838709893,38.1,36.59046920821115,-1.5095307917888547,29.6,31.227321603128054,1.6273216031280526,35.9,37.34037145650049,1.4403714565004933
4892,M,164.5,76.0,0.0021109001245349646,7.750000804662704e-05,99.9,94.48912512218963,-5.410874877810372,96.3,82.07236070381231,-14.22763929618769,97.3,95.46612903225807,-1.8338709677419303,59.0,57.024193548387096,-1.975806451612904,39.5,36.59046920821115,-2.9095307917888533,33.9,31.227321603128054,-2.6726783968719445,38.8,37.34037145650049,-1.4596285434995053
3409,M,174.4,75.0,0.0021109001245349646,7.750000804662704e-05,99.2,94.48912512218963,-4.710874877810369,82.0,82.07236070381231,0.07236070381230775,101.2,95.46612903225807,-5.733870967741936,60.6,57.024193548387096,-3.5758064516129053,40.2,36.59046920821115,-3.609530791788856,33.6,31.227321603128054,-2.3726783968719474,39.3,37.34037145650049,-1.9596285434995053
2964,F,168.6,78.6,0.0021109001245349646,7.750000804662704e-05,95.7,94.48912512218963,-1.2108748778103688,91.0,82.07236070381231,-8.927639296187692,102.0,95.46612903225807,-6.533870967741933,64.2,57.024193548387096,-7.175806451612907,39.8,36.59046920821115,-3.2095307917888505,34.0,31.227321603128054,-2.772678396871946,38.0,37.34037145650049,-0.6596285434995082
4539,M,165.5,72.3,0.0021109001245349646,7.750000804662704e-05,95.8,94.48912512218963,-1.3108748778103632,99.4,82.07236070381231,-17.327639296187698,93.6,95.46612903225807,1.8661290322580726,52.0,57.024193548387096,5.024193548387096,37.4,36.59046920821115,-0.8095307917888519,31.5,31.227321603128054,-0.27267839687194595,38.7,37.34037145650049,-1.359628543499511
3742,M,173.6,75.7,0.0021109001245349646,7.750000804662704e-05,100.4,94.48912512218963,-5.910874877810372,86.3,82.07236070381231,-4.227639296187689,95.4,95.46612903225807,0.06612903225806122,55.9,57.024193548387096,1.1241935483870975,39.0,36.59046920821115,-2.4095307917888533,32.7,31.227321603128054,-1.4726783968719488,41.0,37.34037145650049,-3.659628543499508
1872,F,164.4,57.1,0.0021109001245349646,7.750000804662704e-05,89.5,94.48912512218963,4.989125122189634,71.9,82.07236070381231,10.172360703812302,94.4,95.46612903225807,1.0661290322580612,58.0,57.024193548387096,-0.9758064516129039,34.2,36.59046920821115,2.390469208211144,29.1,31.227321603128054,2.1273216031280526,36.9,37.34037145650049,0.44037145650049325
3795,F,157.6,56.5,0.0021109001245349646,7.750000804662704e-05,88.3,94.48912512218963,6.189125122189637,73.4,82.07236070381231,8.672360703812302,98.5,95.46612903225807,-3.033870967741933,57.0,57.024193548387096,0.024193548387096087,34.5,36.59046920821115,2.0904692082111467,28.2,31.227321603128054,3.0273216031280548,34.9,37.34037145650049,2.4403714565004933
733,F,165.8,65.1,0.0021109001245349646,7.750000804662704e-05,94.5,94.48912512218963,-0.010874877810366002,75.4,82.07236070381231,6.672360703812302,99.0,95.46612903225807,-3.533870967741933,57.8,57.024193548387096,-0.7758064516129011,36.7,36.59046920821115,-0.10953079178885616,30.3,31.227321603128054,0.9273216031280533,36.2,37.34037145650049,1.140371456500489
927,F,153.7,51.1,0.0021109001245349646,7.750000804662704e-05,87.7,94.48912512218963,6.789125122189631,75.1,82.07236070381231,6.972360703812313,88.7,95.46612903225807,6.766129032258064,51.9,57.024193548387096,5.1241935483870975,34.5,36.59046920821115,2.0904692082111467,29.4,31.227321603128054,1.8273216031280555,33.9,37.34037145650049,3.4403714565004933
3125,F,151.6,53.2,0.0021109001245349646,7.750000804662704e-05,86.8,94.48912512218963,7.689125122189637,77.3,82.07236070381231,4.772360703812311,93.8,95.46612903225807,1.6661290322580697,55.8,57.024193548387096,1.224193548387099,33.1,36.59046920821115,3.4904692082111453,29.8,31.227321603128054,1.4273216031280533,32.5,37.34037145650049,4.840371456500492
65,F,177.0,69.0,0.0021109001245349646,7.750000804662704e-05,88.2,94.48912512218963,6.289125122189631,73.8,82.07236070381231,8.27236070381231,99.7,95.46612903225807,-4.233870967741936,59.2,57.024193548387096,-2.1758064516129068,42.0,36.59046920821115,-5.409530791788853,29.0,31.227321603128054,2.227321603128054,39.2,37.34037145650049,-1.859628543499511
2127,F,145.7,52.0,0.0021109001245349646,7.750000804662704e-05,88.8,94.48912512218963,5.689125122189637,80.5,82.07236070381231,1.5723607038123077,94.0,95.46612903225807,1.466129032258067,55.8,57.024193548387096,1.224193548387099,32.6,36.59046920821115,3.9904692082111453,28.8,31.227321603128054,2.4273216031280533,33.8,37.34037145650049,3.5403714565004947
4367,F,156.2,55.5,0.0021109001245349646,7.750000804662704e-05,84.0,94.48912512218963,10.489125122189634,76.0,82.07236070381231,6.072360703812308,96.5,95.46612903225807,-1.033870967741933,55.4,57.024193548387096,1.6241935483870975,36.0,36.59046920821115,0.5904692082111467,28.1,31.227321603128054,3.1273216031280526,34.4,37.34037145650049,2.9403714565004933
2314,F,161.5,49.3,0.0021109001245349646,7.750000804662704e-05,81.8,94.48912512218963,12.689125122189637,68.2,82.07236070381231,13.872360703812305,93.0,95.46612903225807,2.466129032258067,56.4,57.024193548387096,0.6241935483870975,32.5,36.59046920821115,4.090469208211147,28.1,31.227321603128054,3.1273216031280526,35.8,37.34037145650049,1.5403714565004947
4130,F,154.5,52.3,0.0021109001245349646,7.750000804662704e-05,89.5,94.48912512218963,4.989125122189634,81.0,82.07236070381231,1.0723607038123077,87.5,95.46612903225807,7.966129032258067,52.4,57.024193548387096,4.6241935483870975,31.9,36.59046920821115,4.690469208211148,28.4,31.227321603128054,2.8273216031280555,33.4,37.34037145650049,3.9403714565004933
3750,M,168.0,62.6,0.0021109001245349646,7.750000804662704e-05,89.8,94.48912512218963,4.689125122189637,78.7,82.07236070381231,3.372360703812305,94.4,95.46612903225807,1.0661290322580612,57.0,57.024193548387096,0.024193548387096087,35.9,36.59046920821115,0.6904692082111481,32.1,31.227321603128054,-0.8726783968719474,38.8,37.34037145650049,-1.4596285434995053
4704,F,156.8,68.1,0.0021109001245349646,7.750000804662704e-05,92.1,94.48912512218963,2.3891251221896397,77.7,82.07236070381231,4.372360703812305,104.6,95.46612903225807,-9.133870967741927,64.5,57.024193548387096,-7.475806451612904,39.6,36.59046920821115,-3.0095307917888547,32.5,31.227321603128054,-1.272678396871946,33.8,37.34037145650049,3.5403714565004947
969,M,173.5,72.9,0.0021109001245349646,7.750000804662704e-05,103.3,94.48912512218963,-8.810874877810363,81.2,82.07236070381231,0.8723607038123049,99.0,95.46612903225807,-3.533870967741933,61.1,57.024193548387096,-4.075806451612905,37.2,36.59046920821115,-0.6095307917888562,33.1,31.227321603128054,-1.8726783968719474,41.4,37.34037145650049,-4.059628543499507
4287,F,149.8,57.3,0.0021109001245349646,7.750000804662704e-05,90.2,94.48912512218963,4.289125122189631,81.1,82.07236070381231,0.9723607038123134,97.4,95.46612903225807,-1.9338709677419388,58.2,57.024193548387096,-1.1758064516129068,35.4,36.59046920821115,1.190469208211148,29.1,31.227321603128054,2.1273216031280526,33.3,37.34037145650049,4.040371456500495
3659,F,156.7,63.3,0.0021109001245349646,7.750000804662704e-05,92.0,94.48912512218963,2.489125122189634,80.1,82.07236070381231,1.9723607038123134,100.0,95.46612903225807,-4.533870967741933,60.8,57.024193548387096,-3.775806451612901,37.3,36.59046920821115,-0.7095307917888505,31.3,31.227321603128054,-0.07267839687194666,34.4,37.34037145650049,2.9403714565004933
4444,F,164.9,66.5,0.0021109001245349646,7.750000804662704e-05,90.8,94.48912512218963,3.689125122189637,78.1,82.07236070381231,3.9723607038123134,101.0,95.46612903225807,-5.533870967741933,59.4,57.024193548387096,-2.3758064516129025,39.0,36.59046920821115,-2.4095307917888533,29.9,31.227321603128054,1.3273216031280555,36.6,37.34037145650049,0.7403714565004904
416,F,158.8,53.6,0.0021109001245349646,7.750000804662704e-05,88.7,94.48912512218963,5.789125122189631,75.4,82.07236070381231,6.672360703812302,87.5,95.46612903225807,7.966129032258067,49.4,57.024193548387096,7.6241935483870975,34.8,36.59046920821115,1.7904692082111495,29.8,31.227321603128054,1.4273216031280533,34.0,37.34037145650049,3.340371456500492
3881,F,159.7,56.7,0.0021109001245349646,7.750000804662704e-05,87.5,94.48912512218963,6.989125122189634,79.0,82.07236070381231,3.0723607038123077,90.0,95.46612903225807,5.466129032258067,53.0,57.024193548387096,4.024193548387096,33.0,36.59046920821115,3.5904692082111467,28.8,31.227321603128054,2.4273216031280533,34.8,37.34037145650049,2.5403714565004947
2135,F,161.7,54.6,0.0021109001245349646,7.750000804662704e-05,84.5,94.48912512218963,9.989125122189634,68.8,82.07236070381231,13.27236070381231,93.2,95.46612903225807,2.266129032258064,56.6,57.024193548387096,0.42419354838709467,35.3,36.59046920821115,1.2904692082111495,28.1,31.227321603128054,3.1273216031280526,34.3,37.34037145650049,3.0403714565004947
4396,M,159.1,64.8,0.0021109001245349646,7.750000804662704e-05,95.2,94.48912512218963,-0.7108748778103688,90.6,82.07236070381231,-8.527639296187687,90.8,95.46612903225807,4.66612903225807,52.4,57.024193548387096,4.6241935483870975,36.5,36.59046920821115,0.09046920821114668,30.9,31.227321603128054,0.32732160312805547,36.4,37.34037145650049,0.9403714565004933
1629,M,166.3,89.7,0.0021109001245349646,7.750000804662704e-05,112.5,94.48912512218963,-18.010874877810366,106.7,82.07236070381231,-24.627639296187695,104.8,95.46612903225807,-9.33387096774193,65.1,57.024193548387096,-8.075806451612898,44.2,36.59046920821115,-7.609530791788856,37.1,31.227321603128054,-5.872678396871947,41.7,37.34037145650049,-4.359628543499511
4806,M,174.7,75.4,0.0021109001245349646,7.750000804662704e-05,99.5,94.48912512218963,-5.010874877810366,87.3,82.07236070381231,-5.227639296187689,102.2,95.46612903225807,-6.733870967741936,59.7,57.024193548387096,-2.6758064516129068,36.1,36.59046920821115,0.49046920821114526,33.8,31.227321603128054,-2.572678396871943,36.4,37.34037145650049,0.9403714565004933
84,M,178.1,80.3,0.0021109001245349646,7.750000804662704e-05,105.2,94.48912512218963,-10.710874877810369,88.0,82.07236070381231,-5.927639296187692,102.9,95.46612903225807,-7.433870967741939,60.6,57.024193548387096,-3.5758064516129053,39.9,36.59046920821115,-3.309530791788852,34.3,31.227321603128054,-3.072678396871943,41.4,37.34037145650049,-4.059628543499507
3734,M,160.0,61.3,0.0021109001245349646,7.750000804662704e-05,94.3,94.48912512218963,0.18912512218963684,77.3,82.07236070381231,4.772360703812311,90.6,95.46612903225807,4.866129032258073,54.8,57.024193548387096,2.224193548387099,38.6,36.59046920821115,-2.0095307917888547,30.5,31.227321603128054,0.727321603128054,38.2,37.34037145650049,-0.859628543499511
1566,M,171.0,71.9,0.0021109001245349646,7.750000804662704e-05,100.0,94.48912512218963,-5.510874877810366,91.2,82.07236070381231,-9.127639296187695,97.3,95.46612903225807,-1.8338709677419303,57.6,57.024193548387096,-0.5758064516129053,37.0,36.59046920821115,-0.4095307917888533,33.8,31.227321603128054,-2.572678396871943,38.9,37.34037145650049,-1.5596285434995067
2086,M,168.1,66.2,0.0021109001245349646,7.750000804662704e-05,95.2,94.48912512218963,-0.7108748778103688,81.8,82.07236070381231,0.2723607038123106,91.7,95.46612903225807,3.766129032258064,54.6,57.024193548387096,2.4241935483870947,36.2,36.59046920821115,0.39046920821114384,33.0,31.227321603128054,-1.772678396871946,39.3,37.34037145650049,-1.9596285434995053
2407,M,177.0,74.2,0.0021109001245349646,7.750000804662704e-05,100.5,94.48912512218963,-6.010874877810366,86.1,82.07236070381231,-4.027639296187687,98.0,95.46612903225807,-2.533870967741933,58.2,57.024193548387096,-1.1758064516129068,36.4,36.59046920821115,0.1904692082111481,34.9,31.227321603128054,-3.6726783968719445,40.8,37.34037145650049,-3.4596285434995053
1513,M,178.9,55.7,0.0021109001245349646,7.750000804662704e-05,86.0,94.48912512218963,8.489125122189634,68.3,82.07236070381231,13.77236070381231,86.5,95.46612903225807,8.966129032258067,49.6,57.024193548387096,7.424193548387095,33.7,36.59046920821115,2.890469208211144,27.0,31.227321603128054,4.227321603128054,40.3,37.34037145650049,-2.9596285434995053
1181,M,173.2,62.5,0.0021109001245349646,7.750000804662704e-05,93.0,94.48912512218963,1.489125122189634,82.2,82.07236070381231,-0.1276392961876951,92.1,95.46612903225807,3.3661290322580726,56.0,57.024193548387096,1.024193548387096,35.2,36.59046920821115,1.3904692082111438,31.1,31.227321603128054,0.12732160312805263,38.6,37.34037145650049,-1.2596285434995096
1242,M,179.0,72.8,0.0021109001245349646,7.750000804662704e-05,102.2,94.48912512218963,-7.710874877810369,79.4,82.07236070381231,2.672360703812302,95.5,95.46612903225807,-0.0338709677419331,56.3,57.024193548387096,0.7241935483870989,35.8,36.59046920821115,0.7904692082111495,34.6,31.227321603128054,-3.3726783968719474,37.7,37.34037145650049,-0.359628543499511
2484,M,183.7,84.5,0.0021109001245349646,7.750000804662704e-05,103.8,94.48912512218963,-9.310874877810363,92.7,82.07236070381231,-10.627639296187695,101.1,95.46612903225807,-5.633870967741927,60.0,57.024193548387096,-2.975806451612904,40.0,36.59046920821115,-3.4095307917888533,36.6,31.227321603128054,-5.372678396871947,39.7,37.34037145650049,-2.359628543499511
3441,F,155.5,54.6,0.0021109001245349646,7.750000804662704e-05,88.6,94.48912512218963,5.88912512218964,75.8,82.07236070381231,6.272360703812311,88.7,95.46612903225807,6.766129032258064,50.5,57.024193548387096,6.524193548387096,33.5,36.59046920821115,3.0904692082111467,29.5,31.227321603128054,1.727321603128054,35.4,37.34037145650049,1.9403714565004933
2837,F,159.0,50.6,0.0021109001245349646,7.750000804662704e-05,82.8,94.48912512218963,11.689125122189637,71.8,82.07236070381231,10.27236070381231,86.2,95.46612903225807,9.266129032258064,47.2,57.024193548387096,9.824193548387093,32.1,36.59046920821115,4.490469208211145,27.6,31.227321603128054,3.6273216031280526,33.8,37.34037145650049,3.5403714565004947
393,F,157.0,51.5,0.0021109001245349646,7.750000804662704e-05,83.9,94.48912512218963,10.589125122189628,69.7,82.07236070381231,12.372360703812305,86.7,95.46612903225807,8.766129032258064,53.3,57.024193548387096,3.724193548387099,36.7,36.59046920821115,-0.10953079178885616,27.2,31.227321603128054,4.027321603128055,34.3,37.34037145650049,3.0403714565004947
106,F,171.1,66.5,0.0021109001245349646,7.750000804662704e-05,93.4,94.48912512218963,1.0891251221896283,79.3,82.07236070381231,2.7723607038123106,98.5,95.46612903225807,-3.033870967741933,58.2,57.024193548387096,-1.1758064516129068,38.5,36.59046920821115,-1.9095307917888533,32.0,31.227321603128054,-0.772678396871946,37.9,37.34037145650049,-0.5596285434995067
4617,M,176.1,81.1,0.0021109001245349646,7.750000804662704e-05,105.3,94.48912512218963,-10.810874877810363,90.2,82.07236070381231,-8.127639296187695,102.3,95.46612903225807,-6.83387096774193,59.7,57.024193548387096,-2.6758064516129068,38.0,36.59046920821115,-1.4095307917888533,34.2,31.227321603128054,-2.972678396871949,38.2,37.34037145650049,-0.859628543499511
3154,M,161.0,72.9,0.0021109001245349646,7.750000804662704e-05,97.8,94.48912512218963,-3.310874877810363,93.9,82.07236070381231,-11.827639296187698,95.0,95.46612903225807,0.4661290322580669,55.2,57.024193548387096,1.8241935483870932,38.5,36.59046920821115,-1.9095307917888533,32.0,31.227321603128054,-0.772678396871946,35.2,37.34037145650049,2.140371456500489
4713,F,160.8,72.8,0.0021109001245349646,7.750000804662704e-05,99.5,94.48912512218963,-5.010874877810366,95.5,82.07236070381231,-13.427639296187692,97.0,95.46612903225807,-1.533870967741933,58.5,57.024193548387096,-1.475806451612904,35.3,36.59046920821115,1.2904692082111495,32.8,31.227321603128054,-1.572678396871943,37.6,37.34037145650049,-0.2596285434995096
1391,M,176.0,73.3,0.0021109001245349646,7.750000804662704e-05,97.8,94.48912512218963,-3.310874877810363,88.9,82.07236070381231,-6.827639296187698,98.4,95.46612903225807,-2.933870967741939,59.0,57.024193548387096,-1.975806451612904,37.5,36.59046920821115,-0.9095307917888533,32.0,31.227321603128054,-0.772678396871946,40.3,37.34037145650049,-2.9596285434995053
2100,F,157.0,58.7,0.0021109001245349646,7.750000804662704e-05,89.7,94.48912512218963,4.789125122189631,79.4,82.07236070381231,2.672360703812302,95.0,95.46612903225807,0.4661290322580669,59.7,57.024193548387096,-2.6758064516129068,35.3,36.59046920821115,1.2904692082111495,31.6,31.227321603128054,-0.37267839687194737,35.0,37.34037145650049,2.340371456500492
4698,F,154.5,55.9,0.0021109001245349646,7.750000804662704e-05,89.5,94.48912512218963,4.989125122189634,76.0,82.07236070381231,6.072360703812308,92.0,95.46612903225807,3.466129032258067,56.4,57.024193548387096,0.6241935483870975,36.2,36.59046920821115,0.39046920821114384,29.1,31.227321603128054,2.1273216031280526,35.3,37.34037145650049,2.0403714565004947
2451,M,165.0,89.5,0.0021109001245349646,7.750000804662704e-05,110.2,94.48912512218963,-15.710874877810369,105.5,82.07236070381231,-23.427639296187692,109.2,95.46612903225807,-13.733870967741936,66.6,57.024193548387096,-9.575806451612898,43.0,36.59046920821115,-6.409530791788853,40.2,31.227321603128054,-8.972678396871949,41.1,37.34037145650049,-3.7596285434995096
1281,F,156.1,47.9,0.0021109001245349646,7.750000804662704e-05,80.3,94.48912512218963,14.189125122189637,69.9,82.07236070381231,12.172360703812302,86.5,95.46612903225807,8.966129032258067,50.5,57.024193548387096,6.524193548387096,34.0,36.59046920821115,2.5904692082111467,25.4,31.227321603128054,5.8273216031280555,32.6,37.34037145650049,4.74037145650049
2123,F,156.0,60.5,0.0021109001245349646,7.750000804662704e-05,92.9,94.48912512218963,1.5891251221896283,75.1,82.07236070381231,6.972360703812313,98.4,95.46612903225807,-2.933870967741939,60.9,57.024193548387096,-3.8758064516129025,36.2,36.59046920821115,0.39046920821114384,30.2,31.227321603128054,1.0273216031280548,36.0,37.34037145650049,1.3403714565004918
3361,F,159.1,49.5,0.0021109001245349646,7.750000804662704e-05,84.0,94.48912512218963,10.489125122189634,71.1,82.07236070381231,10.972360703812313,84.3,95.46612903225807,11.16612903225807,50.0,57.024193548387096,7.024193548387096,32.0,36.59046920821115,4.590469208211147,26.2,31.227321603128054,5.027321603128055,35.5,37.34037145650049,1.8403714565004918
3959,F,158.5,53.1,0.0021109001245349646,7.750000804662704e-05,84.7,94.48912512218963,9.789125122189631,70.2,82.07236070381231,11.872360703812305,90.3,95.46612903225807,5.16612903225807,54.1,57.024193548387096,2.9241935483870947,37.4,36.59046920821115,-0.8095307917888519,26.0,31.227321603128054,5.227321603128054,32.9,37.34037145650049,4.440371456500493
2648,F,151.5,52.5,0.0021109001245349646,7.750000804662704e-05,91.0,94.48912512218963,3.489125122189634,80.8,82.07236070381231,1.2723607038123106,88.7,95.46612903225807,6.766129032258064,59.4,57.024193548387096,-2.3758064516129025,33.2,36.59046920821115,3.390469208211144,31.6,31.227321603128054,-0.37267839687194737,35.2,37.34037145650049,2.140371456500489
2114,F,157.5,74.6,0.0021109001245349646,7.750000804662704e-05,99.5,94.48912512218963,-5.010874877810366,101.0,82.07236070381231,-18.927639296187692,103.6,95.46612903225807,-8.133870967741927,67.0,57.024193548387096,-9.975806451612904,38.7,36.59046920821115,-2.109530791788856,34.7,31.227321603128054,-3.472678396871949,37.5,37.34037145650049,-0.15962854349950817
468,F,167.3,57.5,0.0021109001245349646,7.750000804662704e-05,87.7,94.48912512218963,6.789125122189631,75.4,82.07236070381231,6.672360703812302,91.5,95.46612903225807,3.966129032258067,55.8,57.024193548387096,1.224193548387099,33.8,36.59046920821115,2.7904692082111495,29.9,31.227321603128054,1.3273216031280555,35.4,37.34037145650049,1.9403714565004933
8,F,153.8,51.2,0.0021109001245349646,7.750000804662704e-05,87.5,94.48912512218963,6.989125122189634,77.0,82.07236070381231,5.072360703812308,91.3,95.46612903225807,4.16612903225807,52.0,57.024193548387096,5.024193548387096,33.6,36.59046920821115,2.9904692082111453,30.1,31.227321603128054,1.1273216031280526,35.5,37.34037145650049,1.8403714565004918
4956,M,169.6,74.6,0.0021109001245349646,7.750000804662704e-05,97.0,94.48912512218963,-2.510874877810366,90.7,82.07236070381231,-8.627639296187695,98.3,95.46612903225807,-2.8338709677419303,58.0,57.024193548387096,-0.9758064516129039,38.4,36.59046920821115,-1.809530791788852,33.5,31.227321603128054,-2.272678396871946,40.9,37.34037145650049,-3.5596285434995067
889,F,159.7,59.3,0.0021109001245349646,7.750000804662704e-05,90.9,94.48912512218963,3.5891251221896283,78.5,82.07236070381231,3.5723607038123077,95.2,95.46612903225807,0.26612903225806406,59.7,57.024193548387096,-2.6758064516129068,35.5,36.59046920821115,1.0904692082111467,30.6,31.227321603128054,0.6273216031280526,34.0,37.34037145650049,3.340371456500492
2307,F,162.5,64.4,0.0021109001245349646,7.750000804662704e-05,94.5,94.48912512218963,-0.010874877810366002,80.7,82.07236070381231,1.372360703812305,98.5,95.46612903225807,-3.033870967741933,59.6,57.024193548387096,-2.5758064516129053,37.5,36.59046920821115,-0.9095307917888533,31.6,31.227321603128054,-0.37267839687194737,36.6,37.34037145650049,0.7403714565004904
3520,M,165.4,59.2,0.0021109001245349646,7.750000804662704e-05,93.4,94.48912512218963,1.0891251221896283,76.9,82.07236070381231,5.172360703812302,89.3,95.46612903225807,6.16612903225807,52.7,57.024193548387096,4.324193548387093,34.2,36.59046920821115,2.390469208211144,29.0,31.227321603128054,2.227321603128054,39.2,37.34037145650049,-1.859628543499511
157,F,157.5,57.7,0.0021109001245349646,7.750000804662704e-05,87.7,94.48912512218963,6.789125122189631,73.0,82.07236070381231,9.072360703812308,95.8,95.46612903225807,-0.33387096774193026,59.5,57.024193548387096,-2.475806451612904,35.4,36.59046920821115,1.190469208211148,32.5,31.227321603128054,-1.272678396871946,37.0,37.34037145650049,0.34037145650049183
4456,F,154.2,71.7,0.0021109001245349646,7.750000804662704e-05,99.9,94.48912512218963,-5.410874877810372,91.8,82.07236070381231,-9.72763929618769,101.7,95.46612903225807,-6.233870967741936,57.0,57.024193548387096,0.024193548387096087,39.0,36.59046920821115,-2.4095307917888533,32.5,31.227321603128054,-1.272678396871946,35.4,37.34037145650049,1.9403714565004933
2316,F,158.0,51.7,0.0021109001245349646,7.750000804662704e-05,89.6,94.48912512218963,4.88912512218964,76.2,82.07236070381231,5.872360703812305,88.2,95.46612903225807,7.266129032258064,49.0,57.024193548387096,8.024193548387096,34.0,36.59046920821115,2.5904692082111467,28.4,31.227321603128054,2.8273216031280555,34.4,37.34037145650049,2.9403714565004933
1697,M,171.4,75.4,0.0021109001245349646,7.750000804662704e-05,106.3,94.48912512218963,-11.810874877810363,85.9,82.07236070381231,-3.827639296187698,96.5,95.46612903225807,-1.033870967741933,59.6,57.024193548387096,-2.5758064516129053,39.8,36.59046920821115,-3.2095307917888505,35.6,31.227321603128054,-4.372678396871947,42.0,37.34037145650049,-4.659628543499508
4660,F,158.6,59.5,0.0021109001245349646,7.750000804662704e-05,93.8,94.48912512218963,0.6891251221896368,81.1,82.07236070381231,0.9723607038123134,90.6,95.46612903225807,4.866129032258073,48.7,57.024193548387096,8.324193548387093,31.1,36.59046920821115,5.490469208211145,29.8,31.227321603128054,1.4273216031280533,37.5,37.34037145650049,-0.15962854349950817
2223,F,162.0,64.7,0.0021109001245349646,7.750000804662704e-05,89.8,94.48912512218963,4.689125122189637,83.3,82.07236070381231,-1.2276392961876894,95.2,95.46612903225807,0.26612903225806406,60.6,57.024193548387096,-3.5758064516129053,38.2,36.59046920821115,-1.6095307917888562,32.2,31.227321603128054,-0.9726783968719488,35.3,37.34037145650049,2.0403714565004947
681,M,169.1,70.8,0.0021109001245349646,7.750000804662704e-05,99.6,94.48912512218963,-5.11087487781036,85.5,82.07236070381231,-3.4276392961876923,96.6,95.46612903225807,-1.1338709677419274,59.1,57.024193548387096,-2.0758064516129053,37.6,36.59046920821115,-1.0095307917888547,33.7,31.227321603128054,-2.472678396871949,40.2,37.34037145650049,-2.859628543499511
2291,F,155.0,50.0,0.0021109001245349646,7.750000804662704e-05,84.2,94.48912512218963,10.289125122189631,73.5,82.07236070381231,8.572360703812308,89.2,95.46612903225807,6.266129032258064,53.3,57.024193548387096,3.724193548387099,36.2,36.59046920821115,0.39046920821114384,29.5,31.227321603128054,1.727321603128054,34.1,37.34037145650049,3.2403714565004904
3848,F,154.6,63.3,0.0021109001245349646,7.750000804662704e-05,95.9,94.48912512218963,-1.4108748778103717,84.7,82.07236070381231,-2.627639296187695,92.5,95.46612903225807,2.966129032258067,57.6,57.024193548387096,-0.5758064516129053,35.2,36.59046920821115,1.3904692082111438,32.7,31.227321603128054,-1.4726783968719488,34.4,37.34037145650049,2.9403714565004933
3312,M,178.6,75.8,0.0021109001245349646,7.750000804662704e-05,95.4,94.48912512218963,-0.9108748778103717,84.2,82.07236070381231,-2.127639296187695,95.9,95.46612903225807,-0.4338709677419388,55.4,57.024193548387096,1.6241935483870975,38.2,36.59046920821115,-1.6095307917888562,32.4,31.227321603128054,-1.1726783968719445,40.4,37.34037145650049,-3.0596285434995067
4620,M,160.4,95.9,0.0021109001245349646,7.750000804662704e-05,111.3,94.48912512218963,-16.810874877810363,115.0,82.07236070381231,-32.92763929618769,108.8,95.46612903225807,-13.33387096774193,64.0,57.024193548387096,-6.975806451612904,42.7,36.59046920821115,-6.109530791788856,38.2,31.227321603128054,-6.972678396871949,40.6,37.34037145650049,-3.2596285434995096
4269,F,151.4,56.3,0.0021109001245349646,7.750000804662704e-05,90.6,94.48912512218963,3.8891251221896397,85.0,82.07236070381231,-2.9276392961876923,94.3,95.46612903225807,1.1661290322580697,55.2,57.024193548387096,1.8241935483870932,32.9,36.59046920821115,3.690469208211148,30.6,31.227321603128054,0.6273216031280526,33.3,37.34037145650049,4.040371456500495
3364,F,151.0,59.1,0.0021109001245349646,7.750000804662704e-05,92.6,94.48912512218963,1.8891251221896397,80.7,82.07236070381231,1.372360703812305,97.7,95.46612903225807,-2.233870967741936,59.4,57.024193548387096,-2.3758064516129025,34.5,36.59046920821115,2.0904692082111467,30.5,31.227321603128054,0.727321603128054,35.3,37.34037145650049,2.0403714565004947
2231,M,164.0,65.6,0.0021109001245349646,7.750000804662704e-05,94.4,94.48912512218963,0.08912512218962831,86.3,82.07236070381231,-4.227639296187689,92.7,95.46612903225807,2.766129032258064,59.4,57.024193548387096,-2.3758064516129025,39.5,36.59046920821115,-2.9095307917888533,32.2,31.227321603128054,-0.9726783968719488,39.2,37.34037145650049,-1.859628543499511
2980,F,158.5,53.8,0.0021109001245349646,7.750000804662704e-05,87.9,94.48912512218963,6.589125122189628,76.4,82.07236070381231,5.672360703812302,88.5,95.46612903225807,6.966129032258067,51.0,57.024193548387096,6.024193548387096,34.5,36.59046920821115,2.0904692082111467,30.3,31.227321603128054,0.9273216031280533,32.7,37.34037145650049,4.640371456500489
1375,M,178.3,65.9,0.0021109001245349646,7.750000804662704e-05,90.5,94.48912512218963,3.989125122189634,73.5,82.07236070381231,8.572360703812308,93.6,95.46612903225807,1.8661290322580726,53.9,57.024193548387096,3.1241935483870975,34.5,36.59046920821115,2.0904692082111467,29.3,31.227321603128054,1.9273216031280533,40.6,37.34037145650049,-3.2596285434995096
1971,M,154.0,58.6,0.0021109001245349646,7.750000804662704e-05,91.5,94.48912512218963,2.989125122189634,85.8,82.07236070381231,-3.7276392961876894,87.3,95.46612903225807,8.16612903225807,54.2,57.024193548387096,2.8241935483870932,36.6,36.59046920821115,-0.009530791788854742,29.4,31.227321603128054,1.8273216031280555,38.7,37.34037145650049,-1.359628543499511
29,F,161.7,71.0,0.0021109001245349646,7.750000804662704e-05,95.3,94.48912512218963,-0.8108748778103632,84.8,82.07236070381231,-2.7276392961876894,103.9,95.46612903225807,-8.433870967741939,66.5,57.024193548387096,-9.475806451612904,38.7,36.59046920821115,-2.109530791788856,34.8,31.227321603128054,-3.572678396871943,37.1,37.34037145650049,0.2403714565004904
3889,M,165.7,69.2,0.0021109001245349646,7.750000804662704e-05,95.8,94.48912512218963,-1.3108748778103632,84.7,82.07236070381231,-2.627639296187695,98.8,95.46612903225807,-3.3338709677419303,59.2,57.024193548387096,-2.1758064516129068,38.3,36.59046920821115,-1.7095307917888505,32.8,31.227321603128054,-1.572678396871943,37.8,37.34037145650049,-0.4596285434995053
3013,F,158.3,48.9,0.0021109001245349646,7.750000804662704e-05,84.0,94.48912512218963,10.489125122189634,66.9,82.07236070381231,15.172360703812302,86.2,95.46612903225807,9.266129032258064,49.7,57.024193548387096,7.324193548387093,32.2,36.59046920821115,4.390469208211144,26.3,31.227321603128054,4.927321603128053,32.3,37.34037145650049,5.040371456500495
1344,M,175.9,60.8,0.0021109001245349646,7.750000804662704e-05,90.4,94.48912512218963,4.089125122189628,74.2,82.07236070381231,7.872360703812305,90.3,95.46612903225807,5.16612903225807,52.0,57.024193548387096,5.024193548387096,36.4,36.59046920821115,0.1904692082111481,27.9,31.227321603128054,3.3273216031280555,39.0,37.34037145650049,-1.6596285434995082
3822,M,177.2,78.5,0.0021109001245349646,7.750000804662704e-05,100.3,94.48912512218963,-5.810874877810363,86.0,82.07236070381231,-3.9276392961876923,101.2,95.46612903225807,-5.733870967741936,60.2,57.024193548387096,-3.1758064516129068,40.0,36.59046920821115,-3.4095307917888533,30.7,31.227321603128054,0.5273216031280548,41.4,37.34037145650049,-4.059628543499507
3895,M,166.4,71.7,0.0021109001245349646,7.750000804662704e-05,99.8,94.48912512218963,-5.310874877810363,81.8,82.07236070381231,0.2723607038123106,97.6,95.46612903225807,-2.1338709677419274,59.2,57.024193548387096,-2.1758064516129068,40.7,36.59046920821115,-4.109530791788856,31.8,31.227321603128054,-0.5726783968719467,36.5,37.34037145650049,0.8403714565004918
2298,F,155.0,65.1,0.0021109001245349646,7.750000804662704e-05,100.2,94.48912512218963,-5.710874877810369,92.4,82.07236070381231,-10.327639296187698,94.2,95.46612903225807,1.266129032258064,60.6,57.024193548387096,-3.5758064516129053,37.3,36.59046920821115,-0.7095307917888505,33.4,31.227321603128054,-2.1726783968719445,36.0,37.34037145650049,1.3403714565004918
1421,F,157.8,59.6,0.0021109001245349646,7.750000804662704e-05,92.5,94.48912512218963,1.989125122189634,80.9,82.07236070381231,1.172360703812302,98.0,95.46612903225807,-2.533870967741933,59.1,57.024193548387096,-2.0758064516129053,36.3,36.59046920821115,0.2904692082111495,28.7,31.227321603128054,2.5273216031280548,32.6,37.34037145650049,4.74037145650049
1168,M,174.8,71.5,0.0021109001245349646,7.750000804662704e-05,98.8,94.48912512218963,-4.310874877810363,82.7,82.07236070381231,-0.6276392961876951,97.8,95.46612903225807,-2.3338709677419303,59.9,57.024193548387096,-2.8758064516129025,37.5,36.59046920821115,-0.9095307917888533,33.6,31.227321603128054,-2.3726783968719474,40.4,37.34037145650049,-3.0596285434995067
4066,F,159.7,39.6,0.0021109001245349646,7.750000804662704e-05,74.7,94.48912512218963,19.78912512218963,63.0,82.07236070381231,19.072360703812308,81.5,95.46612903225807,13.966129032258067,49.0,57.024193548387096,8.024193548387096,29.8,36.59046920821115,6.790469208211146,22.6,31.227321603128054,8.627321603128053,33.5,37.34037145650049,3.840371456500492
3377,F,156.7,57.0,0.0021109001245349646,7.750000804662704e-05,90.1,94.48912512218963,4.38912512218964,81.8,82.07236070381231,0.2723607038123106,94.8,95.46612903225807,0.6661290322580697,56.8,57.024193548387096,0.22419354838709893,32.9,36.59046920821115,3.690469208211148,28.6,31.227321603128054,2.6273216031280526,36.1,37.34037145650049,1.2403714565004904
4763,F,157.3,51.9,0.0021109001245349646,7.750000804662704e-05,85.6,94.48912512218963,8.88912512218964,72.5,82.07236070381231,9.572360703812308,88.2,95.46612903225807,7.266129032258064,48.6,57.024193548387096,8.424193548387095,33.9,36.59046920821115,2.690469208211148,29.5,31.227321603128054,1.727321603128054,34.9,37.34037145650049,2.4403714565004933
228,F,157.7,48.6,0.0021109001245349646,7.750000804662704e-05,78.6,94.48912512218963,15.88912512218964,65.2,82.07236070381231,16.872360703812305,88.5,95.46612903225807,6.966129032258067,51.5,57.024193548387096,5.524193548387096,34.9,36.59046920821115,1.690469208211148,26.2,31.227321603128054,5.027321603128055,33.9,37.34037145650049,3.4403714565004933
248,F,167.2,57.7,0.0021109001245349646,7.750000804662704e-05,87.5,94.48912512218963,6.989125122189634,77.8,82.07236070381231,4.272360703812311,97.9,95.46612903225807,-2.433870967741939,56.9,57.024193548387096,0.12419354838709751,35.2,36.59046920821115,1.3904692082111438,27.3,31.227321603128054,3.9273216031280533,36.1,37.34037145650049,1.2403714565004904
5021,F,160.3,65.0,0.0021109001245349646,7.750000804662704e-05,95.0,94.48912512218963,-0.510874877810366,86.1,82.07236070381231,-4.027639296187687,93.2,95.46612903225807,2.266129032258064,56.2,57.024193548387096,0.8241935483870932,35.6,36.59046920821115,0.9904692082111453,31.0,31.227321603128054,0.22732160312805405,31.6,37.34037145650049,5.74037145650049
151,F,163.1,63.6,0.0021109001245349646,7.750000804662704e-05,91.0,94.48912512218963,3.489125122189634,78.0,82.07236070381231,4.072360703812308,98.0,95.46612903225807,-2.533870967741933,59.9,57.024193548387096,-2.8758064516129025,38.2,36.59046920821115,-1.6095307917888562,31.0,31.227321603128054,0.22732160312805405,37.3,37.34037145650049,0.040371456500494673
3501,M,174.5,72.3,0.0021109001245349646,7.750000804662704e-05,98.2,94.48912512218963,-3.710874877810369,81.5,82.07236070381231,0.5723607038123077,98.6,95.46612903225807,-3.1338709677419274,59.6,57.024193548387096,-2.5758064516129053,38.4,36.59046920821115,-1.809530791788852,31.2,31.227321603128054,0.02732160312805476,39.9,37.34037145650049,-2.5596285434995067
5088,M,174.3,66.3,0.0021109001245349646,7.750000804662704e-05,96.9,94.48912512218963,-2.4108748778103717,81.2,82.07236070381231,0.8723607038123049,92.8,95.46612903225807,2.6661290322580697,53.3,57.024193548387096,3.724193548387099,33.0,36.59046920821115,3.5904692082111467,29.6,31.227321603128054,1.6273216031280526,39.9,37.34037145650049,-2.5596285434995067
655,M,174.6,78.1,0.0021109001245349646,7.750000804662704e-05,102.7,94.48912512218963,-8.210874877810369,82.4,82.07236070381231,-0.32763929618769794,98.5,95.46612903225807,-3.033870967741933,60.2,57.024193548387096,-3.1758064516129068,39.1,36.59046920821115,-2.5095307917888547,34.9,31.227321603128054,-3.6726783968719445,38.4,37.34037145650049,-1.0596285434995067
856,M,175.4,73.1,0.0021109001245349646,7.750000804662704e-05,102.2,94.48912512218963,-7.710874877810369,80.4,82.07236070381231,1.672360703812302,96.3,95.46612903225807,-0.8338709677419303,58.3,57.024193548387096,-1.275806451612901,37.0,36.59046920821115,-0.4095307917888533,33.5,31.227321603128054,-2.272678396871946,39.6,37.34037145650049,-2.2596285434995096
227,F,160.6,59.0,0.0021109001245349646,7.750000804662704e-05,86.3,94.48912512218963,8.189125122189637,69.3,82.07236070381231,12.77236070381231,99.4,95.46612903225807,-3.933870967741939,59.5,57.024193548387096,-2.475806451612904,37.0,36.59046920821115,-0.4095307917888533,29.4,31.227321603128054,1.8273216031280555,33.2,37.34037145650049,4.140371456500489
1539,M,172.8,70.5,0.0021109001245349646,7.750000804662704e-05,96.0,94.48912512218963,-1.510874877810366,80.0,82.07236070381231,2.0723607038123077,95.1,95.46612903225807,0.3661290322580726,57.8,57.024193548387096,-0.7758064516129011,39.7,36.59046920821115,-3.109530791788856,31.6,31.227321603128054,-0.37267839687194737,40.4,37.34037145650049,-3.0596285434995067
3571,F,153.6,58.7,0.0021109001245349646,7.750000804662704e-05,91.4,94.48912512218963,3.0891251221896283,88.6,82.07236070381231,-6.527639296187687,88.8,95.46612903225807,6.66612903225807,53.0,57.024193548387096,4.024193548387096,32.4,36.59046920821115,4.190469208211148,31.0,31.227321603128054,0.22732160312805405,35.6,37.34037145650049,1.7403714565004904
3425,M,172.6,74.1,0.0021109001245349646,7.750000804662704e-05,105.7,94.48912512218963,-11.210874877810369,77.5,82.07236070381231,4.572360703812308,96.3,95.46612903225807,-0.8338709677419303,58.9,57.024193548387096,-1.8758064516129025,40.8,36.59046920821115,-4.2095307917888505,34.0,31.227321603128054,-2.772678396871946,40.1,37.34037145650049,-2.7596285434995096
179,M,176.1,94.9,0.0021109001245349646,7.750000804662704e-05,114.0,94.48912512218963,-19.510874877810366,103.3,82.07236070381231,-21.22763929618769,104.7,95.46612903225807,-9.233870967741936,65.9,57.024193548387096,-8.87580645161291,41.6,36.59046920821115,-5.009530791788855,38.4,31.227321603128054,-7.1726783968719445,42.3,37.34037145650049,-4.959628543499505
3555,F,168.3,60.7,0.0021109001245349646,7.750000804662704e-05,88.4,94.48912512218963,6.089125122189628,81.2,82.07236070381231,0.8723607038123049,96.5,95.46612903225807,-1.033870967741933,58.3,57.024193548387096,-1.275806451612901,36.1,36.59046920821115,0.49046920821114526,28.4,31.227321603128054,2.8273216031280555,37.4,37.34037145650049,-0.05962854349950675
2264,F,158.1,54.7,0.0021109001245349646,7.750000804662704e-05,88.4,94.48912512218963,6.089125122189628,82.4,82.07236070381231,-0.32763929618769794,91.6,95.46612903225807,3.8661290322580726,51.7,57.024193548387096,5.324193548387093,31.8,36.59046920821115,4.790469208211146,28.8,31.227321603128054,2.4273216031280533,32.8,37.34037145650049,4.540371456500495
1128,F,166.5,48.5,0.0021109001245349646,7.750000804662704e-05,84.0,94.48912512218963,10.489125122189634,63.0,82.07236070381231,19.072360703812308,85.8,95.46612903225807,9.66612903225807,50.2,57.024193548387096,6.824193548387093,31.7,36.59046920821115,4.890469208211147,26.6,31.227321603128054,4.627321603128053,36.2,37.34037145650049,1.140371456500489
5016,F,150.4,63.7,0.0021109001245349646,7.750000804662704e-05,99.8,94.48912512218963,-5.310874877810363,88.4,82.07236070381231,-6.327639296187698,98.7,95.46612903225807,-3.233870967741936,57.0,57.024193548387096,0.024193548387096087,34.8,36.59046920821115,1.7904692082111495,31.5,31.227321603128054,-0.27267839687194595,35.1,37.34037145650049,2.2403714565004904
561,F,164.8,53.7,0.0021109001245349646,7.750000804662704e-05,86.1,94.48912512218963,8.38912512218964,74.5,82.07236070381231,7.572360703812308,96.7,95.46612903225807,-1.233870967741936,58.4,57.024193548387096,-1.3758064516129025,33.3,36.59046920821115,3.2904692082111495,27.4,31.227321603128054,3.8273216031280555,36.3,37.34037145650049,1.0403714565004947
1670,M,165.0,75.6,0.0021109001245349646,7.750000804662704e-05,98.2,94.48912512218963,-3.710874877810369,97.5,82.07236070381231,-15.427639296187692,99.1,95.46612903225807,-3.6338709677419274,57.5,57.024193548387096,-0.4758064516129039,40.1,36.59046920821115,-3.5095307917888547,33.9,31.227321603128054,-2.6726783968719445,38.9,37.34037145650049,-1.5596285434995067
472,F,160.7,85.4,0.0021109001245349646,7.750000804662704e-05,109.0,94.48912512218963,-14.510874877810366,93.3,82.07236070381231,-11.22763929618769,107.6,95.46612903225807,-12.133870967741927,70.9,57.024193548387096,-13.87580645161291,44.6,36.59046920821115,-8.009530791788855,38.5,31.227321603128054,-7.272678396871946,40.4,37.34037145650049,-3.0596285434995067
168,M,174.2,68.6,0.0021109001245349646,7.750000804662704e-05,100.3,94.48912512218963,-5.810874877810363,79.6,82.07236070381231,2.4723607038123134,97.8,95.46612903225807,-2.3338709677419303,57.0,57.024193548387096,0.024193548387096087,36.7,36.59046920821115,-0.10953079178885616,30.6,31.227321603128054,0.6273216031280526,40.4,37.34037145650049,-3.0596285434995067
4774,F,159.3,75.8,0.0021109001245349646,7.750000804662704e-05,99.0,94.48912512218963,-4.510874877810366,98.2,82.07236070381231,-16.127639296187695,106.4,95.46612903225807,-10.933870967741939,65.7,57.024193548387096,-8.675806451612907,39.9,36.59046920821115,-3.309530791788852,34.8,31.227321603128054,-3.572678396871943,38.3,37.34037145650049,-0.9596285434995053
3599,M,161.3,74.5,0.0021109001245349646,7.750000804662704e-05,103.9,94.48912512218963,-9.410874877810372,86.0,82.07236070381231,-3.9276392961876923,96.6,95.46612903225807,-1.1338709677419274,62.2,57.024193548387096,-5.175806451612907,41.2,36.59046920821115,-4.609530791788856,34.7,31.227321603128054,-3.472678396871949,37.3,37.34037145650049,0.040371456500494673
776,F,152.3,45.7,0.0021109001245349646,7.750000804662704e-05,81.0,94.48912512218963,13.489125122189634,63.1,82.07236070381231,18.972360703812306,88.2,95.46612903225807,7.266129032258064,51.5,57.024193548387096,5.524193548387096,33.1,36.59046920821115,3.4904692082111453,25.8,31.227321603128054,5.427321603128053,34.0,37.34037145650049,3.340371456500492
2630,F,152.2,57.8,0.0021109001245349646,7.750000804662704e-05,93.6,94.48912512218963,0.8891251221896397,85.8,82.07236070381231,-3.7276392961876894,92.7,95.46612903225807,2.766129032258064,62.5,57.024193548387096,-5.475806451612904,34.5,36.59046920821115,2.0904692082111467,32.5,31.227321603128054,-1.272678396871946,34.8,37.34037145650049,2.5403714565004947
553,M,176.0,65.5,0.0021109001245349646,7.750000804662704e-05,94.2,94.48912512218963,0.28912512218963116,79.6,82.07236070381231,2.4723607038123134,93.2,95.46612903225807,2.266129032258064,53.7,57.024193548387096,3.3241935483870932,35.9,36.59046920821115,0.6904692082111481,30.7,31.227321603128054,0.5273216031280548,39.9,37.34037145650049,-2.5596285434995067
3176,M,170.2,100.5,0.0021109001245349646,7.750000804662704e-05,112.4,94.48912512218963,-17.91087487781037,106.8,82.07236070381231,-24.72763929618769,114.0,95.46612903225807,-18.533870967741933,73.1,57.024193548387096,-16.0758064516129,43.0,36.59046920821115,-6.409530791788853,39.7,31.227321603128054,-8.472678396871949,38.9,37.34037145650049,-1.5596285434995067
4531,M,166.0,64.1,0.0021109001245349646,7.750000804662704e-05,99.3,94.48912512218963,-4.810874877810363,82.4,82.07236070381231,-0.32763929618769794,95.5,95.46612903225807,-0.0338709677419331,55.5,57.024193548387096,1.524193548387096,37.1,36.59046920821115,-0.5095307917888547,30.0,31.227321603128054,1.227321603128054,38.9,37.34037145650049,-1.5596285434995067
1699,M,167.3,70.7,0.0021109001245349646,7.750000804662704e-05,96.8,94.48912512218963,-2.310874877810363,93.8,82.07236070381231,-11.72763929618769,96.9,95.46612903225807,-1.4338709677419388,58.2,57.024193548387096,-1.1758064516129068,36.6,36.59046920821115,-0.009530791788854742,34.2,31.227321603128054,-2.972678396871949,38.8,37.34037145650049,-1.4596285434995053
1129,F,161.5,58.1,0.0021109001245349646,7.750000804662704e-05,87.8,94.48912512218963,6.689125122189637,71.6,82.07236070381231,10.472360703812313,101.9,95.46612903225807,-6.433870967741939,59.9,57.024193548387096,-2.8758064516129025,36.7,36.59046920821115,-0.10953079178885616,28.0,31.227321603128054,3.227321603128054,35.5,37.34037145650049,1.8403714565004918
486,M,171.5,76.8,0.0021109001245349646,7.750000804662704e-05,101.7,94.48912512218963,-7.210874877810369,88.4,82.07236070381231,-6.327639296187698,102.9,95.46612903225807,-7.433870967741939,66.9,57.024193548387096,-9.87580645161291,40.5,36.59046920821115,-3.9095307917888533,30.7,31.227321603128054,0.5273216031280548,39.8,37.34037145650049,-2.4596285434995053
2742,F,154.3,51.6,0.0021109001245349646,7.750000804662704e-05,87.7,94.48912512218963,6.789125122189631,71.7,82.07236070381231,10.372360703812305,94.2,95.46612903225807,1.266129032258064,56.8,57.024193548387096,0.22419354838709893,33.0,36.59046920821115,3.5904692082111467,29.6,31.227321603128054,1.6273216031280526,35.0,37.34037145650049,2.340371456500492
296,F,159.4,48.5,0.0021109001245349646,7.750000804662704e-05,84.9,94.48912512218963,9.589125122189628,64.7,82.07236070381231,17.372360703812305,85.7,95.46612903225807,9.766129032258064,48.0,57.024193548387096,9.024193548387096,34.0,36.59046920821115,2.5904692082111467,26.0,31.227321603128054,5.227321603128054,36.0,37.34037145650049,1.3403714565004918
3055,F,157.2,52.9,0.0021109001245349646,7.750000804662704e-05,84.4,94.48912512218963,10.089125122189628,69.6,82.07236070381231,12.472360703812313,94.5,95.46612903225807,0.9661290322580669,55.4,57.024193548387096,1.6241935483870975,35.7,36.59046920821115,0.8904692082111438,28.2,31.227321603128054,3.0273216031280548,34.0,37.34037145650049,3.340371456500492
4862,F,162.8,65.2,0.0021109001245349646,7.750000804662704e-05,95.1,94.48912512218963,-0.6108748778103603,87.7,82.07236070381231,-5.627639296187695,96.4,95.46612903225807,-0.9338709677419388,55.6,57.024193548387096,1.4241935483870947,35.7,36.59046920821115,0.8904692082111438,31.0,31.227321603128054,0.22732160312805405,36.1,37.34037145650049,1.2403714565004904
4049,F,158.6,53.2,0.0021109001245349646,7.750000804662704e-05,85.0,94.48912512218963,9.489125122189634,75.2,82.07236070381231,6.872360703812305,87.5,95.46612903225807,7.966129032258067,53.4,57.024193548387096,3.6241935483870975,33.8,36.59046920821115,2.7904692082111495,29.1,31.227321603128054,2.1273216031280526,37.3,37.34037145650049,0.040371456500494673
4369,F,153.7,56.0,0.0021109001245349646,7.750000804662704e-05,84.2,94.48912512218963,10.289125122189631,75.5,82.07236070381231,6.572360703812308,95.8,95.46612903225807,-0.33387096774193026,56.3,57.024193548387096,0.7241935483870989,35.9,36.59046920821115,0.6904692082111481,28.4,31.227321603128054,2.8273216031280555,34.2,37.34037145650049,3.140371456500489
4112,M,176.8,63.8,0.0021109001245349646,7.750000804662704e-05,98.0,94.48912512218963,-3.510874877810366,71.6,82.07236070381231,10.472360703812313,91.4,95.46612903225807,4.066129032258061,58.4,57.024193548387096,-1.3758064516129025,35.0,36.59046920821115,1.5904692082111467,32.2,31.227321603128054,-0.9726783968719488,38.4,37.34037145650049,-1.0596285434995067
4585,F,153.5,47.6,0.0021109001245349646,7.750000804662704e-05,79.6,94.48912512218963,14.88912512218964,72.5,82.07236070381231,9.572360703812308,85.0,95.46612903225807,10.466129032258067,47.5,57.024193548387096,9.524193548387096,32.7,36.59046920821115,3.890469208211144,25.8,31.227321603128054,5.427321603128053,33.3,37.34037145650049,4.040371456500495
199,M,176.1,82.2,0.0021109001245349646,7.750000804662704e-05,105.2,94.48912512218963,-10.710874877810369,86.5,82.07236070381231,-4.427639296187692,99.5,95.46612903225807,-4.033870967741933,64.2,57.024193548387096,-7.175806451612907,41.2,36.59046920821115,-4.609530791788856,36.3,31.227321603128054,-5.072678396871943,38.3,37.34037145650049,-0.9596285434995053
4703,F,159.7,47.7,0.0021109001245349646,7.750000804662704e-05,78.0,94.48912512218963,16.489125122189634,71.8,82.07236070381231,10.27236070381231,89.0,95.46612903225807,6.466129032258067,50.4,57.024193548387096,6.6241935483870975,31.4,36.59046920821115,5.190469208211148,25.2,31.227321603128054,6.027321603128055,34.1,37.34037145650049,3.2403714565004904
279,F,153.7,53.7,0.0021109001245349646,7.750000804662704e-05,90.3,94.48912512218963,4.189125122189637,75.7,82.07236070381231,6.372360703812305,94.0,95.46612903225807,1.466129032258067,56.7,57.024193548387096,0.32419354838709324,36.0,36.59046920821115,0.5904692082111467,29.2,31.227321603128054,2.0273216031280548,33.9,37.34037145650049,3.4403714565004933
1032,M,171.0,70.0,0.0021109001245349646,7.750000804662704e-05,96.6,94.48912512218963,-2.1108748778103603,81.7,82.07236070381231,0.3723607038123049,98.6,95.46612903225807,-3.1338709677419274,58.6,57.024193548387096,-1.5758064516129053,36.6,36.59046920821115,-0.009530791788854742,32.3,31.227321603128054,-1.072678396871943,39.8,37.34037145650049,-2.4596285434995053
893,F,170.3,61.1,0.0021109001245349646,7.750000804662704e-05,90.2,94.48912512218963,4.289125122189631,78.0,82.07236070381231,4.072360703812308,94.9,95.46612903225807,0.5661290322580612,55.6,57.024193548387096,1.4241935483870947,35.3,36.59046920821115,1.2904692082111495,29.3,31.227321603128054,1.9273216031280533,37.8,37.34037145650049,-0.4596285434995053
5012,M,161.8,61.5,0.0021109001245349646,7.750000804662704e-05,93.8,94.48912512218963,0.6891251221896368,83.3,82.07236070381231,-1.2276392961876894,89.9,95.46612903225807,5.566129032258061,52.3,57.024193548387096,4.724193548387099,34.7,36.59046920821115,1.8904692082111438,30.6,31.227321603128054,0.6273216031280526,38.2,37.34037145650049,-0.859628543499511
705,M,185.0,93.5,0.0021109001245349646,7.750000804662704e-05,108.8,94.48912512218963,-14.310874877810363,93.7,82.07236070381231,-11.627639296187695,105.4,95.46612903225807,-9.933870967741939,64.1,57.024193548387096,-7.075806451612898,43.9,36.59046920821115,-7.309530791788852,34.0,31.227321603128054,-2.772678396871946,41.9,37.34037145650049,-4.559628543499507
1433,F,151.2,44.2,0.0021109001245349646,7.750000804662704e-05,82.5,94.48912512218963,11.989125122189634,63.9,82.07236070381231,18.17236070381231,82.9,95.46612903225807,12.566129032258061,49.7,57.024193548387096,7.324193548387093,34.5,36.59046920821115,2.0904692082111467,24.8,31.227321603128054,6.427321603128053,34.1,37.34037145650049,3.2403714565004904
2588,F,144.5,45.0,0.0021109001245349646,7.750000804662704e-05,84.5,94.48912512218963,9.989125122189634,72.5,82.07236070381231,9.572360703812308,83.6,95.46612903225807,11.866129032258073,54.3,57.024193548387096,2.724193548387099,32.3,36.59046920821115,4.2904692082111495,28.3,31.227321603128054,2.9273216031280533,33.2,37.34037145650049,4.140371456500489
3815,M,168.0,73.1,0.0021109001245349646,7.750000804662704e-05,97.2,94.48912512218963,-2.710874877810369,93.7,82.07236070381231,-11.627639296187695,93.7,95.46612903225807,1.766129032258064,55.7,57.024193548387096,1.3241935483870932,36.0,36.59046920821115,0.5904692082111467,30.7,31.227321603128054,0.5273216031280548,37.1,37.34037145650049,0.2403714565004904
5023,F,158.6,61.6,0.0021109001245349646,7.750000804662704e-05,90.0,94.48912512218963,4.489125122189634,87.0,82.07236070381231,-4.927639296187692,98.2,95.46612903225807,-2.733870967741936,56.8,57.024193548387096,0.22419354838709893,35.3,36.59046920821115,1.2904692082111495,30.7,31.227321603128054,0.5273216031280548,34.4,37.34037145650049,2.9403714565004933
3405,M,173.9,79.5,0.0021109001245349646,7.750000804662704e-05,105.2,94.48912512218963,-10.710874877810369,90.2,82.07236070381231,-8.127639296187695,96.3,95.46612903225807,-0.8338709677419303,57.2,57.024193548387096,-0.17580645161290676,39.8,36.59046920821115,-3.2095307917888505,34.5,31.227321603128054,-3.272678396871946,41.2,37.34037145650049,-3.859628543499511
3096,M,178.0,97.8,0.0021109001245349646,7.750000804662704e-05,118.5,94.48912512218963,-24.010874877810366,95.7,82.07236070381231,-13.627639296187695,107.8,95.46612903225807,-12.33387096774193,68.0,57.024193548387096,-10.975806451612904,44.3,36.59046920821115,-7.7095307917888505,37.3,31.227321603128054,-6.072678396871943,43.3,37.34037145650049,-5.959628543499505
2991,F,162.9,58.1,0.0021109001245349646,7.750000804662704e-05,91.0,94.48912512218963,3.489125122189634,79.8,82.07236070381231,2.2723607038123106,95.1,95.46612903225807,0.3661290322580726,55.4,57.024193548387096,1.6241935483870975,33.7,36.59046920821115,2.890469208211144,30.7,31.227321603128054,0.5273216031280548,34.7,37.34037145650049,2.640371456500489
3215,F,164.2,64.3,0.0021109001245349646,7.750000804662704e-05,94.8,94.48912512218963,-0.31087487781036316,81.4,82.07236070381231,0.6723607038123021,96.9,95.46612903225807,-1.4338709677419388,58.0,57.024193548387096,-0.9758064516129039,34.7,36.59046920821115,1.8904692082111438,31.9,31.227321603128054,-0.6726783968719445,37.2,37.34037145650049,0.140371456500489
4751,M,178.5,76.8,0.0021109001245349646,7.750000804662704e-05,101.7,94.48912512218963,-7.210874877810369,92.4,82.07236070381231,-10.327639296187698,94.4,95.46612903225807,1.0661290322580612,53.1,57.024193548387096,3.9241935483870947,35.7,36.59046920821115,0.8904692082111438,31.8,31.227321603128054,-0.5726783968719467,41.4,37.34037145650049,-4.059628543499507
1370,M,181.0,97.9,0.0021109001245349646,7.750000804662704e-05,110.0,94.48912512218963,-15.510874877810366,99.7,82.07236070381231,-17.627639296187695,109.4,95.46612903225807,-13.933870967741939,67.0,57.024193548387096,-9.975806451612904,42.6,36.59046920821115,-6.009530791788855,39.8,31.227321603128054,-8.572678396871943,41.9,37.34037145650049,-4.559628543499507
3378,F,153.2,62.4,0.0021109001245349646,7.750000804662704e-05,93.0,94.48912512218963,1.489125122189634,89.9,82.07236070381231,-7.827639296187698,92.2,95.46612903225807,3.266129032258064,54.2,57.024193548387096,2.8241935483870932,36.3,36.59046920821115,0.2904692082111495,30.3,31.227321603128054,0.9273216031280533,35.0,37.34037145650049,2.340371456500492
4813,M,169.6,85.7,0.0021109001245349646,7.750000804662704e-05,108.2,94.48912512218963,-13.710874877810369,100.5,82.07236070381231,-18.427639296187692,99.8,95.46612903225807,-4.33387096774193,56.5,57.024193548387096,0.5241935483870961,41.0,36.59046920821115,-4.409530791788853,33.7,31.227321603128054,-2.472678396871949,39.7,37.34037145650049,-2.359628543499511
2583,F,155.5,51.5,0.0021109001245349646,7.750000804662704e-05,83.8,94.48912512218963,10.689125122189637,74.1,82.07236070381231,7.972360703812313,88.8,95.46612903225807,6.66612903225807,56.7,57.024193548387096,0.32419354838709324,34.2,36.59046920821115,2.390469208211144,29.5,31.227321603128054,1.727321603128054,34.1,37.34037145650049,3.2403714565004904
2610,M,163.2,59.3,0.0021109001245349646,7.750000804662704e-05,93.5,94.48912512218963,0.989125122189634,81.2,82.07236070381231,0.8723607038123049,93.2,95.46612903225807,2.266129032258064,56.1,57.024193548387096,0.9241935483870947,35.1,36.59046920821115,1.4904692082111453,30.2,31.227321603128054,1.0273216031280548,39.1,37.34037145650049,-1.7596285434995096
373,M,173.6,71.8,0.0021109001245349646,7.750000804662704e-05,97.8,94.48912512218963,-3.310874877810363,81.7,82.07236070381231,0.3723607038123049,94.5,95.46612903225807,0.9661290322580669,57.5,57.024193548387096,-0.4758064516129039,37.0,36.59046920821115,-0.4095307917888533,32.2,31.227321603128054,-0.9726783968719488,39.0,37.34037145650049,-1.6596285434995082
4340,M,173.7,80.7,0.0021109001245349646,7.750000804662704e-05,101.5,94.48912512218963,-7.010874877810366,91.4,82.07236070381231,-9.327639296187698,102.8,95.46612903225807,-7.33387096774193,62.7,57.024193548387096,-5.675806451612907,40.3,36.59046920821115,-3.7095307917888505,33.5,31.227321603128054,-2.272678396871946,39.4,37.34037145650049,-2.0596285434995067
315,F,157.7,64.4,0.0021109001245349646,7.750000804662704e-05,95.3,94.48912512218963,-0.8108748778103632,82.5,82.07236070381231,-0.42763929618769225,100.9,95.46612903225807,-5.433870967741939,60.7,57.024193548387096,-3.6758064516129068,36.5,36.59046920821115,0.09046920821114668,31.7,31.227321603128054,-0.47267839687194524,35.5,37.34037145650049,1.8403714565004918
3371,F,156.0,67.8,0.0021109001245349646,7.750000804662704e-05,96.3,94.48912512218963,-1.8108748778103632,89.6,82.07236070381231,-7.527639296187687,98.0,95.46612903225807,-2.533870967741933,57.7,57.024193548387096,-0.6758064516129068,38.2,36.59046920821115,-1.6095307917888562,32.7,31.227321603128054,-1.4726783968719488,35.5,37.34037145650049,1.8403714565004918
2672,F,152.8,46.5,0.0021109001245349646,7.750000804662704e-05,85.6,94.48912512218963,8.88912512218964,69.2,82.07236070381231,12.872360703812305,90.2,95.46612903225807,5.266129032258064,56.5,57.024193548387096,0.5241935483870961,32.5,36.59046920821115,4.090469208211147,28.8,31.227321603128054,2.4273216031280533,37.0,37.34037145650049,0.34037145650049183
80,M,177.5,74.9,0.0021109001245349646,7.750000804662704e-05,96.5,94.48912512218963,-2.010874877810366,89.5,82.07236070381231,-7.427639296187692,99.2,95.46612903225807,-3.733870967741936,61.5,57.024193548387096,-4.475806451612904,40.5,36.59046920821115,-3.9095307917888533,32.0,31.227321603128054,-0.772678396871946,40.6,37.34037145650049,-3.2596285434995096
4866,F,158.4,53.7,0.0021109001245349646,7.750000804662704e-05,88.9,94.48912512218963,5.589125122189628,72.5,82.07236070381231,9.572360703812308,90.4,95.46612903225807,5.066129032258061,54.0,57.024193548387096,3.024193548387096,33.4,36.59046920821115,3.190469208211148,27.8,31.227321603128054,3.4273216031280533,34.7,37.34037145650049,2.640371456500489
4101,M,175.6,83.5,0.0021109001245349646,7.750000804662704e-05,106.0,94.48912512218963,-11.510874877810366,88.1,82.07236070381231,-6.027639296187687,104.9,95.46612903225807,-9.433870967741939,67.0,57.024193548387096,-9.975806451612904,40.4,36.59046920821115,-3.809530791788852,36.3,31.227321603128054,-5.072678396871943,38.1,37.34037145650049,-0.7596285434995096
4919,M,163.5,65.1,0.0021109001245349646,7.750000804662704e-05,99.2,94.48912512218963,-4.710874877810369,86.2,82.07236070381231,-4.127639296187695,88.7,95.46612903225807,6.766129032258064,55.2,57.024193548387096,1.8241935483870932,35.6,36.59046920821115,0.9904692082111453,33.3,31.227321603128054,-2.072678396871943,37.5,37.34037145650049,-0.15962854349950817
4842,F,158.4,58.8,0.0021109001245349646,7.750000804662704e-05,90.2,94.48912512218963,4.289125122189631,78.8,82.07236070381231,3.2723607038123106,93.6,95.46612903225807,1.8661290322580726,54.0,57.024193548387096,3.024193548387096,35.6,36.59046920821115,0.9904692082111453,29.8,31.227321603128054,1.4273216031280533,36.3,37.34037145650049,1.0403714565004947
1468,M,187.6,83.0,0.0021109001245349646,7.750000804662704e-05,105.7,94.48912512218963,-11.210874877810369,80.1,82.07236070381231,1.9723607038123134,100.5,95.46612903225807,-5.033870967741933,63.3,57.024193548387096,-6.275806451612901,38.9,36.59046920821115,-2.309530791788852,35.6,31.227321603128054,-4.372678396871947,42.3,37.34037145650049,-4.959628543499505
4172,M,177.0,83.9,0.0021109001245349646,7.750000804662704e-05,108.7,94.48912512218963,-14.210874877810369,99.7,82.07236070381231,-17.627639296187695,99.6,95.46612903225807,-4.133870967741927,56.7,57.024193548387096,0.32419354838709324,37.4,36.59046920821115,-0.8095307917888519,33.7,31.227321603128054,-2.472678396871949,39.4,37.34037145650049,-2.0596285434995067
4944,M,164.6,65.8,0.0021109001245349646,7.750000804662704e-05,91.0,94.48912512218963,3.489125122189634,87.2,82.07236070381231,-5.127639296187695,93.0,95.46612903225807,2.466129032258067,54.5,57.024193548387096,2.524193548387096,36.9,36.59046920821115,-0.3095307917888519,29.8,31.227321603128054,1.4273216031280533,38.2,37.34037145650049,-0.859628543499511
2282,F,154.0,52.5,0.0021109001245349646,7.750000804662704e-05,91.8,94.48912512218963,2.689125122189637,81.4,82.07236070381231,0.6723607038123021,88.5,95.46612903225807,6.966129032258067,52.1,57.024193548387096,4.924193548387095,31.5,36.59046920821115,5.090469208211147,29.8,31.227321603128054,1.4273216031280533,34.0,37.34037145650049,3.340371456500492
2450,M,164.5,60.9,0.0021109001245349646,7.750000804662704e-05,93.5,94.48912512218963,0.989125122189634,81.5,82.07236070381231,0.5723607038123077,89.5,95.46612903225807,5.966129032258067,52.7,57.024193548387096,4.324193548387093,37.1,36.59046920821115,-0.5095307917888547,30.2,31.227321603128054,1.0273216031280548,37.3,37.34037145650049,0.040371456500494673
4214,F,154.2,51.0,0.0021109001245349646,7.750000804662704e-05,84.4,94.48912512218963,10.089125122189628,68.9,82.07236070381231,13.172360703812302,85.8,95.46612903225807,9.66612903225807,51.6,57.024193548387096,5.424193548387095,33.8,36.59046920821115,2.7904692082111495,29.1,31.227321603128054,2.1273216031280526,33.1,37.34037145650049,4.24037145650049
3159,M,172.1,60.5,0.0021109001245349646,7.750000804662704e-05,89.2,94.48912512218963,5.289125122189631,84.7,82.07236070381231,-2.627639296187695,88.6,95.46612903225807,6.866129032258073,49.6,57.024193548387096,7.424193548387095,33.1,36.59046920821115,3.4904692082111453,29.4,31.227321603128054,1.8273216031280555,37.5,37.34037145650049,-0.15962854349950817
4694,F,161.9,55.9,0.0021109001245349646,7.750000804662704e-05,82.8,94.48912512218963,11.689125122189637,65.4,82.07236070381231,16.672360703812302,92.7,95.46612903225807,2.766129032258064,57.0,57.024193548387096,0.024193548387096087,35.9,36.59046920821115,0.6904692082111481,27.0,31.227321603128054,4.227321603128054,34.9,37.34037145650049,2.4403714565004933
1705,M,171.0,71.8,0.0021109001245349646,7.750000804662704e-05,97.4,94.48912512218963,-2.9108748778103717,89.3,82.07236070381231,-7.227639296187689,95.5,95.46612903225807,-0.0338709677419331,57.4,57.024193548387096,-0.3758064516129025,38.0,36.59046920821115,-1.4095307917888533,32.4,31.227321603128054,-1.1726783968719445,41.1,37.34037145650049,-3.7596285434995096
1946,F,159.2,59.9,0.0021109001245349646,7.750000804662704e-05,89.8,94.48912512218963,4.689125122189637,79.7,82.07236070381231,2.372360703812305,100.9,95.46612903225807,-5.433870967741939,60.7,57.024193548387096,-3.6758064516129068,35.1,36.59046920821115,1.4904692082111453,28.7,31.227321603128054,2.5273216031280548,35.9,37.34037145650049,1.4403714565004933
2515,F,153.7,52.8,0.0021109001245349646,7.750000804662704e-05,86.3,94.48912512218963,8.189125122189637,74.8,82.07236070381231,7.272360703812311,94.1,95.46612903225807,1.3661290322580726,59.6,57.024193548387096,-2.5758064516129053,35.5,36.59046920821115,1.0904692082111467,29.9,31.227321603128054,1.3273216031280555,33.6,37.34037145650049,3.7403714565004904
3002,F,151.6,49.9,0.0021109001245349646,7.750000804662704e-05,90.6,94.48912512218963,3.8891251221896397,75.7,82.07236070381231,6.372360703812305,87.9,95.46612903225807,7.566129032258061,52.1,57.024193548387096,4.924193548387095,32.8,36.59046920821115,3.7904692082111495,29.0,31.227321603128054,2.227321603128054,34.1,37.34037145650049,3.2403714565004904
505,M,170.6,79.4,0.0021109001245349646,7.750000804662704e-05,106.8,94.48912512218963,-12.310874877810363,87.0,82.07236070381231,-4.927639296187692,99.5,95.46612903225807,-4.033870967741933,59.1,57.024193548387096,-2.0758064516129053,38.6,36.59046920821115,-2.0095307917888547,37.1,31.227321603128054,-5.872678396871947,41.7,37.34037145650049,-4.359628543499511
3919,M,173.5,68.6,0.0021109001245349646,7.750000804662704e-05,98.5,94.48912512218963,-4.010874877810366,87.4,82.07236070381231,-5.327639296187698,90.7,95.46612903225807,4.766129032258064,53.4,57.024193548387096,3.6241935483870975,36.8,36.59046920821115,-0.20953079178885048,31.0,31.227321603128054,0.22732160312805405,39.2,37.34037145650049,-1.859628543499511
4777,F,157.6,54.4,0.0021109001245349646,7.750000804662704e-05,90.4,94.48912512218963,4.089125122189628,74.4,82.07236070381231,7.672360703812302,95.5,95.46612903225807,-0.0338709677419331,54.5,57.024193548387096,2.524193548387096,33.3,36.59046920821115,3.2904692082111495,27.5,31.227321603128054,3.727321603128054,35.6,37.34037145650049,1.7403714565004904
2456,M,172.8,79.9,0.0021109001245349646,7.750000804662704e-05,102.0,94.48912512218963,-7.510874877810366,88.7,82.07236070381231,-6.627639296187695,102.2,95.46612903225807,-6.733870967741936,59.5,57.024193548387096,-2.475806451612904,40.3,36.59046920821115,-3.7095307917888505,35.3,31.227321603128054,-4.072678396871943,41.8,37.34037145650049,-4.459628543499505
586,F,164.1,58.8,0.0021109001245349646,7.750000804662704e-05,85.8,94.48912512218963,8.689125122189637,73.4,82.07236070381231,8.672360703812302,94.0,95.46612903225807,1.466129032258067,61.2,57.024193548387096,-4.175806451612907,38.0,36.59046920821115,-1.4095307917888533,29.2,31.227321603128054,2.0273216031280548,35.8,37.34037145650049,1.5403714565004947
2002,F,157.3,59.2,0.0021109001245349646,7.750000804662704e-05,89.7,94.48912512218963,4.789125122189631,84.8,82.07236070381231,-2.7276392961876894,92.9,95.46612903225807,2.566129032258061,58.3,57.024193548387096,-1.275806451612901,35.8,36.59046920821115,0.7904692082111495,30.8,31.227321603128054,0.42732160312805334,35.9,37.34037145650049,1.4403714565004933
2522,F,155.6,56.8,0.0021109001245349646,7.750000804662704e-05,91.5,94.48912512218963,2.989125122189634,83.5,82.07236070381231,-1.4276392961876923,93.3,95.46612903225807,2.1661290322580697,57.2,57.024193548387096,-0.17580645161290676,32.5,36.59046920821115,4.090469208211147,31.7,31.227321603128054,-0.47267839687194524,34.5,37.34037145650049,2.840371456500492
4651,F,161.2,76.2,0.0021109001245349646,7.750000804662704e-05,98.2,94.48912512218963,-3.710874877810369,98.2,82.07236070381231,-16.127639296187695,100.7,95.46612903225807,-5.233870967741936,58.9,57.024193548387096,-1.8758064516129025,37.2,36.59046920821115,-0.6095307917888562,35.0,31.227321603128054,-3.772678396871946,36.6,37.34037145650049,0.7403714565004904
1454,F,167.8,57.3,0.0021109001245349646,7.750000804662704e-05,84.9,94.48912512218963,9.589125122189628,74.5,82.07236070381231,7.572360703812308,99.2,95.46612903225807,-3.733870967741936,58.1,57.024193548387096,-1.0758064516129053,33.1,36.59046920821115,3.4904692082111453,28.2,31.227321603128054,3.0273216031280548,33.9,37.34037145650049,3.4403714565004933
2591,F,147.3,55.3,0.0021109001245349646,7.750000804662704e-05,94.4,94.48912512218963,0.08912512218962831,85.9,82.07236070381231,-3.827639296187698,89.8,95.46612903225807,5.66612903225807,57.3,57.024193548387096,-0.27580645161290107,33.3,36.59046920821115,3.2904692082111495,31.0,31.227321603128054,0.22732160312805405,33.7,37.34037145650049,3.640371456500489
1025,M,184.0,80.7,0.0021109001245349646,7.750000804662704e-05,101.4,94.48912512218963,-6.910874877810372,84.7,82.07236070381231,-2.627639296187695,98.9,95.46612903225807,-3.433870967741939,59.3,57.024193548387096,-2.275806451612901,39.8,36.59046920821115,-3.2095307917888505,34.5,31.227321603128054,-3.272678396871946,41.4,37.34037145650049,-4.059628543499507
1173,M,174.5,80.8,0.0021109001245349646,7.750000804662704e-05,105.1,94.48912512218963,-10.61087487781036,91.6,82.07236070381231,-9.527639296187687,103.9,95.46612903225807,-8.433870967741939,63.5,57.024193548387096,-6.475806451612904,40.8,36.59046920821115,-4.2095307917888505,35.2,31.227321603128054,-3.972678396871949,41.2,37.34037145650049,-3.859628543499511
1305,F,158.4,49.2,0.0021109001245349646,7.750000804662704e-05,83.5,94.48912512218963,10.989125122189634,69.6,82.07236070381231,12.472360703812313,92.9,95.46612903225807,2.566129032258061,55.7,57.024193548387096,1.3241935483870932,32.3,36.59046920821115,4.2904692082111495,27.0,31.227321603128054,4.227321603128054,34.5,37.34037145650049,2.840371456500492
1912,F,149.5,47.3,0.0021109001245349646,7.750000804662704e-05,82.0,94.48912512218963,12.489125122189634,72.7,82.07236070381231,9.372360703812305,86.0,95.46612903225807,9.466129032258067,49.7,57.024193548387096,7.324193548387093,32.9,36.59046920821115,3.690469208211148,28.4,31.227321603128054,2.8273216031280555,33.0,37.34037145650049,4.340371456500492
3685,M,165.1,57.7,0.0021109001245349646,7.750000804662704e-05,95.5,94.48912512218963,-1.010874877810366,72.1,82.07236070381231,9.972360703812313,88.0,95.46612903225807,7.466129032258067,51.0,57.024193548387096,6.024193548387096,35.0,36.59046920821115,1.5904692082111467,30.0,31.227321603128054,1.227321603128054,40.2,37.34037145650049,-2.859628543499511
1945,F,150.0,47.0,0.0021109001245349646,7.750000804662704e-05,88.0,94.48912512218963,6.489125122189634,69.8,82.07236070381231,12.27236070381231,85.0,95.46612903225807,10.466129032258067,50.0,57.024193548387096,7.024193548387096,31.3,36.59046920821115,5.290469208211146,27.0,31.227321603128054,4.227321603128054,34.0,37.34037145650049,3.340371456500492
485,M,175.4,75.3,0.0021109001245349646,7.750000804662704e-05,104.8,94.48912512218963,-10.310874877810363,83.7,82.07236070381231,-1.627639296187695,95.6,95.46612903225807,-0.13387096774192742,61.8,57.024193548387096,-4.775806451612901,37.3,36.59046920821115,-0.7095307917888505,33.5,31.227321603128054,-2.272678396871946,40.8,37.34037145650049,-3.4596285434995053
1397,M,174.5,72.8,0.0021109001245349646,7.750000804662704e-05,96.8,94.48912512218963,-2.310874877810363,83.7,82.07236070381231,-1.627639296187695,101.5,95.46612903225807,-6.033870967741933,60.5,57.024193548387096,-3.475806451612904,36.5,36.59046920821115,0.09046920821114668,32.3,31.227321603128054,-1.072678396871943,41.1,37.34037145650049,-3.7596285434995096
4958,F,157.8,55.8,0.0021109001245349646,7.750000804662704e-05,87.2,94.48912512218963,7.289125122189631,76.0,82.07236070381231,6.072360703812308,95.3,95.46612903225807,0.16612903225806974,55.3,57.024193548387096,1.724193548387099,35.1,36.59046920821115,1.4904692082111453,27.5,31.227321603128054,3.727321603128054,35.4,37.34037145650049,1.9403714565004933
88,M,179.0,74.5,0.0021109001245349646,7.750000804662704e-05,100.3,94.48912512218963,-5.810874877810363,84.0,82.07236070381231,-1.9276392961876923,97.2,95.46612903225807,-1.733870967741936,56.1,57.024193548387096,0.9241935483870947,37.8,36.59046920821115,-1.2095307917888505,35.4,31.227321603128054,-4.1726783968719445,39.6,37.34037145650049,-2.2596285434995096
1694,M,174.1,62.2,0.0021109001245349646,7.750000804662704e-05,95.3,94.48912512218963,-0.8108748778103632,84.1,82.07236070381231,-2.0276392961876866,93.0,95.46612903225807,2.466129032258067,53.9,57.024193548387096,3.1241935483870975,35.4,36.59046920821115,1.190469208211148,29.7,31.227321603128054,1.5273216031280548,40.2,37.34037145650049,-2.859628543499511
3729,M,175.5,80.2,0.0021109001245349646,7.750000804662704e-05,104.0,94.48912512218963,-9.510874877810366,94.2,82.07236070381231,-12.127639296187695,99.1,95.46612903225807,-3.6338709677419274,58.8,57.024193548387096,-1.775806451612901,38.3,36.59046920821115,-1.7095307917888505,32.6,31.227321603128054,-1.3726783968719474,39.8,37.34037145650049,-2.4596285434995053
653,F,157.6,66.4,0.0021109001245349646,7.750000804662704e-05,95.0,94.48912512218963,-0.510874877810366,80.6,82.07236070381231,1.4723607038123134,96.0,95.46612903225807,-0.5338709677419331,60.6,57.024193548387096,-3.5758064516129053,41.1,36.59046920821115,-4.509530791788855,33.8,31.227321603128054,-2.572678396871943,36.4,37.34037145650049,0.9403714565004933
4210,M,169.1,60.2,0.0021109001245349646,7.750000804662704e-05,100.4,94.48912512218963,-5.910874877810372,74.5,82.07236070381231,7.572360703812308,88.4,95.46612903225807,7.066129032258061,53.5,57.024193548387096,3.524193548387096,33.9,36.59046920821115,2.690469208211148,31.1,31.227321603128054,0.12732160312805263,39.6,37.34037145650049,-2.2596285434995096
3017,F,153.6,61.6,0.0021109001245349646,7.750000804662704e-05,94.9,94.48912512218963,-0.4108748778103717,84.6,82.07236070381231,-2.5276392961876866,96.6,95.46612903225807,-1.1338709677419274,56.2,57.024193548387096,0.8241935483870932,35.7,36.59046920821115,0.8904692082111438,30.2,31.227321603128054,1.0273216031280548,35.0,37.34037145650049,2.340371456500492
3970,F,173.5,65.2,0.0021109001245349646,7.750000804662704e-05,88.3,94.48912512218963,6.189125122189637,75.4,82.07236070381231,6.672360703812302,95.6,95.46612903225807,-0.13387096774192742,58.7,57.024193548387096,-1.6758064516129068,36.2,36.59046920821115,0.39046920821114384,28.9,31.227321603128054,2.3273216031280555,35.1,37.34037145650049,2.2403714565004904
4732,M,177.3,80.1,0.0021109001245349646,7.750000804662704e-05,100.8,94.48912512218963,-6.310874877810363,88.6,82.07236070381231,-6.527639296187687,96.3,95.46612903225807,-0.8338709677419303,58.4,57.024193548387096,-1.3758064516129025,39.7,36.59046920821115,-3.109530791788856,34.9,31.227321603128054,-3.6726783968719445,42.5,37.34037145650049,-5.159628543499508
4596,M,168.3,85.4,0.0021109001245349646,7.750000804662704e-05,109.7,94.48912512218963,-15.210874877810369,97.0,82.07236070381231,-14.927639296187692,100.5,95.46612903225807,-5.033870967741933,63.3,57.024193548387096,-6.275806451612901,40.1,36.59046920821115,-3.5095307917888547,33.6,31.227321603128054,-2.3726783968719474,40.3,37.34037145650049,-2.9596285434995053
144,F,169.8,51.5,0.0021109001245349646,7.750000804662704e-05,86.0,94.48912512218963,8.489125122189634,65.8,82.07236070381231,16.27236070381231,89.5,95.46612903225807,5.966129032258067,52.1,57.024193548387096,4.924193548387095,32.6,36.59046920821115,3.9904692082111453,26.8,31.227321603128054,4.427321603128053,35.6,37.34037145650049,1.7403714565004904
670,M,179.4,83.0,0.0021109001245349646,7.750000804662704e-05,109.2,94.48912512218963,-14.710874877810369,91.3,82.07236070381231,-9.22763929618769,100.5,95.46612903225807,-5.033870967741933,58.2,57.024193548387096,-1.1758064516129068,39.7,36.59046920821115,-3.109530791788856,34.6,31.227321603128054,-3.3726783968719474,39.8,37.34037145650049,-2.4596285434995053
4976,F,157.4,63.5,0.0021109001245349646,7.750000804662704e-05,91.8,94.48912512218963,2.689125122189637,90.6,82.07236070381231,-8.527639296187687,94.4,95.46612903225807,1.0661290322580612,54.2,57.024193548387096,2.8241935483870932,34.8,36.59046920821115,1.7904692082111495,28.7,31.227321603128054,2.5273216031280548,34.8,37.34037145650049,2.5403714565004947
2656,F,161.8,53.0,0.0021109001245349646,7.750000804662704e-05,84.6,94.48912512218963,9.88912512218964,73.1,82.07236070381231,8.972360703812313,92.3,95.46612903225807,3.1661290322580697,58.0,57.024193548387096,-0.9758064516129039,33.7,36.59046920821115,2.890469208211144,30.6,31.227321603128054,0.6273216031280526,35.7,37.34037145650049,1.640371456500489
1860,F,162.0,53.4,0.0021109001245349646,7.750000804662704e-05,85.2,94.48912512218963,9.289125122189631,75.8,82.07236070381231,6.272360703812311,88.9,95.46612903225807,6.566129032258061,58.1,57.024193548387096,-1.0758064516129053,33.7,36.59046920821115,2.890469208211144,27.0,31.227321603128054,4.227321603128054,38.8,37.34037145650049,-1.4596285434995053
2142,F,154.0,57.1,0.0021109001245349646,7.750000804662704e-05,93.0,94.48912512218963,1.489125122189634,78.3,82.07236070381231,3.7723607038123106,93.0,95.46612903225807,2.466129032258067,55.8,57.024193548387096,1.224193548387099,36.2,36.59046920821115,0.39046920821114384,30.0,31.227321603128054,1.227321603128054,35.4,37.34037145650049,1.9403714565004933
2215,F,168.3,76.2,0.0021109001245349646,7.750000804662704e-05,98.0,94.48912512218963,-3.510874877810366,87.8,82.07236070381231,-5.727639296187689,101.6,95.46612903225807,-6.133870967741927,60.2,57.024193548387096,-3.1758064516129068,44.6,36.59046920821115,-8.009530791788855,34.1,31.227321603128054,-2.8726783968719474,38.6,37.34037145650049,-1.2596285434995096
1780,M,167.5,78.8,0.0021109001245349646,7.750000804662704e-05,105.1,94.48912512218963,-10.61087487781036,95.7,82.07236070381231,-13.627639296187695,98.2,95.46612903225807,-2.733870967741936,59.2,57.024193548387096,-2.1758064516129068,41.0,36.59046920821115,-4.409530791788853,35.5,31.227321603128054,-4.272678396871946,42.1,37.34037145650049,-4.75962854349951
1892,F,151.7,56.8,0.0021109001245349646,7.750000804662704e-05,88.0,94.48912512218963,6.489125122189634,84.3,82.07236070381231,-2.2276392961876894,98.2,95.46612903225807,-2.733870967741936,57.0,57.024193548387096,0.024193548387096087,35.7,36.59046920821115,0.8904692082111438,31.9,31.227321603128054,-0.6726783968719445,34.8,37.34037145650049,2.5403714565004947
3208,F,167.7,63.1,0.0021109001245349646,7.750000804662704e-05,87.8,94.48912512218963,6.689125122189637,74.9,82.07236070381231,7.172360703812302,101.2,95.46612903225807,-5.733870967741936,59.5,57.024193548387096,-2.475806451612904,37.1,36.59046920821115,-0.5095307917888547,27.8,31.227321603128054,3.4273216031280533,36.6,37.34037145650049,0.7403714565004904
2805,M,181.5,74.2,0.0021109001245349646,7.750000804662704e-05,97.5,94.48912512218963,-3.010874877810366,78.3,82.07236070381231,3.7723607038123106,96.0,95.46612903225807,-0.5338709677419331,59.5,57.024193548387096,-2.475806451612904,39.0,36.59046920821115,-2.4095307917888533,31.0,31.227321603128054,0.22732160312805405,40.4,37.34037145650049,-3.0596285434995067
2699,M,171.0,51.2,0.0021109001245349646,7.750000804662704e-05,80.0,94.48912512218963,14.489125122189634,70.6,82.07236070381231,11.472360703812313,86.3,95.46612903225807,9.16612903225807,48.0,57.024193548387096,9.024193548387096,35.4,36.59046920821115,1.190469208211148,26.2,31.227321603128054,5.027321603128055,37.8,37.34037145650049,-0.4596285434995053
4099,M,173.2,68.1,0.0021109001245349646,7.750000804662704e-05,96.3,94.48912512218963,-1.8108748778103632,79.2,82.07236070381231,2.872360703812305,95.1,95.46612903225807,0.3661290322580726,57.6,57.024193548387096,-0.5758064516129053,37.0,36.59046920821115,-0.4095307917888533,30.5,31.227321603128054,0.727321603128054,38.6,37.34037145650049,-1.2596285434995096
2177,F,157.5,53.1,0.0021109001245349646,7.750000804662704e-05,89.3,94.48912512218963,5.189125122189637,76.6,82.07236070381231,5.472360703812313,90.3,95.46612903225807,5.16612903225807,50.3,57.024193548387096,6.724193548387099,33.3,36.59046920821115,3.2904692082111495,29.6,31.227321603128054,1.6273216031280526,34.7,37.34037145650049,2.640371456500489
4331,M,173.6,89.8,0.0021109001245349646,7.750000804662704e-05,109.6,94.48912512218963,-15.11087487781036,90.2,82.07236070381231,-8.127639296187695,105.5,95.46612903225807,-10.033870967741933,64.3,57.024193548387096,-7.275806451612901,43.0,36.59046920821115,-6.409530791788853,39.4,31.227321603128054,-8.172678396871945,40.9,37.34037145650049,-3.5596285434995067
3846,F,155.0,45.4,0.0021109001245349646,7.750000804662704e-05,79.8,94.48912512218963,14.689125122189637,66.7,82.07236070381231,15.372360703812305,87.3,95.46612903225807,8.16612903225807,51.2,57.024193548387096,5.824193548387093,32.1,36.59046920821115,4.490469208211145,26.1,31.227321603128054,5.127321603128053,33.7,37.34037145650049,3.640371456500489
4529,M,174.1,62.6,0.0021109001245349646,7.750000804662704e-05,94.4,94.48912512218963,0.08912512218962831,72.9,82.07236070381231,9.172360703812302,88.6,95.46612903225807,6.866129032258073,51.5,57.024193548387096,5.524193548387096,33.8,36.59046920821115,2.7904692082111495,30.5,31.227321603128054,0.727321603128054,38.6,37.34037145650049,-1.2596285434995096
100,F,159.9,47.3,0.0021109001245349646,7.750000804662704e-05,82.2,94.48912512218963,12.289125122189631,62.9,82.07236070381231,19.17236070381231,87.5,95.46612903225807,7.966129032258067,48.7,57.024193548387096,8.324193548387093,34.6,36.59046920821115,1.9904692082111453,27.1,31.227321603128054,4.127321603128053,37.1,37.34037145650049,0.2403714565004904
2922,F,167.6,74.2,0.0021109001245349646,7.750000804662704e-05,97.7,94.48912512218963,-3.210874877810369,99.0,82.07236070381231,-16.927639296187692,101.6,95.46612903225807,-6.133870967741927,61.6,57.024193548387096,-4.575806451612905,35.0,36.59046920821115,1.5904692082111467,30.7,31.227321603128054,0.5273216031280548,34.2,37.34037145650049,3.140371456500489
731,F,156.4,50.2,0.0021109001245349646,7.750000804662704e-05,85.2,94.48912512218963,9.289125122189631,69.8,82.07236070381231,12.27236070381231,89.0,95.46612903225807,6.466129032258067,53.0,57.024193548387096,4.024193548387096,33.9,36.59046920821115,2.690469208211148,27.2,31.227321603128054,4.027321603128055,34.3,37.34037145650049,3.0403714565004947
1392,M,182.8,74.4,0.0021109001245349646,7.750000804662704e-05,99.7,94.48912512218963,-5.210874877810369,85.0,82.07236070381231,-2.9276392961876923,94.2,95.46612903225807,1.266129032258064,56.2,57.024193548387096,0.8241935483870932,37.4,36.59046920821115,-0.8095307917888519,33.6,31.227321603128054,-2.3726783968719474,41.0,37.34037145650049,-3.659628543499508
1919,F,169.5,57.2,0.0021109001245349646,7.750000804662704e-05,84.8,94.48912512218963,9.689125122189637,74.1,82.07236070381231,7.972360703812313,94.8,95.46612903225807,0.6661290322580697,50.9,57.024193548387096,6.1241935483870975,34.7,36.59046920821115,1.8904692082111438,29.0,31.227321603128054,2.227321603128054,38.3,37.34037145650049,-0.9596285434995053
1360,M,177.8,80.8,0.0021109001245349646,7.750000804662704e-05,101.3,94.48912512218963,-6.810874877810363,88.3,82.07236070381231,-6.227639296187689,101.5,95.46612903225807,-6.033870967741933,60.8,57.024193548387096,-3.775806451612901,39.2,36.59046920821115,-2.609530791788856,33.9,31.227321603128054,-2.6726783968719445,41.9,37.34037145650049,-4.559628543499507
751,F,154.3,50.8,0.0021109001245349646,7.750000804662704e-05,87.0,94.48912512218963,7.489125122189634,73.4,82.07236070381231,8.672360703812302,88.0,95.46612903225807,7.466129032258067,52.8,57.024193548387096,4.224193548387099,32.3,36.59046920821115,4.2904692082111495,29.4,31.227321603128054,1.8273216031280555,33.2,37.34037145650049,4.140371456500489
2072,M,174.0,85.3,0.0021109001245349646,7.750000804662704e-05,110.4,94.48912512218963,-15.910874877810372,96.7,82.07236070381231,-14.627639296187695,100.4,95.46612903225807,-4.933870967741939,61.0,57.024193548387096,-3.975806451612904,40.5,36.59046920821115,-3.9095307917888533,36.0,31.227321603128054,-4.772678396871946,42.8,37.34037145650049,-5.459628543499505
3618,M,167.0,66.2,0.0021109001245349646,7.750000804662704e-05,91.9,94.48912512218963,2.5891251221896283,85.6,82.07236070381231,-3.5276392961876866,93.6,95.46612903225807,1.8661290322580726,56.3,57.024193548387096,0.7241935483870989,38.1,36.59046920821115,-1.5095307917888547,31.9,31.227321603128054,-0.6726783968719445,38.4,37.34037145650049,-1.0596285434995067
3482,F,152.6,38.2,0.0021109001245349646,7.750000804662704e-05,75.4,94.48912512218963,19.08912512218963,62.2,82.07236070381231,19.872360703812305,80.2,95.46612903225807,15.266129032258064,44.2,57.024193548387096,12.824193548387093,27.5,36.59046920821115,9.090469208211147,22.0,31.227321603128054,9.227321603128054,33.6,37.34037145650049,3.7403714565004904
1632,M,169.1,74.7,0.0021109001245349646,7.750000804662704e-05,104.0,94.48912512218963,-9.510874877810366,93.2,82.07236070381231,-11.127639296187695,98.7,95.46612903225807,-3.233870967741936,57.8,57.024193548387096,-0.7758064516129011,38.1,36.59046920821115,-1.5095307917888547,32.9,31.227321603128054,-1.6726783968719445,40.0,37.34037145650049,-2.659628543499508
2499,M,170.1,72.2,0.0021109001245349646,7.750000804662704e-05,105.2,94.48912512218963,-10.710874877810369,88.5,82.07236070381231,-6.427639296187692,95.7,95.46612903225807,-0.23387096774193594,62.5,57.024193548387096,-5.475806451612904,37.1,36.59046920821115,-0.5095307917888547,34.8,31.227321603128054,-3.572678396871943,38.7,37.34037145650049,-1.359628543499511
881,F,163.1,73.5,0.0021109001245349646,7.750000804662704e-05,99.4,94.48912512218963,-4.910874877810372,88.5,82.07236070381231,-6.427639296187692,105.4,95.46612903225807,-9.933870967741939,64.5,57.024193548387096,-7.475806451612904,40.0,36.59046920821115,-3.4095307917888533,35.0,31.227321603128054,-3.772678396871946,38.4,37.34037145650049,-1.0596285434995067
3196,F,158.0,64.6,0.0021109001245349646,7.750000804662704e-05,95.5,94.48912512218963,-1.010874877810366,91.0,82.07236070381231,-8.927639296187692,97.6,95.46612903225807,-2.1338709677419274,56.2,57.024193548387096,0.8241935483870932,34.5,36.59046920821115,2.0904692082111467,31.2,31.227321603128054,0.02732160312805476,37.4,37.34037145650049,-0.05962854349950675
4326,M,174.5,62.7,0.0021109001245349646,7.750000804662704e-05,90.8,94.48912512218963,3.689125122189637,73.9,82.07236070381231,8.172360703812302,94.8,95.46612903225807,0.6661290322580697,55.1,57.024193548387096,1.9241935483870947,35.3,36.59046920821115,1.2904692082111495,31.2,31.227321603128054,0.02732160312805476,38.3,37.34037145650049,-0.9596285434995053
4643,F,157.8,60.2,0.0021109001245349646,7.750000804662704e-05,92.5,94.48912512218963,1.989125122189634,82.2,82.07236070381231,-0.1276392961876951,96.3,95.46612903225807,-0.8338709677419303,53.4,57.024193548387096,3.6241935483870975,33.0,36.59046920821115,3.5904692082111467,31.0,31.227321603128054,0.22732160312805405,35.8,37.34037145650049,1.5403714565004947
3434,F,159.2,56.6,0.0021109001245349646,7.750000804662704e-05,89.1,94.48912512218963,5.38912512218964,79.5,82.07236070381231,2.5723607038123077,92.5,95.46612903225807,2.966129032258067,52.7,57.024193548387096,4.324193548387093,34.6,36.59046920821115,1.9904692082111453,28.8,31.227321603128054,2.4273216031280533,35.6,37.34037145650049,1.7403714565004904
1606,M,174.4,76.3,0.0021109001245349646,7.750000804662704e-05,110.4,94.48912512218963,-15.910874877810372,84.4,82.07236070381231,-2.327639296187698,100.4,95.46612903225807,-4.933870967741939,59.2,57.024193548387096,-2.1758064516129068,40.2,36.59046920821115,-3.609530791788856,34.4,31.227321603128054,-3.1726783968719445,42.3,37.34037145650049,-4.959628543499505
1662,M,174.5,83.8,0.0021109001245349646,7.750000804662704e-05,111.3,94.48912512218963,-16.810874877810363,103.3,82.07236070381231,-21.22763929618769,99.0,95.46612903225807,-3.533870967741933,54.8,57.024193548387096,2.224193548387099,40.5,36.59046920821115,-3.9095307917888533,35.8,31.227321603128054,-4.572678396871943,41.2,37.34037145650049,-3.859628543499511
1907,F,158.5,53.3,0.0021109001245349646,7.750000804662704e-05,83.9,94.48912512218963,10.589125122189628,72.7,82.07236070381231,9.372360703812305,93.2,95.46612903225807,2.266129032258064,55.6,57.024193548387096,1.4241935483870947,35.1,36.59046920821115,1.4904692082111453,27.7,31.227321603128054,3.5273216031280548,33.6,37.34037145650049,3.7403714565004904
1192,M,174.9,82.8,0.0021109001245349646,7.750000804662704e-05,108.0,94.48912512218963,-13.510874877810366,86.7,82.07236070381231,-4.627639296187695,97.1,95.46612903225807,-1.6338709677419274,59.6,57.024193548387096,-2.5758064516129053,42.4,36.59046920821115,-5.809530791788852,34.0,31.227321603128054,-2.772678396871946,41.1,37.34037145650049,-3.7596285434995096
2882,M,175.6,110.4,0.0021109001245349646,7.750000804662704e-05,115.4,94.48912512218963,-20.91087487781037,117.5,82.07236070381231,-35.42763929618769,119.4,95.46612903225807,-23.93387096774194,75.0,57.024193548387096,-17.975806451612904,42.8,36.59046920821115,-6.2095307917888505,40.0,31.227321603128054,-8.772678396871946,39.8,37.34037145650049,-2.4596285434995053
4952,M,178.8,80.6,0.0021109001245349646,7.750000804662704e-05,109.2,94.48912512218963,-14.710874877810369,89.8,82.07236070381231,-7.727639296187689,100.6,95.46612903225807,-5.133870967741927,58.7,57.024193548387096,-1.6758064516129068,37.1,36.59046920821115,-0.5095307917888547,36.5,31.227321603128054,-5.272678396871946,40.0,37.34037145650049,-2.659628543499508
4408,M,162.0,67.7,0.0021109001245349646,7.750000804662704e-05,85.4,94.48912512218963,9.089125122189628,88.5,82.07236070381231,-6.427639296187692,96.0,95.46612903225807,-0.5338709677419331,56.9,57.024193548387096,0.12419354838709751,36.3,36.59046920821115,0.2904692082111495,30.0,31.227321603128054,1.227321603128054,38.1,37.34037145650049,-0.7596285434995096
746,F,162.7,47.5,0.0021109001245349646,7.750000804662704e-05,81.0,94.48912512218963,13.489125122189634,63.9,82.07236070381231,18.17236070381231,86.9,95.46612903225807,8.566129032258061,50.8,57.024193548387096,6.224193548387099,31.2,36.59046920821115,5.390469208211147,26.2,31.227321603128054,5.027321603128055,33.1,37.34037145650049,4.24037145650049
2962,F,157.0,70.8,0.0021109001245349646,7.750000804662704e-05,98.1,94.48912512218963,-3.6108748778103603,89.6,82.07236070381231,-7.527639296187687,98.1,95.46612903225807,-2.6338709677419274,60.3,57.024193548387096,-3.275806451612901,38.3,36.59046920821115,-1.7095307917888505,33.3,31.227321603128054,-2.072678396871943,35.9,37.34037145650049,1.4403714565004933
1966,M,175.6,87.3,0.0021109001245349646,7.750000804662704e-05,109.3,94.48912512218963,-14.810874877810363,100.3,82.07236070381231,-18.22763929618769,102.5,95.46612903225807,-7.033870967741933,62.8,57.024193548387096,-5.775806451612901,42.5,36.59046920821115,-5.909530791788853,34.4,31.227321603128054,-3.1726783968719445,41.4,37.34037145650049,-4.059628543499507
1448,M,175.4,73.1,0.0021109001245349646,7.750000804662704e-05,101.4,94.48912512218963,-6.910874877810372,82.3,82.07236070381231,-0.2276392961876894,102.7,95.46612903225807,-7.233870967741936,60.2,57.024193548387096,-3.1758064516129068,40.1,36.59046920821115,-3.5095307917888547,33.0,31.227321603128054,-1.772678396871946,40.8,37.34037145650049,-3.4596285434995053
2897,F,157.3,54.7,0.0021109001245349646,7.750000804662704e-05,86.4,94.48912512218963,8.089125122189628,73.6,82.07236070381231,8.472360703812313,95.6,95.46612903225807,-0.13387096774192742,55.4,57.024193548387096,1.6241935483870975,34.2,36.59046920821115,2.390469208211144,28.7,31.227321603128054,2.5273216031280548,30.9,37.34037145650049,6.440371456500493
1519,M,179.2,93.1,0.0021109001245349646,7.750000804662704e-05,103.0,94.48912512218963,-8.510874877810366,96.2,82.07236070381231,-14.127639296187695,106.8,95.46612903225807,-11.33387096774193,63.0,57.024193548387096,-5.975806451612904,43.0,36.59046920821115,-6.409530791788853,34.9,31.227321603128054,-3.6726783968719445,38.1,37.34037145650049,-0.7596285434995096
4358,F,150.7,62.7,0.0021109001245349646,7.750000804662704e-05,91.3,94.48912512218963,3.189125122189637,94.5,82.07236070381231,-12.427639296187692,91.5,95.46612903225807,3.966129032258067,52.9,57.024193548387096,4.1241935483870975,40.8,36.59046920821115,-4.2095307917888505,30.8,31.227321603128054,0.42732160312805334,35.8,37.34037145650049,1.5403714565004947
3768,M,174.5,74.6,0.0021109001245349646,7.750000804662704e-05,96.0,94.48912512218963,-1.510874877810366,88.3,82.07236070381231,-6.227639296187689,95.2,95.46612903225807,0.26612903225806406,54.3,57.024193548387096,2.724193548387099,36.8,36.59046920821115,-0.20953079178885048,32.5,31.227321603128054,-1.272678396871946,40.4,37.34037145650049,-3.0596285434995067
297,F,169.9,59.5,0.0021109001245349646,7.750000804662704e-05,87.7,94.48912512218963,6.789125122189631,78.4,82.07236070381231,3.672360703812302,94.7,95.46612903225807,0.7661290322580641,55.3,57.024193548387096,1.724193548387099,36.8,36.59046920821115,-0.20953079178885048,29.2,31.227321603128054,2.0273216031280548,36.3,37.34037145650049,1.0403714565004947
1702,M,168.5,64.4,0.0021109001245349646,7.750000804662704e-05,104.2,94.48912512218963,-9.710874877810369,79.1,82.07236070381231,2.9723607038123134,88.6,95.46612903225807,6.866129032258073,57.4,57.024193548387096,-0.3758064516129025,34.9,36.59046920821115,1.690469208211148,33.3,31.227321603128054,-2.072678396871943,39.0,37.34037145650049,-1.6596285434995082
1755,M,169.6,83.9,0.0021109001245349646,7.750000804662704e-05,101.2,94.48912512218963,-6.710874877810369,98.8,82.07236070381231,-16.72763929618769,101.4,95.46612903225807,-5.933870967741939,59.8,57.024193548387096,-2.775806451612901,42.0,36.59046920821115,-5.409530791788853,33.4,31.227321603128054,-2.1726783968719445,38.8,37.34037145650049,-1.4596285434995053
1666,M,172.5,63.8,0.0021109001245349646,7.750000804662704e-05,98.7,94.48912512218963,-4.210874877810369,87.3,82.07236070381231,-5.227639296187689,92.0,95.46612903225807,3.466129032258067,53.1,57.024193548387096,3.9241935483870947,36.5,36.59046920821115,0.09046920821114668,31.3,31.227321603128054,-0.07267839687194666,39.9,37.34037145650049,-2.5596285434995067
1482,M,165.6,70.2,0.0021109001245349646,7.750000804662704e-05,99.9,94.48912512218963,-5.410874877810372,95.4,82.07236070381231,-13.327639296187698,99.4,95.46612903225807,-3.933870967741939,60.4,57.024193548387096,-3.3758064516129025,37.2,36.59046920821115,-0.6095307917888562,29.0,31.227321603128054,2.227321603128054,38.2,37.34037145650049,-0.859628543499511
3667,F,160.6,48.5,0.0021109001245349646,7.750000804662704e-05,80.3,94.48912512218963,14.189125122189637,67.7,82.07236070381231,14.372360703812305,86.2,95.46612903225807,9.266129032258064,49.6,57.024193548387096,7.424193548387095,32.7,36.59046920821115,3.890469208211144,25.3,31.227321603128054,5.927321603128053,35.8,37.34037145650049,1.5403714565004947
230,F,170.3,64.9,0.0021109001245349646,7.750000804662704e-05,86.2,94.48912512218963,8.289125122189631,76.2,82.07236070381231,5.872360703812305,99.5,95.46612903225807,-4.033870967741933,58.1,57.024193548387096,-1.0758064516129053,39.4,36.59046920821115,-2.809530791788852,30.0,31.227321603128054,1.227321603128054,35.4,37.34037145650049,1.9403714565004933
471,F,161.4,55.6,0.0021109001245349646,7.750000804662704e-05,84.9,94.48912512218963,9.589125122189628,71.3,82.07236070381231,10.77236070381231,92.9,95.46612903225807,2.566129032258061,59.0,57.024193548387096,-1.975806451612904,35.8,36.59046920821115,0.7904692082111495,27.8,31.227321603128054,3.4273216031280533,35.6,37.34037145650049,1.7403714565004904
3353,F,160.7,41.0,0.0021109001245349646,7.750000804662704e-05,71.9,94.48912512218963,22.58912512218963,60.2,82.07236070381231,21.872360703812305,85.1,95.46612903225807,10.366129032258073,47.6,57.024193548387096,9.424193548387095,30.5,36.59046920821115,6.090469208211147,23.8,31.227321603128054,7.427321603128053,32.4,37.34037145650049,4.940371456500493
4173,M,174.5,71.7,0.0021109001245349646,7.750000804662704e-05,96.5,94.48912512218963,-2.010874877810366,86.2,82.07236070381231,-4.127639296187695,97.2,95.46612903225807,-1.733870967741936,55.9,57.024193548387096,1.1241935483870975,37.8,36.59046920821115,-1.2095307917888505,30.5,31.227321603128054,0.727321603128054,40.6,37.34037145650049,-3.2596285434995096
765,F,152.9,46.1,0.0021109001245349646,7.750000804662704e-05,82.8,94.48912512218963,11.689125122189637,69.1,82.07236070381231,12.972360703812313,84.1,95.46612903225807,11.366129032258073,50.2,57.024193548387096,6.824193548387093,31.4,36.59046920821115,5.190469208211148,28.4,31.227321603128054,2.8273216031280555,34.9,37.34037145650049,2.4403714565004933
811,M,170.2,73.0,0.0021109001245349646,7.750000804662704e-05,98.7,94.48912512218963,-4.210874877810369,83.2,82.07236070381231,-1.127639296187695,99.5,95.46612903225807,-4.033870967741933,59.3,57.024193548387096,-2.275806451612901,39.2,36.59046920821115,-2.609530791788856,32.4,31.227321603128054,-1.1726783968719445,41.0,37.34037145650049,-3.659628543499508
3336,M,185.6,83.3,0.0021109001245349646,7.750000804662704e-05,104.7,94.48912512218963,-10.210874877810369,86.6,82.07236070381231,-4.527639296187687,102.8,95.46612903225807,-7.33387096774193,59.3,57.024193548387096,-2.275806451612901,36.7,36.59046920821115,-0.10953079178885616,34.5,31.227321603128054,-3.272678396871946,42.4,37.34037145650049,-5.059628543499507
1412,F,161.8,52.1,0.0021109001245349646,7.750000804662704e-05,83.6,94.48912512218963,10.88912512218964,69.2,82.07236070381231,12.872360703812305,93.5,95.46612903225807,1.966129032258067,54.1,57.024193548387096,2.9241935483870947,36.4,36.59046920821115,0.1904692082111481,25.3,31.227321603128054,5.927321603128053,35.4,37.34037145650049,1.9403714565004933
4088,M,166.5,71.3,0.0021109001245349646,7.750000804662704e-05,96.1,94.48912512218963,-1.6108748778103603,90.4,82.07236070381231,-8.327639296187698,97.7,95.46612903225807,-2.233870967741936,59.5,57.024193548387096,-2.475806451612904,36.9,36.59046920821115,-0.3095307917888519,29.9,31.227321603128054,1.3273216031280555,36.9,37.34037145650049,0.44037145650049325
3494,M,163.5,110.5,0.0021109001245349646,7.750000804662704e-05,115.2,94.48912512218963,-20.71087487781037,121.4,82.07236070381231,-39.3276392961877,122.1,95.46612903225807,-26.633870967741927,79.8,57.024193548387096,-22.7758064516129,44.8,36.59046920821115,-8.20953079178885,40.9,31.227321603128054,-9.672678396871945,39.3,37.34037145650049,-1.9596285434995053
2518,F,155.8,44.4,0.0021109001245349646,7.750000804662704e-05,82.7,94.48912512218963,11.789125122189631,67.0,82.07236070381231,15.072360703812308,87.2,95.46612903225807,8.266129032258064,52.2,57.024193548387096,4.824193548387093,30.7,36.59046920821115,5.890469208211147,27.0,31.227321603128054,4.227321603128054,32.0,37.34037145650049,5.340371456500492
4231,F,152.4,52.0,0.0021109001245349646,7.750000804662704e-05,81.5,94.48912512218963,12.989125122189634,73.0,82.07236070381231,9.072360703812308,95.0,95.46612903225807,0.4661290322580669,56.3,57.024193548387096,0.7241935483870989,33.2,36.59046920821115,3.390469208211144,28.0,31.227321603128054,3.227321603128054,34.4,37.34037145650049,2.9403714565004933
3539,F,140.4,54.2,0.0021109001245349646,7.750000804662704e-05,90.2,94.48912512218963,4.289125122189631,80.6,82.07236070381231,1.4723607038123134,93.1,95.46612903225807,2.3661290322580726,55.8,57.024193548387096,1.224193548387099,33.7,36.59046920821115,2.890469208211144,30.4,31.227321603128054,0.8273216031280555,32.4,37.34037145650049,4.940371456500493
2091,F,157.2,65.9,0.0021109001245349646,7.750000804662704e-05,97.7,94.48912512218963,-3.210874877810369,86.6,82.07236070381231,-4.527639296187687,101.1,95.46612903225807,-5.633870967741927,59.4,57.024193548387096,-2.3758064516129025,36.7,36.59046920821115,-0.10953079178885616,33.2,31.227321603128054,-1.9726783968719488,37.2,37.34037145650049,0.140371456500489
721,F,158.3,43.9,0.0021109001245349646,7.750000804662704e-05,81.8,94.48912512218963,12.689125122189637,65.3,82.07236070381231,16.77236070381231,87.8,95.46612903225807,7.66612903225807,48.3,57.024193548387096,8.724193548387099,30.9,36.59046920821115,5.690469208211148,25.8,31.227321603128054,5.427321603128053,33.0,37.34037145650049,4.340371456500492
1844,F,152.8,51.3,0.0021109001245349646,7.750000804662704e-05,80.5,94.48912512218963,13.989125122189634,68.9,82.07236070381231,13.172360703812302,90.9,95.46612903225807,4.566129032258061,54.8,57.024193548387096,2.224193548387099,36.2,36.59046920821115,0.39046920821114384,29.7,31.227321603128054,1.5273216031280548,33.6,37.34037145650049,3.7403714565004904
2367,F,152.0,49.0,0.0021109001245349646,7.750000804662704e-05,89.1,94.48912512218963,5.38912512218964,73.6,82.07236070381231,8.472360703812313,89.1,95.46612903225807,6.366129032258073,54.9,57.024193548387096,2.1241935483870975,32.2,36.59046920821115,4.390469208211144,29.1,31.227321603128054,2.1273216031280526,33.6,37.34037145650049,3.7403714565004904
1034,M,173.6,70.8,0.0021109001245349646,7.750000804662704e-05,102.7,94.48912512218963,-8.210874877810369,82.0,82.07236070381231,0.07236070381230775,96.0,95.46612903225807,-0.5338709677419331,57.0,57.024193548387096,0.024193548387096087,38.3,36.59046920821115,-1.7095307917888505,32.1,31.227321603128054,-0.8726783968719474,41.0,37.34037145650049,-3.659628543499508
2432,M,164.8,65.6,0.0021109001245349646,7.750000804662704e-05,95.0,94.48912512218963,-0.510874877810366,85.0,82.07236070381231,-2.9276392961876923,94.2,95.46612903225807,1.266129032258064,57.9,57.024193548387096,-0.8758064516129025,39.6,36.59046920821115,-3.0095307917888547,32.7,31.227321603128054,-1.4726783968719488,38.0,37.34037145650049,-0.6596285434995082
4457,F,157.1,55.2,0.0021109001245349646,7.750000804662704e-05,90.1,94.48912512218963,4.38912512218964,76.5,82.07236070381231,5.572360703812308,92.1,95.46612903225807,3.3661290322580726,54.2,57.024193548387096,2.8241935483870932,33.1,36.59046920821115,3.4904692082111453,29.3,31.227321603128054,1.9273216031280533,34.5,37.34037145650049,2.840371456500492
879,F,168.9,63.4,0.0021109001245349646,7.750000804662704e-05,91.4,94.48912512218963,3.0891251221896283,73.9,82.07236070381231,8.172360703812302,97.9,95.46612903225807,-2.433870967741939,58.4,57.024193548387096,-1.3758064516129025,37.4,36.59046920821115,-0.8095307917888519,29.6,31.227321603128054,1.6273216031280526,38.0,37.34037145650049,-0.6596285434995082
1383,M,170.5,62.4,0.0021109001245349646,7.750000804662704e-05,96.7,94.48912512218963,-2.210874877810369,80.0,82.07236070381231,2.0723607038123077,88.5,95.46612903225807,6.966129032258067,53.0,57.024193548387096,4.024193548387096,32.4,36.59046920821115,4.190469208211148,31.4,31.227321603128054,-0.17267839687194453,40.1,37.34037145650049,-2.7596285434995096
2561,F,159.3,54.6,0.0021109001245349646,7.750000804662704e-05,91.8,94.48912512218963,2.689125122189637,81.0,82.07236070381231,1.0723607038123077,89.2,95.46612903225807,6.266129032258064,52.0,57.024193548387096,5.024193548387096,34.2,36.59046920821115,2.390469208211144,28.8,31.227321603128054,2.4273216031280533,34.3,37.34037145650049,3.0403714565004947
2550,F,153.8,56.8,0.0021109001245349646,7.750000804662704e-05,92.5,94.48912512218963,1.989125122189634,87.3,82.07236070381231,-5.227639296187689,91.3,95.46612903225807,4.16612903225807,58.2,57.024193548387096,-1.1758064516129068,34.8,36.59046920821115,1.7904692082111495,31.2,31.227321603128054,0.02732160312805476,35.4,37.34037145650049,1.9403714565004933
3931,M,167.8,76.1,0.0021109001245349646,7.750000804662704e-05,101.8,94.48912512218963,-7.310874877810363,90.5,82.07236070381231,-8.427639296187692,99.8,95.46612903225807,-4.33387096774193,58.0,57.024193548387096,-0.9758064516129039,39.2,36.59046920821115,-2.609530791788856,33.5,31.227321603128054,-2.272678396871946,39.4,37.34037145650049,-2.0596285434995067
1634,M,168.5,75.3,0.0021109001245349646,7.750000804662704e-05,104.8,94.48912512218963,-10.310874877810363,93.9,82.07236070381231,-11.827639296187698,97.8,95.46612903225807,-2.3338709677419303,59.5,57.024193548387096,-2.475806451612904,37.8,36.59046920821115,-1.2095307917888505,34.5,31.227321603128054,-3.272678396871946,39.6,37.34037145650049,-2.2596285434995096
1647,M,174.4,79.8,0.0021109001245349646,7.750000804662704e-05,109.0,94.48912512218963,-14.510874877810366,91.8,82.07236070381231,-9.72763929618769,100.1,95.46612903225807,-4.633870967741927,64.4,57.024193548387096,-7.37580645161291,40.0,36.59046920821115,-3.4095307917888533,34.7,31.227321603128054,-3.472678396871949,40.9,37.34037145650049,-3.5596285434995067
657,M,179.0,67.2,0.0021109001245349646,7.750000804662704e-05,92.8,94.48912512218963,1.6891251221896368,74.8,82.07236070381231,7.272360703812311,93.0,95.46612903225807,2.466129032258067,53.0,57.024193548387096,4.024193548387096,35.6,36.59046920821115,0.9904692082111453,33.3,31.227321603128054,-2.072678396871943,41.0,37.34037145650049,-3.659628543499508
3505,M,180.6,124.7,0.0021109001245349646,7.750000804662704e-05,125.2,94.48912512218963,-30.71087487781037,124.7,82.07236070381231,-42.627639296187695,117.1,95.46612903225807,-21.633870967741927,74.0,57.024193548387096,-16.975806451612904,46.7,36.59046920821115,-10.109530791788856,43.9,31.227321603128054,-12.672678396871945,45.1,37.34037145650049,-7.75962854349951
4716,F,158.3,51.6,0.0021109001245349646,7.750000804662704e-05,82.0,94.48912512218963,12.489125122189634,69.8,82.07236070381231,12.27236070381231,90.2,95.46612903225807,5.266129032258064,51.6,57.024193548387096,5.424193548387095,34.4,36.59046920821115,2.190469208211148,25.5,31.227321603128054,5.727321603128054,34.7,37.34037145650049,2.640371456500489
3794,F,164.0,62.8,0.0021109001245349646,7.750000804662704e-05,90.6,94.48912512218963,3.8891251221896397,82.7,82.07236070381231,-0.6276392961876951,97.8,95.46612903225807,-2.3338709677419303,56.9,57.024193548387096,0.12419354838709751,34.2,36.59046920821115,2.390469208211144,28.9,31.227321603128054,2.3273216031280555,35.4,37.34037145650049,1.9403714565004933
2201,F,164.1,60.8,0.0021109001245349646,7.750000804662704e-05,93.5,94.48912512218963,0.989125122189634,80.3,82.07236070381231,1.7723607038123106,93.4,95.46612903225807,2.066129032258061,55.4,57.024193548387096,1.6241935483870975,36.5,36.59046920821115,0.09046920821114668,29.7,31.227321603128054,1.5273216031280548,36.0,37.34037145650049,1.3403714565004918
3167,M,159.7,62.4,0.0021109001245349646,7.750000804662704e-05,92.8,94.48912512218963,1.6891251221896368,84.3,82.07236070381231,-2.2276392961876894,89.6,95.46612903225807,5.866129032258073,51.6,57.024193548387096,5.424193548387095,38.2,36.59046920821115,-1.6095307917888562,29.9,31.227321603128054,1.3273216031280555,37.3,37.34037145650049,0.040371456500494673
2080,M,158.5,68.2,0.0021109001245349646,7.750000804662704e-05,101.2,94.48912512218963,-6.710874877810369,93.6,82.07236070381231,-11.527639296187687,93.6,95.46612903225807,1.8661290322580726,55.6,57.024193548387096,1.4241935483870947,37.7,36.59046920821115,-1.1095307917888562,32.8,31.227321603128054,-1.572678396871943,38.1,37.34037145650049,-0.7596285434995096
149,F,165.1,69.9,0.0021109001245349646,7.750000804662704e-05,94.0,94.48912512218963,0.489125122189634,85.6,82.07236070381231,-3.5276392961876866,102.2,95.46612903225807,-6.733870967741936,59.8,57.024193548387096,-2.775806451612901,40.5,36.59046920821115,-3.9095307917888533,35.0,31.227321603128054,-3.772678396871946,35.4,37.34037145650049,1.9403714565004933
2168,F,159.3,55.6,0.0021109001245349646,7.750000804662704e-05,86.3,94.48912512218963,8.189125122189637,73.5,82.07236070381231,8.572360703812308,93.2,95.46612903225807,2.266129032258064,53.6,57.024193548387096,3.4241935483870947,35.2,36.59046920821115,1.3904692082111438,27.3,31.227321603128054,3.9273216031280533,36.3,37.34037145650049,1.0403714565004947
3842,M,178.7,77.9,0.0021109001245349646,7.750000804662704e-05,99.3,94.48912512218963,-4.810874877810363,88.0,82.07236070381231,-5.927639296187692,98.2,95.46612903225807,-2.733870967741936,59.1,57.024193548387096,-2.0758064516129053,40.6,36.59046920821115,-4.009530791788855,32.1,31.227321603128054,-0.8726783968719474,41.9,37.34037145650049,-4.559628543499507
2694,M,170.4,79.2,0.0021109001245349646,7.750000804662704e-05,100.8,94.48912512218963,-6.310874877810363,98.0,82.07236070381231,-15.927639296187692,100.1,95.46612903225807,-4.633870967741927,61.3,57.024193548387096,-4.275806451612901,40.5,36.59046920821115,-3.9095307917888533,35.1,31.227321603128054,-3.8726783968719474,38.9,37.34037145650049,-1.5596285434995067
1351,M,175.9,105.9,0.0021109001245349646,7.750000804662704e-05,111.5,94.48912512218963,-17.010874877810366,103.1,82.07236070381231,-21.027639296187687,119.6,95.46612903225807,-24.133870967741927,75.2,57.024193548387096,-18.175806451612907,44.0,36.59046920821115,-7.409530791788853,38.3,31.227321603128054,-7.072678396871943,41.1,37.34037145650049,-3.7596285434995096
2295,F,162.1,52.4,0.0021109001245349646,7.750000804662704e-05,83.5,94.48912512218963,10.989125122189634,71.4,82.07236070381231,10.672360703812302,88.8,95.46612903225807,6.66612903225807,53.9,57.024193548387096,3.1241935483870975,34.0,36.59046920821115,2.5904692082111467,28.7,31.227321603128054,2.5273216031280548,33.8,37.34037145650049,3.5403714565004947
1117,F,154.7,49.2,0.0021109001245349646,7.750000804662704e-05,82.6,94.48912512218963,11.88912512218964,72.2,82.07236070381231,9.872360703812305,93.4,95.46612903225807,2.066129032258061,52.6,57.024193548387096,4.424193548387095,32.9,36.59046920821115,3.690469208211148,26.7,31.227321603128054,4.527321603128055,33.8,37.34037145650049,3.5403714565004947
926,F,168.6,53.5,0.0021109001245349646,7.750000804662704e-05,86.4,94.48912512218963,8.089125122189628,66.8,82.07236070381231,15.27236070381231,88.0,95.46612903225807,7.466129032258067,51.5,57.024193548387096,5.524193548387096,33.6,36.59046920821115,2.9904692082111453,27.0,31.227321603128054,4.227321603128054,33.2,37.34037145650049,4.140371456500489
3771,F,163.5,50.6,0.0021109001245349646,7.750000804662704e-05,84.2,94.48912512218963,10.289125122189631,74.5,82.07236070381231,7.572360703812308,91.2,95.46612903225807,4.266129032258064,51.3,57.024193548387096,5.724193548387099,32.3,36.59046920821115,4.2904692082111495,26.3,31.227321603128054,4.927321603128053,33.4,37.34037145650049,3.9403714565004933
4746,M,169.8,71.4,0.0021109001245349646,7.750000804662704e-05,102.2,94.48912512218963,-7.710874877810369,81.2,82.07236070381231,0.8723607038123049,97.3,95.46612903225807,-1.8338709677419303,57.0,57.024193548387096,0.024193548387096087,38.0,36.59046920821115,-1.4095307917888533,32.2,31.227321603128054,-0.9726783968719488,40.3,37.34037145650049,-2.9596285434995053
12,F,153.2,52.8,0.0021109001245349646,7.750000804662704e-05,87.6,94.48912512218963,6.88912512218964,80.8,82.07236070381231,1.2723607038123106,92.0,95.46612903225807,3.466129032258067,54.0,57.024193548387096,3.024193548387096,34.5,36.59046920821115,2.0904692082111467,28.1,31.227321603128054,3.1273216031280526,34.4,37.34037145650049,2.9403714565004933
93,M,178.6,54.2,0.0021109001245349646,7.750000804662704e-05,86.5,94.48912512218963,7.989125122189634,70.5,82.07236070381231,11.572360703812308,85.4,95.46612903225807,10.066129032258061,47.5,57.024193548387096,9.524193548387096,32.6,36.59046920821115,3.9904692082111453,25.5,31.227321603128054,5.727321603128054,39.5,37.34037145650049,-2.159628543499508
3658,F,157.9,62.3,0.0021109001245349646,7.750000804662704e-05,91.4,94.48912512218963,3.0891251221896283,82.3,82.07236070381231,-0.2276392961876894,93.0,95.46612903225807,2.466129032258067,57.2,57.024193548387096,-0.17580645161290676,36.6,36.59046920821115,-0.009530791788854742,30.3,31.227321603128054,0.9273216031280533,35.8,37.34037145650049,1.5403714565004947
1593,M,162.6,83.4,0.0021109001245349646,7.750000804662704e-05,111.6,94.48912512218963,-17.11087487781036,100.7,82.07236070381231,-18.627639296187695,101.0,95.46612903225807,-5.533870967741933,64.8,57.024193548387096,-7.775806451612901,41.1,36.59046920821115,-4.509530791788855,38.0,31.227321603128054,-6.772678396871946,37.8,37.34037145650049,-0.4596285434995053
1174,M,180.2,80.4,0.0021109001245349646,7.750000804662704e-05,105.4,94.48912512218963,-10.910874877810372,88.3,82.07236070381231,-6.227639296187689,100.5,95.46612903225807,-5.033870967741933,60.9,57.024193548387096,-3.8758064516129025,39.2,36.59046920821115,-2.609530791788856,34.9,31.227321603128054,-3.6726783968719445,42.4,37.34037145650049,-5.059628543499507
4985,F,157.5,51.5,0.0021109001245349646,7.750000804662704e-05,84.2,94.48912512218963,10.289125122189631,72.0,82.07236070381231,10.072360703812308,89.1,95.46612903225807,6.366129032258073,50.3,57.024193548387096,6.724193548387099,32.8,36.59046920821115,3.7904692082111495,27.9,31.227321603128054,3.3273216031280555,34.9,37.34037145650049,2.4403714565004933
1578,M,170.0,80.0,0.0021109001245349646,7.750000804662704e-05,108.4,94.48912512218963,-13.910874877810372,97.9,82.07236070381231,-15.827639296187698,102.3,95.46612903225807,-6.83387096774193,59.9,57.024193548387096,-2.8758064516129025,39.4,36.59046920821115,-2.809530791788852,35.7,31.227321603128054,-4.472678396871949,39.1,37.34037145650049,-1.7596285434995096
538,M,180.9,79.3,0.0021109001245349646,7.750000804662704e-05,100.5,94.48912512218963,-6.010874877810366,82.7,82.07236070381231,-0.6276392961876951,99.0,95.46612903225807,-3.533870967741933,58.7,57.024193548387096,-1.6758064516129068,37.5,36.59046920821115,-0.9095307917888533,36.0,31.227321603128054,-4.772678396871946,42.5,37.34037145650049,-5.159628543499508
1926,F,162.7,60.9,0.0021109001245349646,7.750000804662704e-05,94.0,94.48912512218963,0.489125122189634,85.5,82.07236070381231,-3.4276392961876923,89.9,95.46612903225807,5.566129032258061,51.2,57.024193548387096,5.824193548387093,34.3,36.59046920821115,2.2904692082111495,29.7,31.227321603128054,1.5273216031280548,36.6,37.34037145650049,0.7403714565004904
1483,M,178.3,76.2,0.0021109001245349646,7.750000804662704e-05,103.8,94.48912512218963,-9.310874877810363,84.7,82.07236070381231,-2.627639296187695,99.7,95.46612903225807,-4.233870967741936,59.8,57.024193548387096,-2.775806451612901,38.8,36.59046920821115,-2.2095307917888505,33.1,31.227321603128054,-1.8726783968719474,42.0,37.34037145650049,-4.659628543499508
3621,M,169.2,78.6,0.0021109001245349646,7.750000804662704e-05,100.7,94.48912512218963,-6.210874877810369,99.5,82.07236070381231,-17.427639296187692,98.0,95.46612903225807,-2.533870967741933,58.2,57.024193548387096,-1.1758064516129068,39.1,36.59046920821115,-2.5095307917888547,32.0,31.227321603128054,-0.772678396871946,38.6,37.34037145650049,-1.2596285434995096
2024,M,162.5,54.2,0.0021109001245349646,7.750000804662704e-05,84.7,94.48912512218963,9.789125122189631,81.6,82.07236070381231,0.47236070381231343,87.7,95.46612903225807,7.766129032258064,48.9,57.024193548387096,8.124193548387098,32.8,36.59046920821115,3.7904692082111495,26.5,31.227321603128054,4.727321603128054,37.1,37.34037145650049,0.2403714565004904
4945,M,168.4,73.8,0.0021109001245349646,7.750000804662704e-05,102.6,94.48912512218963,-8.11087487781036,95.7,82.07236070381231,-13.627639296187695,96.5,95.46612903225807,-1.033870967741933,54.9,57.024193548387096,2.1241935483870975,33.9,36.59046920821115,2.690469208211148,33.4,31.227321603128054,-2.1726783968719445,36.0,37.34037145650049,1.3403714565004918
1295,F,156.9,51.4,0.0021109001245349646,7.750000804662704e-05,86.0,94.48912512218963,8.489125122189634,69.7,82.07236070381231,12.372360703812305,92.3,95.46612903225807,3.1661290322580697,54.7,57.024193548387096,2.3241935483870932,33.0,36.59046920821115,3.5904692082111467,26.5,31.227321603128054,4.727321603128054,33.7,37.34037145650049,3.640371456500489
2103,F,156.2,52.0,0.0021109001245349646,7.750000804662704e-05,86.5,94.48912512218963,7.989125122189634,75.6,82.07236070381231,6.472360703812313,89.0,95.46612903225807,6.466129032258067,57.5,57.024193548387096,-0.4758064516129039,32.4,36.59046920821115,4.190469208211148,30.6,31.227321603128054,0.6273216031280526,34.3,37.34037145650049,3.0403714565004947
4969,F,160.0,51.2,0.0021109001245349646,7.750000804662704e-05,85.8,94.48912512218963,8.689125122189637,71.8,82.07236070381231,10.27236070381231,85.8,95.46612903225807,9.66612903225807,49.9,57.024193548387096,7.1241935483870975,32.9,36.59046920821115,3.690469208211148,26.6,31.227321603128054,4.627321603128053,32.8,37.34037145650049,4.540371456500495
4019,F,161.0,61.0,0.0021109001245349646,7.750000804662704e-05,91.8,94.48912512218963,2.689125122189637,84.2,82.07236070381231,-2.127639296187695,93.1,95.46612903225807,2.3661290322580726,56.6,57.024193548387096,0.42419354838709467,35.6,36.59046920821115,0.9904692082111453,30.6,31.227321603128054,0.6273216031280526,35.2,37.34037145650049,2.140371456500489
2457,M,166.6,65.7,0.0021109001245349646,7.750000804662704e-05,96.9,94.48912512218963,-2.4108748778103717,91.4,82.07236070381231,-9.327639296187698,90.0,95.46612903225807,5.466129032258067,52.1,57.024193548387096,4.924193548387095,33.7,36.59046920821115,2.890469208211144,42.3,31.227321603128054,-11.072678396871943,37.1,37.34037145650049,0.2403714565004904
1049,M,175.3,78.1,0.0021109001245349646,7.750000804662704e-05,103.8,94.48912512218963,-9.310874877810363,80.7,82.07236070381231,1.372360703812305,96.0,95.46612903225807,-0.5338709677419331,59.0,57.024193548387096,-1.975806451612904,39.7,36.59046920821115,-3.109530791788856,33.5,31.227321603128054,-2.272678396871946,42.1,37.34037145650049,-4.75962854349951
3026,F,155.2,63.6,0.0021109001245349646,7.750000804662704e-05,92.8,94.48912512218963,1.6891251221896368,88.0,82.07236070381231,-5.927639296187692,95.4,95.46612903225807,0.06612903225806122,57.7,57.024193548387096,-0.6758064516129068,35.6,36.59046920821115,0.9904692082111453,32.3,31.227321603128054,-1.072678396871943,33.0,37.34037145650049,4.340371456500492
4362,F,161.4,50.6,0.0021109001245349646,7.750000804662704e-05,81.2,94.48912512218963,13.289125122189631,68.8,82.07236070381231,13.27236070381231,89.2,95.46612903225807,6.266129032258064,50.6,57.024193548387096,6.424193548387095,35.4,36.59046920821115,1.190469208211148,24.7,31.227321603128054,6.527321603128055,34.4,37.34037145650049,2.9403714565004933
805,M,183.5,99.9,0.0021109001245349646,7.750000804662704e-05,115.6,94.48912512218963,-21.11087487781036,94.5,82.07236070381231,-12.427639296187692,105.3,95.46612903225807,-9.83387096774193,65.4,57.024193548387096,-8.37580645161291,44.2,36.59046920821115,-7.609530791788856,37.3,31.227321603128054,-6.072678396871943,40.5,37.34037145650049,-3.159628543499508
4839,M,174.8,71.2,0.0021109001245349646,7.750000804662704e-05,97.0,94.48912512218963,-2.510874877810366,86.3,82.07236070381231,-4.227639296187689,94.8,95.46612903225807,0.6661290322580697,54.4,57.024193548387096,2.6241935483870975,36.2,36.59046920821115,0.39046920821114384,32.3,31.227321603128054,-1.072678396871943,38.2,37.34037145650049,-0.859628543499511
1867,F,152.8,46.8,0.0021109001245349646,7.750000804662704e-05,83.6,94.48912512218963,10.88912512218964,74.2,82.07236070381231,7.872360703812305,84.2,95.46612903225807,11.266129032258064,52.2,57.024193548387096,4.824193548387093,32.5,36.59046920821115,4.090469208211147,26.9,31.227321603128054,4.3273216031280555,36.6,37.34037145650049,0.7403714565004904
5032,F,166.3,58.0,0.0021109001245349646,7.750000804662704e-05,86.9,94.48912512218963,7.589125122189628,72.8,82.07236070381231,9.27236070381231,96.9,95.46612903225807,-1.4338709677419388,56.6,57.024193548387096,0.42419354838709467,34.2,36.59046920821115,2.390469208211144,27.5,31.227321603128054,3.727321603128054,34.2,37.34037145650049,3.140371456500489
1721,M,164.4,53.5,0.0021109001245349646,7.750000804662704e-05,85.9,94.48912512218963,8.589125122189628,80.0,82.07236070381231,2.0723607038123077,87.9,95.46612903225807,7.566129032258061,49.3,57.024193548387096,7.724193548387099,33.1,36.59046920821115,3.4904692082111453,29.0,31.227321603128054,2.227321603128054,35.4,37.34037145650049,1.9403714565004933
1200,M,175.2,89.5,0.0021109001245349646,7.750000804662704e-05,106.6,94.48912512218963,-12.11087487781036,94.4,82.07236070381231,-12.327639296187698,103.2,95.46612903225807,-7.733870967741936,62.7,57.024193548387096,-5.675806451612907,38.7,36.59046920821115,-2.109530791788856,36.3,31.227321603128054,-5.072678396871943,42.5,37.34037145650049,-5.159628543499508
1739,M,170.4,82.1,0.0021109001245349646,7.750000804662704e-05,103.8,94.48912512218963,-9.310874877810363,100.6,82.07236070381231,-18.527639296187687,103.4,95.46612903225807,-7.933870967741939,62.3,57.024193548387096,-5.275806451612901,39.9,36.59046920821115,-3.309530791788852,33.5,31.227321603128054,-2.272678396871946,39.4,37.34037145650049,-2.0596285434995067
4448,F,159.2,45.3,0.0021109001245349646,7.750000804662704e-05,77.8,94.48912512218963,16.689125122189637,66.5,82.07236070381231,15.572360703812308,84.0,95.46612903225807,11.466129032258067,47.8,57.024193548387096,9.224193548387099,31.7,36.59046920821115,4.890469208211147,23.8,31.227321603128054,7.427321603128053,33.7,37.34037145650049,3.640371456500489
4272,F,162.1,50.5,0.0021109001245349646,7.750000804662704e-05,86.7,94.48912512218963,7.789125122189631,64.8,82.07236070381231,17.27236070381231,89.8,95.46612903225807,5.66612903225807,54.0,57.024193548387096,3.024193548387096,32.4,36.59046920821115,4.190469208211148,27.8,31.227321603128054,3.4273216031280533,35.3,37.34037145650049,2.0403714565004947
410,F,159.5,56.3,0.0021109001245349646,7.750000804662704e-05,89.7,94.48912512218963,4.789125122189631,80.4,82.07236070381231,1.672360703812302,96.5,95.46612903225807,-1.033870967741933,56.4,57.024193548387096,0.6241935483870975,36.6,36.59046920821115,-0.009530791788854742,29.0,31.227321603128054,2.227321603128054,35.3,37.34037145650049,2.0403714565004947
1002,M,174.4,70.4,0.0021109001245349646,7.750000804662704e-05,100.5,94.48912512218963,-6.010874877810366,81.9,82.07236070381231,0.17236070381230206,96.0,95.46612903225807,-0.5338709677419331,56.7,57.024193548387096,0.32419354838709324,36.0,36.59046920821115,0.5904692082111467,34.9,31.227321603128054,-3.6726783968719445,40.8,37.34037145650049,-3.4596285434995053
3372,F,157.1,55.2,0.0021109001245349646,7.750000804662704e-05,90.2,94.48912512218963,4.289125122189631,83.5,82.07236070381231,-1.4276392961876923,90.1,95.46612903225807,5.366129032258073,52.9,57.024193548387096,4.1241935483870975,34.2,36.59046920821115,2.390469208211144,28.6,31.227321603128054,2.6273216031280526,36.2,37.34037145650049,1.140371456500489
2619,F,163.1,55.2,0.0021109001245349646,7.750000804662704e-05,89.1,94.48912512218963,5.38912512218964,75.7,82.07236070381231,6.372360703812305,91.4,95.46612903225807,4.066129032258061,54.8,57.024193548387096,2.224193548387099,32.1,36.59046920821115,4.490469208211145,30.2,31.227321603128054,1.0273216031280548,36.7,37.34037145650049,0.640371456500489
132,F,170.4,85.5,0.0021109001245349646,7.750000804662704e-05,105.5,94.48912512218963,-11.010874877810366,98.8,82.07236070381231,-16.72763929618769,112.8,95.46612903225807,-17.33387096774193,64.8,57.024193548387096,-7.775806451612901,39.7,36.59046920821115,-3.109530791788856,38.6,31.227321603128054,-7.372678396871947,38.4,37.34037145650049,-1.0596285434995067
4247,F,158.7,46.3,0.0021109001245349646,7.750000804662704e-05,80.2,94.48912512218963,14.289125122189631,63.1,82.07236070381231,18.972360703812306,87.7,95.46612903225807,7.766129032258064,50.2,57.024193548387096,6.824193548387093,32.5,36.59046920821115,4.090469208211147,26.7,31.227321603128054,4.527321603128055,35.2,37.34037145650049,2.140371456500489
4914,M,167.2,60.6,0.0021109001245349646,7.750000804662704e-05,91.8,94.48912512218963,2.689125122189637,78.5,82.07236070381231,3.5723607038123077,88.0,95.46612903225807,7.466129032258067,48.0,57.024193548387096,9.024193548387096,35.5,36.59046920821115,1.0904692082111467,28.2,31.227321603128054,3.0273216031280548,37.8,37.34037145650049,-0.4596285434995053
4849,F,170.2,60.5,0.0021109001245349646,7.750000804662704e-05,91.5,94.48912512218963,2.989125122189634,78.6,82.07236070381231,3.4723607038123134,93.6,95.46612903225807,1.8661290322580726,53.4,57.024193548387096,3.6241935483870975,35.6,36.59046920821115,0.9904692082111453,29.2,31.227321603128054,2.0273216031280548,37.7,37.34037145650049,-0.359628543499511
4978,F,162.0,69.8,0.0021109001245349646,7.750000804662704e-05,96.7,94.48912512218963,-2.210874877810369,91.5,82.07236070381231,-9.427639296187692,96.5,95.46612903225807,-1.033870967741933,53.2,57.024193548387096,3.8241935483870932,35.6,36.59046920821115,0.9904692082111453,32.0,31.227321603128054,-0.772678396871946,37.7,37.34037145650049,-0.359628543499511
691,M,173.9,74.8,0.0021109001245349646,7.750000804662704e-05,95.2,94.48912512218963,-0.7108748778103688,81.8,82.07236070381231,0.2723607038123106,102.6,95.46612903225807,-7.133870967741927,58.7,57.024193548387096,-1.6758064516129068,43.5,36.59046920821115,-6.909530791788853,33.2,31.227321603128054,-1.9726783968719488,40.4,37.34037145650049,-3.0596285434995067
4511,M,170.8,67.6,0.0021109001245349646,7.750000804662704e-05,102.3,94.48912512218963,-7.810874877810363,80.9,82.07236070381231,1.172360703812302,94.4,95.46612903225807,1.0661290322580612,53.0,57.024193548387096,4.024193548387096,37.9,36.59046920821115,-1.309530791788852,31.0,31.227321603128054,0.22732160312805405,41.5,37.34037145650049,-4.159628543499508
4780,F,162.4,46.8,0.0021109001245349646,7.750000804662704e-05,80.0,94.48912512218963,14.489125122189634,66.9,82.07236070381231,15.172360703812302,86.1,95.46612903225807,9.366129032258073,47.8,57.024193548387096,9.224193548387099,32.8,36.59046920821115,3.7904692082111495,25.3,31.227321603128054,5.927321603128053,34.3,37.34037145650049,3.0403714565004947
3852,F,155.0,51.3,0.0021109001245349646,7.750000804662704e-05,79.5,94.48912512218963,14.989125122189634,76.8,82.07236070381231,5.272360703812311,94.1,95.46612903225807,1.3661290322580726,53.1,57.024193548387096,3.9241935483870947,35.4,36.59046920821115,1.190469208211148,25.5,31.227321603128054,5.727321603128054,33.5,37.34037145650049,3.840371456500492
3639,F,152.1,51.4,0.0021109001245349646,7.750000804662704e-05,88.0,94.48912512218963,6.489125122189634,81.2,82.07236070381231,0.8723607038123049,89.0,95.46612903225807,6.466129032258067,53.3,57.024193548387096,3.724193548387099,30.9,36.59046920821115,5.690469208211148,26.3,31.227321603128054,4.927321603128053,33.1,37.34037145650049,4.24037145650049
5080,M,154.8,55.0,0.0021109001245349646,7.750000804662704e-05,89.0,94.48912512218963,5.489125122189634,73.0,82.07236070381231,9.072360703812308,88.0,95.46612903225807,7.466129032258067,53.5,57.024193548387096,3.524193548387096,33.8,36.59046920821115,2.7904692082111495,28.2,31.227321603128054,3.0273216031280548,34.7,37.34037145650049,2.640371456500489
287,F,172.6,59.6,0.0021109001245349646,7.750000804662704e-05,85.2,94.48912512218963,9.289125122189631,67.6,82.07236070381231,14.472360703812313,97.4,95.46612903225807,-1.9338709677419388,56.9,57.024193548387096,0.12419354838709751,38.1,36.59046920821115,-1.5095307917888547,26.9,31.227321603128054,4.3273216031280555,37.0,37.34037145650049,0.34037145650049183
3235,F,163.5,58.6,0.0021109001245349646,7.750000804662704e-05,88.0,94.48912512218963,6.489125122189634,77.8,82.07236070381231,4.272360703812311,92.2,95.46612903225807,3.266129032258064,51.9,57.024193548387096,5.1241935483870975,35.7,36.59046920821115,0.8904692082111438,27.3,31.227321603128054,3.9273216031280533,38.5,37.34037145650049,-1.1596285434995082
4692,F,162.5,60.0,0.0021109001245349646,7.750000804662704e-05,83.4,94.48912512218963,11.089125122189628,77.3,82.07236070381231,4.772360703812311,102.7,95.46612903225807,-7.233870967741936,59.7,57.024193548387096,-2.6758064516129068,36.3,36.59046920821115,0.2904692082111495,26.9,31.227321603128054,4.3273216031280555,33.4,37.34037145650049,3.9403714565004933
4757,M,174.5,75.5,0.0021109001245349646,7.750000804662704e-05,99.8,94.48912512218963,-5.310874877810363,82.4,82.07236070381231,-0.32763929618769794,97.7,95.46612903225807,-2.233870967741936,58.2,57.024193548387096,-1.1758064516129068,41.5,36.59046920821115,-4.909530791788853,33.3,31.227321603128054,-2.072678396871943,39.7,37.34037145650049,-2.359628543499511
4748,M,166.8,84.0,0.0021109001245349646,7.750000804662704e-05,108.1,94.48912512218963,-13.61087487781036,92.0,82.07236070381231,-9.927639296187692,101.1,95.46612903225807,-5.633870967741927,64.6,57.024193548387096,-7.575806451612898,43.4,36.59046920821115,-6.809530791788852,36.0,31.227321603128054,-4.772678396871946,38.7,37.34037145650049,-1.359628543499511
1471,M,168.0,68.6,0.0021109001245349646,7.750000804662704e-05,102.4,94.48912512218963,-7.910874877810372,86.1,82.07236070381231,-4.027639296187687,95.1,95.46612903225807,0.3661290322580726,61.6,57.024193548387096,-4.575806451612905,36.8,36.59046920821115,-0.20953079178885048,31.3,31.227321603128054,-0.07267839687194666,39.0,37.34037145650049,-1.6596285434995082
2722,F,166.3,52.9,0.0021109001245349646,7.750000804662704e-05,87.9,94.48912512218963,6.589125122189628,73.8,82.07236070381231,8.27236070381231,91.8,95.46612903225807,3.6661290322580697,55.1,57.024193548387096,1.9241935483870947,35.0,36.59046920821115,1.5904692082111467,27.9,31.227321603128054,3.3273216031280555,35.2,37.34037145650049,2.140371456500489
1732,M,166.5,91.9,0.0021109001245349646,7.750000804662704e-05,111.0,94.48912512218963,-16.510874877810366,113.4,82.07236070381231,-31.327639296187698,106.0,95.46612903225807,-10.533870967741933,63.5,57.024193548387096,-6.475806451612904,43.1,36.59046920821115,-6.509530791788855,37.0,31.227321603128054,-5.772678396871946,40.7,37.34037145650049,-3.359628543499511
4257,F,155.8,60.5,0.0021109001245349646,7.750000804662704e-05,90.4,94.48912512218963,4.089125122189628,90.0,82.07236070381231,-7.927639296187692,94.4,95.46612903225807,1.0661290322580612,52.7,57.024193548387096,4.324193548387093,35.8,36.59046920821115,0.7904692082111495,30.0,31.227321603128054,1.227321603128054,33.8,37.34037145650049,3.5403714565004947
4762,F,162.3,59.7,0.0021109001245349646,7.750000804662704e-05,94.0,94.48912512218963,0.489125122189634,79.0,82.07236070381231,3.0723607038123077,96.5,95.46612903225807,-1.033870967741933,56.8,57.024193548387096,0.22419354838709893,37.8,36.59046920821115,-1.2095307917888505,30.6,31.227321603128054,0.6273216031280526,36.4,37.34037145650049,0.9403714565004933
1932,F,156.8,77.0,0.0021109001245349646,7.750000804662704e-05,110.2,94.48912512218963,-15.710874877810369,102.0,82.07236070381231,-19.927639296187692,103.7,95.46612903225807,-8.233870967741936,63.1,57.024193548387096,-6.075806451612905,40.0,36.59046920821115,-3.4095307917888533,37.0,31.227321603128054,-5.772678396871946,38.0,37.34037145650049,-0.6596285434995082
2749,F,153.2,56.7,0.0021109001245349646,7.750000804662704e-05,87.9,94.48912512218963,6.589125122189628,79.9,82.07236070381231,2.172360703812302,92.1,95.46612903225807,3.3661290322580726,59.3,57.024193548387096,-2.275806451612901,35.8,36.59046920821115,0.7904692082111495,31.3,31.227321603128054,-0.07267839687194666,32.4,37.34037145650049,4.940371456500493
3034,F,162.2,73.4,0.0021109001245349646,7.750000804662704e-05,94.3,94.48912512218963,0.18912512218963684,89.9,82.07236070381231,-7.827639296187698,108.7,95.46612903225807,-13.233870967741936,63.0,57.024193548387096,-5.975806451612904,40.0,36.59046920821115,-3.4095307917888533,34.1,31.227321603128054,-2.8726783968719474,35.3,37.34037145650049,2.0403714565004947
763,F,158.6,56.4,0.0021109001245349646,7.750000804662704e-05,90.3,94.48912512218963,4.189125122189637,75.0,82.07236070381231,7.072360703812308,94.7,95.46612903225807,0.7661290322580641,56.9,57.024193548387096,0.12419354838709751,35.1,36.59046920821115,1.4904692082111453,28.8,31.227321603128054,2.4273216031280533,34.0,37.34037145650049,3.340371456500492
2810,M,164.0,64.8,0.0021109001245349646,7.750000804662704e-05,96.3,94.48912512218963,-1.8108748778103632,84.8,82.07236070381231,-2.7276392961876894,93.3,95.46612903225807,2.1661290322580697,58.2,57.024193548387096,-1.1758064516129068,37.7,36.59046920821115,-1.1095307917888562,31.6,31.227321603128054,-0.37267839687194737,38.4,37.34037145650049,-1.0596285434995067
4051,F,158.5,56.3,0.0021109001245349646,7.750000804662704e-05,88.7,94.48912512218963,5.789125122189631,81.3,82.07236070381231,0.7723607038123106,85.5,95.46612903225807,9.966129032258067,53.0,57.024193548387096,4.024193548387096,32.7,36.59046920821115,3.890469208211144,28.8,31.227321603128054,2.4273216031280533,35.4,37.34037145650049,1.9403714565004933
3630,F,162.2,62.4,0.0021109001245349646,7.750000804662704e-05,85.1,94.48912512218963,9.38912512218964,73.1,82.07236070381231,8.972360703812313,103.1,95.46612903225807,-7.633870967741927,59.4,57.024193548387096,-2.3758064516129025,38.4,36.59046920821115,-1.809530791788852,28.3,31.227321603128054,2.9273216031280533,36.9,37.34037145650049,0.44037145650049325
3814,M,172.5,68.3,0.0021109001245349646,7.750000804662704e-05,96.4,94.48912512218963,-1.9108748778103717,81.8,82.07236070381231,0.2723607038123106,94.7,95.46612903225807,0.7661290322580641,55.3,57.024193548387096,1.724193548387099,37.3,36.59046920821115,-0.7095307917888505,31.2,31.227321603128054,0.02732160312805476,36.7,37.34037145650049,0.640371456500489
465,F,165.6,67.0,0.0021109001245349646,7.750000804662704e-05,94.5,94.48912512218963,-0.010874877810366002,88.1,82.07236070381231,-6.027639296187687,97.5,95.46612903225807,-2.033870967741933,58.1,57.024193548387096,-1.0758064516129053,37.6,36.59046920821115,-1.0095307917888547,30.9,31.227321603128054,0.32732160312805547,34.8,37.34037145650049,2.5403714565004947
109,F,163.7,71.1,0.0021109001245349646,7.750000804662704e-05,90.8,94.48912512218963,3.689125122189637,84.6,82.07236070381231,-2.5276392961876866,106.2,95.46612903225807,-10.733870967741936,64.0,57.024193548387096,-6.975806451612904,38.5,36.59046920821115,-1.9095307917888533,33.3,31.227321603128054,-2.072678396871943,35.0,37.34037145650049,2.340371456500492
2059,F,165.0,63.8,0.0021109001245349646,7.750000804662704e-05,89.7,94.48912512218963,4.789125122189631,75.7,82.07236070381231,6.372360703812305,98.5,95.46612903225807,-3.033870967741933,57.2,57.024193548387096,-0.17580645161290676,39.6,36.59046920821115,-3.0095307917888547,30.7,31.227321603128054,0.5273216031280548,35.9,37.34037145650049,1.4403714565004933
742,F,160.5,56.0,0.0021109001245349646,7.750000804662704e-05,88.0,94.48912512218963,6.489125122189634,75.5,82.07236070381231,6.572360703812308,91.9,95.46612903225807,3.566129032258061,54.9,57.024193548387096,2.1241935483870975,34.7,36.59046920821115,1.8904692082111438,29.8,31.227321603128054,1.4273216031280533,33.7,37.34037145650049,3.640371456500489
4025,F,164.4,68.5,0.0021109001245349646,7.750000804662704e-05,92.2,94.48912512218963,2.289125122189631,81.8,82.07236070381231,0.2723607038123106,102.1,95.46612903225807,-6.633870967741927,59.6,57.024193548387096,-2.5758064516129053,39.3,36.59046920821115,-2.7095307917888505,32.8,31.227321603128054,-1.572678396871943,37.1,37.34037145650049,0.2403714565004904
4307,M,160.2,64.6,0.0021109001245349646,7.750000804662704e-05,97.6,94.48912512218963,-3.1108748778103603,92.8,82.07236070381231,-10.72763929618769,89.7,95.46612903225807,5.766129032258064,55.2,57.024193548387096,1.8241935483870932,33.5,36.59046920821115,3.0904692082111467,30.7,31.227321603128054,0.5273216031280548,35.8,37.34037145650049,1.5403714565004947
589,F,162.7,52.7,0.0021109001245349646,7.750000804662704e-05,82.8,94.48912512218963,11.689125122189637,70.4,82.07236070381231,11.672360703812302,91.3,95.46612903225807,4.16612903225807,58.3,57.024193548387096,-1.275806451612901,33.8,36.59046920821115,2.7904692082111495,28.0,31.227321603128054,3.227321603128054,36.3,37.34037145650049,1.0403714565004947
3778,F,155.7,64.9,0.0021109001245349646,7.750000804662704e-05,94.1,94.48912512218963,0.3891251221896397,83.6,82.07236070381231,-1.5276392961876866,97.2,95.46612903225807,-1.733870967741936,54.0,57.024193548387096,3.024193548387096,36.4,36.59046920821115,0.1904692082111481,31.4,31.227321603128054,-0.17267839687194453,36.4,37.34037145650049,0.9403714565004933
4129,F,162.0,65.6,0.0021109001245349646,7.750000804662704e-05,88.7,94.48912512218963,5.789125122189631,86.9,82.07236070381231,-4.827639296187698,90.8,95.46612903225807,4.66612903225807,56.6,57.024193548387096,0.42419354838709467,35.4,36.59046920821115,1.190469208211148,30.7,31.227321603128054,0.5273216031280548,34.7,37.34037145650049,2.640371456500489
426,F,176.1,56.1,0.0021109001245349646,7.750000804662704e-05,83.7,94.48912512218963,10.789125122189631,68.8,82.07236070381231,13.27236070381231,88.7,95.46612903225807,6.766129032258064,50.5,57.024193548387096,6.524193548387096,35.5,36.59046920821115,1.0904692082111467,25.5,31.227321603128054,5.727321603128054,37.5,37.34037145650049,-0.15962854349950817
2174,F,157.3,51.8,0.0021109001245349646,7.750000804662704e-05,85.9,94.48912512218963,8.589125122189628,70.5,82.07236070381231,11.572360703812308,89.0,95.46612903225807,6.466129032258067,52.0,57.024193548387096,5.024193548387096,33.5,36.59046920821115,3.0904692082111467,28.8,31.227321603128054,2.4273216031280533,35.4,37.34037145650049,1.9403714565004933
2813,F,162.0,52.7,0.0021109001245349646,7.750000804662704e-05,82.3,94.48912512218963,12.189125122189637,69.5,82.07236070381231,12.572360703812308,91.0,95.46612903225807,4.466129032258067,53.7,57.024193548387096,3.3241935483870932,35.9,36.59046920821115,0.6904692082111481,26.0,31.227321603128054,5.227321603128054,34.9,37.34037145650049,2.4403714565004933
915,F,159.0,59.0,0.0021109001245349646,7.750000804662704e-05,94.0,94.48912512218963,0.489125122189634,78.0,82.07236070381231,4.072360703812308,97.3,95.46612903225807,-1.8338709677419303,56.8,57.024193548387096,0.22419354838709893,34.7,36.59046920821115,1.8904692082111438,32.0,31.227321603128054,-0.772678396871946,33.7,37.34037145650049,3.640371456500489
3543,F,166.0,82.5,0.0021109001245349646,7.750000804662704e-05,101.4,94.48912512218963,-6.910874877810372,92.1,82.07236070381231,-10.027639296187687,109.3,95.46612903225807,-13.83387096774193,69.7,57.024193548387096,-12.675806451612907,40.1,36.59046920821115,-3.5095307917888547,34.5,31.227321603128054,-3.272678396871946,36.6,37.34037145650049,0.7403714565004904
2436,M,173.5,67.0,0.0021109001245349646,7.750000804662704e-05,101.6,94.48912512218963,-7.11087487781036,87.0,82.07236070381231,-4.927639296187692,90.7,95.46612903225807,4.766129032258064,54.2,57.024193548387096,2.8241935483870932,34.2,36.59046920821115,2.390469208211144,33.2,31.227321603128054,-1.9726783968719488,38.9,37.34037145650049,-1.5596285434995067
3534,F,161.5,47.6,0.0021109001245349646,7.750000804662704e-05,79.8,94.48912512218963,14.689125122189637,67.0,82.07236070381231,15.072360703812308,93.1,95.46612903225807,2.3661290322580726,50.7,57.024193548387096,6.324193548387093,31.8,36.59046920821115,4.790469208211146,26.1,31.227321603128054,5.127321603128053,36.1,37.34037145650049,1.2403714565004904
3135,F,156.3,62.0,0.0021109001245349646,7.750000804662704e-05,94.0,94.48912512218963,0.489125122189634,84.2,82.07236070381231,-2.127639296187695,94.4,95.46612903225807,1.0661290322580612,55.1,57.024193548387096,1.9241935483870947,36.1,36.59046920821115,0.49046920821114526,30.6,31.227321603128054,0.6273216031280526,34.5,37.34037145650049,2.840371456500492
1878,F,157.2,67.7,0.0021109001245349646,7.750000804662704e-05,95.0,94.48912512218963,-0.510874877810366,85.3,82.07236070381231,-3.2276392961876894,102.9,95.46612903225807,-7.433870967741939,67.2,57.024193548387096,-10.175806451612907,37.6,36.59046920821115,-1.0095307917888547,33.0,31.227321603128054,-1.772678396871946,35.7,37.34037145650049,1.640371456500489
2321,F,146.2,56.3,0.0021109001245349646,7.750000804662704e-05,92.5,94.48912512218963,1.989125122189634,90.3,82.07236070381231,-8.22763929618769,92.3,95.46612903225807,3.1661290322580697,56.9,57.024193548387096,0.12419354838709751,33.1,36.59046920821115,3.4904692082111453,30.8,31.227321603128054,0.42732160312805334,32.6,37.34037145650049,4.74037145650049
3089,M,170.2,95.4,0.0021109001245349646,7.750000804662704e-05,112.3,94.48912512218963,-17.810874877810363,105.9,82.07236070381231,-23.827639296187698,108.7,95.46612903225807,-13.233870967741936,66.1,57.024193548387096,-9.075806451612898,43.6,36.59046920821115,-7.009530791788855,41.4,31.227321603128054,-10.172678396871945,41.8,37.34037145650049,-4.459628543499505
2596,F,156.1,55.3,0.0021109001245349646,7.750000804662704e-05,89.5,94.48912512218963,4.989125122189634,80.5,82.07236070381231,1.5723607038123077,91.2,95.46612903225807,4.266129032258064,54.0,57.024193548387096,3.024193548387096,32.8,36.59046920821115,3.7904692082111495,31.1,31.227321603128054,0.12732160312805263,34.1,37.34037145650049,3.2403714565004904
3220,F,163.0,55.4,0.0021109001245349646,7.750000804662704e-05,88.8,94.48912512218963,5.689125122189637,75.6,82.07236070381231,6.472360703812313,92.4,95.46612903225807,3.066129032258061,54.2,57.024193548387096,2.8241935483870932,34.6,36.59046920821115,1.9904692082111453,29.5,31.227321603128054,1.727321603128054,34.5,37.34037145650049,2.840371456500492
1487,M,174.4,81.1,0.0021109001245349646,7.750000804662704e-05,112.2,94.48912512218963,-17.71087487781037,87.4,82.07236070381231,-5.327639296187698,97.1,95.46612903225807,-1.6338709677419274,60.4,57.024193548387096,-3.3758064516129025,38.8,36.59046920821115,-2.2095307917888505,36.0,31.227321603128054,-4.772678396871946,41.0,37.34037145650049,-3.659628543499508
1231,M,176.4,68.1,0.0021109001245349646,7.750000804662704e-05,94.9,94.48912512218963,-0.4108748778103717,75.7,82.07236070381231,6.372360703812305,91.5,95.46612903225807,3.966129032258067,53.8,57.024193548387096,3.224193548387099,37.9,36.59046920821115,-1.309530791788852,32.3,31.227321603128054,-1.072678396871943,41.4,37.34037145650049,-4.059628543499507
3098,F,162.4,52.7,0.0021109001245349646,7.750000804662704e-05,83.3,94.48912512218963,11.189125122189637,67.6,82.07236070381231,14.472360703812313,92.2,95.46612903225807,3.266129032258064,50.9,57.024193548387096,6.1241935483870975,32.3,36.59046920821115,4.2904692082111495,29.0,31.227321603128054,2.227321603128054,33.8,37.34037145650049,3.5403714565004947
4980,F,158.3,63.6,0.0021109001245349646,7.750000804662704e-05,93.0,94.48912512218963,1.489125122189634,81.0,82.07236070381231,1.0723607038123077,94.7,95.46612903225807,0.7661290322580641,58.4,57.024193548387096,-1.3758064516129025,35.4,36.59046920821115,1.190469208211148,32.4,31.227321603128054,-1.1726783968719445,33.8,37.34037145650049,3.5403714565004947
2378,F,157.8,74.0,0.0021109001245349646,7.750000804662704e-05,102.7,94.48912512218963,-8.210874877810369,99.5,82.07236070381231,-17.427639296187692,101.3,95.46612903225807,-5.83387096774193,63.3,57.024193548387096,-6.275806451612901,38.2,36.59046920821115,-1.6095307917888562,34.5,31.227321603128054,-3.272678396871946,36.1,37.34037145650049,1.2403714565004904
4200,M,166.8,69.6,0.0021109001245349646,7.750000804662704e-05,101.4,94.48912512218963,-6.910874877810372,86.9,82.07236070381231,-4.827639296187698,89.0,95.46612903225807,6.466129032258067,50.0,57.024193548387096,7.024193548387096,35.5,36.59046920821115,1.0904692082111467,34.3,31.227321603128054,-3.072678396871943,38.4,37.34037145650049,-1.0596285434995067
1323,F,160.8,58.8,0.0021109001245349646,7.750000804662704e-05,92.2,94.48912512218963,2.289125122189631,76.3,82.07236070381231,5.772360703812311,94.8,95.46612903225807,0.6661290322580697,57.6,57.024193548387096,-0.5758064516129053,37.0,36.59046920821115,-0.4095307917888533,29.6,31.227321603128054,1.6273216031280526,33.4,37.34037145650049,3.9403714565004933
2706,M,164.7,68.3,0.0021109001245349646,7.750000804662704e-05,98.5,94.48912512218963,-4.010874877810366,89.9,82.07236070381231,-7.827639296187698,93.9,95.46612903225807,1.5661290322580612,57.6,57.024193548387096,-0.5758064516129053,36.1,36.59046920821115,0.49046920821114526,33.6,31.227321603128054,-2.3726783968719474,36.7,37.34037145650049,0.640371456500489
2547,F,160.8,57.1,0.0021109001245349646,7.750000804662704e-05,86.0,94.48912512218963,8.489125122189634,72.7,82.07236070381231,9.372360703812305,92.2,95.46612903225807,3.266129032258064,55.0,57.024193548387096,2.024193548387096,34.2,36.59046920821115,2.390469208211144,30.0,31.227321603128054,1.227321603128054,32.4,37.34037145650049,4.940371456500493
1094,F,163.4,53.6,0.0021109001245349646,7.750000804662704e-05,84.1,94.48912512218963,10.38912512218964,68.6,82.07236070381231,13.472360703812313,89.7,95.46612903225807,5.766129032258064,52.5,57.024193548387096,4.524193548387096,36.6,36.59046920821115,-0.009530791788854742,26.7,31.227321603128054,4.527321603128055,34.1,37.34037145650049,3.2403714565004904
3753,M,161.0,52.5,0.0021109001245349646,7.750000804662704e-05,89.1,94.48912512218963,5.38912512218964,76.0,82.07236070381231,6.072360703812308,87.6,95.46612903225807,7.866129032258073,47.7,57.024193548387096,9.324193548387093,30.8,36.59046920821115,5.790469208211146,26.3,31.227321603128054,4.927321603128053,37.7,37.34037145650049,-0.359628543499511
3016,F,167.1,61.6,0.0021109001245349646,7.750000804662704e-05,89.4,94.48912512218963,5.089125122189628,77.8,82.07236070381231,4.272360703812311,95.6,95.46612903225807,-0.13387096774192742,57.6,57.024193548387096,-0.5758064516129053,36.7,36.59046920821115,-0.10953079178885616,30.4,31.227321603128054,0.8273216031280555,33.7,37.34037145650049,3.640371456500489
1427,F,165.3,59.3,0.0021109001245349646,7.750000804662704e-05,87.3,94.48912512218963,7.189125122189637,71.6,82.07236070381231,10.472360703812313,96.6,95.46612903225807,-1.1338709677419274,60.1,57.024193548387096,-3.0758064516129053,35.1,36.59046920821115,1.4904692082111453,28.5,31.227321603128054,2.727321603128054,35.7,37.34037145650049,1.640371456500489
1221,M,173.1,83.2,0.0021109001245349646,7.750000804662704e-05,107.3,94.48912512218963,-12.810874877810363,85.4,82.07236070381231,-3.327639296187698,100.9,95.46612903225807,-5.433870967741939,63.5,57.024193548387096,-6.475806451612904,40.2,36.59046920821115,-3.609530791788856,40.1,31.227321603128054,-8.872678396871947,40.6,37.34037145650049,-3.2596285434995096
2370,F,164.7,69.5,0.0021109001245349646,7.750000804662704e-05,98.4,94.48912512218963,-3.9108748778103717,84.9,82.07236070381231,-2.827639296187698,101.0,95.46612903225807,-5.533870967741933,60.0,57.024193548387096,-2.975806451612904,41.3,36.59046920821115,-4.7095307917888505,33.4,31.227321603128054,-2.1726783968719445,39.5,37.34037145650049,-2.159628543499508
1244,F,163.5,53.5,0.0021109001245349646,7.750000804662704e-05,91.1,94.48912512218963,3.3891251221896397,71.0,82.07236070381231,11.072360703812308,92.0,95.46612903225807,3.466129032258067,53.2,57.024193548387096,3.8241935483870932,32.6,36.59046920821115,3.9904692082111453,27.1,31.227321603128054,4.127321603128053,37.8,37.34037145650049,-0.4596285434995053
414,F,159.4,52.5,0.0021109001245349646,7.750000804662704e-05,88.5,94.48912512218963,5.989125122189634,71.1,82.07236070381231,10.972360703812313,90.5,95.46612903225807,4.966129032258067,52.9,57.024193548387096,4.1241935483870975,37.3,36.59046920821115,-0.7095307917888505,26.6,31.227321603128054,4.627321603128053,35.1,37.34037145650049,2.2403714565004904
1010,M,175.8,80.3,0.0021109001245349646,7.750000804662704e-05,103.9,94.48912512218963,-9.410874877810372,86.4,82.07236070381231,-4.327639296187698,99.6,95.46612903225807,-4.133870967741927,61.8,57.024193548387096,-4.775806451612901,39.4,36.59046920821115,-2.809530791788852,35.2,31.227321603128054,-3.972678396871949,40.8,37.34037145650049,-3.4596285434995053
1261,F,169.6,65.9,0.0021109001245349646,7.750000804662704e-05,92.0,94.48912512218963,2.489125122189634,76.6,82.07236070381231,5.472360703812313,99.2,95.46612903225807,-3.733870967741936,62.5,57.024193548387096,-5.475806451612904,37.1,36.59046920821115,-0.5095307917888547,30.5,31.227321603128054,0.727321603128054,36.8,37.34037145650049,0.5403714565004947
3279,F,158.4,61.0,0.0021109001245349646,7.750000804662704e-05,90.0,94.48912512218963,4.489125122189634,83.3,82.07236070381231,-1.2276392961876894,97.3,95.46612903225807,-1.8338709677419303,59.9,57.024193548387096,-2.8758064516129025,36.0,36.59046920821115,0.5904692082111467,29.5,31.227321603128054,1.727321603128054,37.4,37.34037145650049,-0.05962854349950675
1090,F,157.1,44.2,0.0021109001245349646,7.750000804662704e-05,74.8,94.48912512218963,19.689125122189637,61.7,82.07236070381231,20.372360703812305,87.0,95.46612903225807,8.466129032258067,51.1,57.024193548387096,5.924193548387095,33.1,36.59046920821115,3.4904692082111453,26.2,31.227321603128054,5.027321603128055,33.9,37.34037145650049,3.4403714565004933
599,F,162.0,52.1,0.0021109001245349646,7.750000804662704e-05,83.6,94.48912512218963,10.88912512218964,70.4,82.07236070381231,11.672360703812302,94.4,95.46612903225807,1.0661290322580612,56.6,57.024193548387096,0.42419354838709467,34.2,36.59046920821115,2.390469208211144,27.0,31.227321603128054,4.227321603128054,34.4,37.34037145650049,2.9403714565004933
1485,M,184.4,76.2,0.0021109001245349646,7.750000804662704e-05,104.9,94.48912512218963,-10.410874877810372,81.4,82.07236070381231,0.6723607038123021,98.2,95.46612903225807,-2.733870967741936,58.0,57.024193548387096,-0.9758064516129039,35.9,36.59046920821115,0.6904692082111481,32.9,31.227321603128054,-1.6726783968719445,40.9,37.34037145650049,-3.5596285434995067
437,F,167.1,62.1,0.0021109001245349646,7.750000804662704e-05,87.3,94.48912512218963,7.189125122189637,72.3,82.07236070381231,9.77236070381231,99.8,95.46612903225807,-4.33387096774193,63.3,57.024193548387096,-6.275806451612901,38.4,36.59046920821115,-1.809530791788852,29.3,31.227321603128054,1.9273216031280533,33.7,37.34037145650049,3.640371456500489
4411,M,172.0,79.5,0.0021109001245349646,7.750000804662704e-05,105.6,94.48912512218963,-11.11087487781036,94.9,82.07236070381231,-12.827639296187698,101.2,95.46612903225807,-5.733870967741936,56.9,57.024193548387096,0.12419354838709751,39.5,36.59046920821115,-2.9095307917888533,34.9,31.227321603128054,-3.6726783968719445,39.4,37.34037145650049,-2.0596285434995067
1029,M,175.8,82.8,0.0021109001245349646,7.750000804662704e-05,106.5,94.48912512218963,-12.010874877810366,92.0,82.07236070381231,-9.927639296187692,100.8,95.46612903225807,-5.33387096774193,62.4,57.024193548387096,-5.3758064516129025,40.7,36.59046920821115,-4.109530791788856,39.2,31.227321603128054,-7.972678396871949,40.0,37.34037145650049,-2.659628543499508
3379,F,160.1,62.3,0.0021109001245349646,7.750000804662704e-05,92.0,94.48912512218963,2.489125122189634,87.0,82.07236070381231,-4.927639296187692,91.9,95.46612903225807,3.566129032258061,55.8,57.024193548387096,1.224193548387099,34.0,36.59046920821115,2.5904692082111467,30.5,31.227321603128054,0.727321603128054,35.0,37.34037145650049,2.340371456500492
290,F,164.9,51.5,0.0021109001245349646,7.750000804662704e-05,83.3,94.48912512218963,11.189125122189637,64.9,82.07236070381231,17.172360703812302,91.9,95.46612903225807,3.566129032258061,52.0,57.024193548387096,5.024193548387096,33.0,36.59046920821115,3.5904692082111467,25.4,31.227321603128054,5.8273216031280555,36.3,37.34037145650049,1.0403714565004947
544,M,164.2,75.0,0.0021109001245349646,7.750000804662704e-05,104.2,94.48912512218963,-9.710874877810369,96.7,82.07236070381231,-14.627639296187695,95.5,95.46612903225807,-0.0338709677419331,59.1,57.024193548387096,-2.0758064516129053,38.6,36.59046920821115,-2.0095307917888547,33.9,31.227321603128054,-2.6726783968719445,37.8,37.34037145650049,-0.4596285434995053
3121,F,161.6,54.9,0.0021109001245349646,7.750000804662704e-05,85.4,94.48912512218963,9.089125122189628,71.4,82.07236070381231,10.672360703812302,90.1,95.46612903225807,5.366129032258073,52.5,57.024193548387096,4.524193548387096,33.3,36.59046920821115,3.2904692082111495,27.9,31.227321603128054,3.3273216031280555,33.4,37.34037145650049,3.9403714565004933
252,F,164.9,49.5,0.0021109001245349646,7.750000804662704e-05,80.6,94.48912512218963,13.88912512218964,71.7,82.07236070381231,10.372360703812305,88.7,95.46612903225807,6.766129032258064,52.1,57.024193548387096,4.924193548387095,31.9,36.59046920821115,4.690469208211148,25.5,31.227321603128054,5.727321603128054,34.4,37.34037145650049,2.9403714565004933
831,M,166.4,72.9,0.0021109001245349646,7.750000804662704e-05,105.1,94.48912512218963,-10.61087487781036,81.9,82.07236070381231,0.17236070381230206,97.7,95.46612903225807,-2.233870967741936,59.7,57.024193548387096,-2.6758064516129068,36.9,36.59046920821115,-0.3095307917888519,35.7,31.227321603128054,-4.472678396871949,37.0,37.34037145650049,0.34037145650049183
3384,F,155.5,75.8,0.0021109001245349646,7.750000804662704e-05,98.2,94.48912512218963,-3.710874877810369,91.3,82.07236070381231,-9.22763929618769,107.4,95.46612903225807,-11.933870967741939,65.1,57.024193548387096,-8.075806451612898,40.2,36.59046920821115,-3.609530791788856,34.5,31.227321603128054,-3.272678396871946,37.1,37.34037145650049,0.2403714565004904
350,M,170.7,73.6,0.0021109001245349646,7.750000804662704e-05,97.7,94.48912512218963,-3.210874877810369,82.8,82.07236070381231,-0.7276392961876894,102.0,95.46612903225807,-6.533870967741933,59.5,57.024193548387096,-2.475806451612904,39.2,36.59046920821115,-2.609530791788856,32.0,31.227321603128054,-0.772678396871946,39.9,37.34037145650049,-2.5596285434995067
3592,M,169.2,72.5,0.0021109001245349646,7.750000804662704e-05,95.8,94.48912512218963,-1.3108748778103632,89.8,82.07236070381231,-7.727639296187689,99.8,95.46612903225807,-4.33387096774193,61.4,57.024193548387096,-4.3758064516129025,39.0,36.59046920821115,-2.4095307917888533,33.3,31.227321603128054,-2.072678396871943,39.8,37.34037145650049,-2.4596285434995053
346,M,166.0,63.5,0.0021109001245349646,7.750000804662704e-05,99.2,94.48912512218963,-4.710874877810369,81.1,82.07236070381231,0.9723607038123134,90.0,95.46612903225807,5.466129032258067,51.7,57.024193548387096,5.324193548387093,35.5,36.59046920821115,1.0904692082111467,30.8,31.227321603128054,0.42732160312805334,39.3,37.34037145650049,-1.9596285434995053
1879,F,159.3,75.3,0.0021109001245349646,7.750000804662704e-05,100.5,94.48912512218963,-6.010874877810366,91.5,82.07236070381231,-9.427639296187692,100.8,95.46612903225807,-5.33387096774193,63.9,57.024193548387096,-6.8758064516129025,40.9,36.59046920821115,-4.309530791788852,35.0,31.227321603128054,-3.772678396871946,38.2,37.34037145650049,-0.859628543499511
3386,M,167.9,70.1,0.0021109001245349646,7.750000804662704e-05,93.4,94.48912512218963,1.0891251221896283,85.4,82.07236070381231,-3.327639296187698,97.7,95.46612903225807,-2.233870967741936,59.3,57.024193548387096,-2.275806451612901,37.5,36.59046920821115,-0.9095307917888533,34.2,31.227321603128054,-2.972678396871949,37.3,37.34037145650049,0.040371456500494673
457,F,163.7,57.9,0.0021109001245349646,7.750000804662704e-05,89.6,94.48912512218963,4.88912512218964,72.3,82.07236070381231,9.77236070381231,93.5,95.46612903225807,1.966129032258067,59.2,57.024193548387096,-2.1758064516129068,33.1,36.59046920821115,3.4904692082111453,28.8,31.227321603128054,2.4273216031280533,37.0,37.34037145650049,0.34037145650049183
4772,F,163.5,53.5,0.0021109001245349646,7.750000804662704e-05,84.2,94.48912512218963,10.289125122189631,70.2,82.07236070381231,11.872360703812305,92.5,95.46612903225807,2.966129032258067,51.8,57.024193548387096,5.224193548387099,34.6,36.59046920821115,1.9904692082111453,27.3,31.227321603128054,3.9273216031280533,35.6,37.34037145650049,1.7403714565004904
530,M,185.4,89.2,0.0021109001245349646,7.750000804662704e-05,113.2,94.48912512218963,-18.71087487781037,90.2,82.07236070381231,-8.127639296187695,102.4,95.46612903225807,-6.933870967741939,61.2,57.024193548387096,-4.175806451612907,39.3,36.59046920821115,-2.7095307917888505,36.9,31.227321603128054,-5.6726783968719445,41.9,37.34037145650049,-4.559628543499507
90,M,183.7,94.2,0.0021109001245349646,7.750000804662704e-05,109.8,94.48912512218963,-15.310874877810363,96.0,82.07236070381231,-13.927639296187692,103.9,95.46612903225807,-8.433870967741939,65.1,57.024193548387096,-8.075806451612898,42.3,36.59046920821115,-5.7095307917888505,33.9,31.227321603128054,-2.6726783968719445,39.6,37.34037145650049,-2.2596285434995096
1672,M,164.7,87.7,0.0021109001245349646,7.750000804662704e-05,92.3,94.48912512218963,2.189125122189637,72.8,82.07236070381231,9.27236070381231,90.4,95.46612903225807,5.066129032258061,50.8,57.024193548387096,6.224193548387099,35.8,36.59046920821115,0.7904692082111495,30.2,31.227321603128054,1.0273216031280548,38.8,37.34037145650049,-1.4596285434995053
2822,F,164.5,58.1,0.0021109001245349646,7.750000804662704e-05,84.1,94.48912512218963,10.38912512218964,66.0,82.07236070381231,16.072360703812308,91.6,95.46612903225807,3.8661290322580726,56.2,57.024193548387096,0.8241935483870932,38.3,36.59046920821115,-1.7095307917888505,27.5,31.227321603128054,3.727321603128054,36.7,37.34037145650049,0.640371456500489
2388,M,161.4,67.2,0.0021109001245349646,7.750000804662704e-05,101.9,94.48912512218963,-7.410874877810372,88.7,82.07236070381231,-6.627639296187695,94.0,95.46612903225807,1.466129032258067,59.2,57.024193548387096,-2.1758064516129068,38.1,36.59046920821115,-1.5095307917888547,35.3,31.227321603128054,-4.072678396871943,39.5,37.34037145650049,-2.159628543499508
2664,F,159.2,59.4,0.0021109001245349646,7.750000804662704e-05,93.6,94.48912512218963,0.8891251221896397,76.1,82.07236070381231,5.972360703812313,96.1,95.46612903225807,-0.6338709677419274,57.8,57.024193548387096,-0.7758064516129011,35.1,36.59046920821115,1.4904692082111453,31.7,31.227321603128054,-0.47267839687194524,33.7,37.34037145650049,3.640371456500489
5085,M,168.5,71.9,0.0021109001245349646,7.750000804662704e-05,102.7,94.48912512218963,-8.210874877810369,89.6,82.07236070381231,-7.527639296187687,94.5,95.46612903225807,0.9661290322580669,57.9,57.024193548387096,-0.8758064516129025,38.2,36.59046920821115,-1.6095307917888562,32.4,31.227321603128054,-1.1726783968719445,40.1,37.34037145650049,-2.7596285434995096
26,F,156.1,47.0,0.0021109001245349646,7.750000804662704e-05,81.9,94.48912512218963,12.589125122189628,68.0,82.07236070381231,14.072360703812308,86.9,95.46612903225807,8.566129032258061,52.6,57.024193548387096,4.424193548387095,35.1,36.59046920821115,1.4904692082111453,26.6,31.227321603128054,4.627321603128053,35.7,37.34037145650049,1.640371456500489
1849,F,153.8,56.4,0.0021109001245349646,7.750000804662704e-05,88.3,94.48912512218963,6.189125122189637,81.2,82.07236070381231,0.8723607038123049,94.7,95.46612903225807,0.7661290322580641,58.2,57.024193548387096,-1.1758064516129068,34.9,36.59046920821115,1.690469208211148,28.5,31.227321603128054,2.727321603128054,35.7,37.34037145650049,1.640371456500489
4447,F,156.9,69.3,0.0021109001245349646,7.750000804662704e-05,94.3,94.48912512218963,0.18912512218963684,95.1,82.07236070381231,-13.027639296187687,107.0,95.46612903225807,-11.533870967741933,65.4,57.024193548387096,-8.37580645161291,37.0,36.59046920821115,-0.4095307917888533,33.9,31.227321603128054,-2.6726783968719445,35.2,37.34037145650049,2.140371456500489
724,F,176.0,68.5,0.0021109001245349646,7.750000804662704e-05,91.5,94.48912512218963,2.989125122189634,76.9,82.07236070381231,5.172360703812302,101.7,95.46612903225807,-6.233870967741936,59.9,57.024193548387096,-2.8758064516129025,36.8,36.59046920821115,-0.20953079178885048,30.8,31.227321603128054,0.42732160312805334,37.4,37.34037145650049,-0.05962854349950675
3253,F,173.0,66.9,0.0021109001245349646,7.750000804662704e-05,90.4,94.48912512218963,4.089125122189628,82.4,82.07236070381231,-0.32763929618769794,95.3,95.46612903225807,0.16612903225806974,53.1,57.024193548387096,3.9241935483870947,36.5,36.59046920821115,0.09046920821114668,29.2,31.227321603128054,2.0273216031280548,37.5,37.34037145650049,-0.15962854349950817
181,M,167.4,61.6,0.0021109001245349646,7.750000804662704e-05,98.7,94.48912512218963,-4.210874877810369,70.8,82.07236070381231,11.27236070381231,86.8,95.46612903225807,8.66612903225807,53.4,57.024193548387096,3.6241935483870975,36.6,36.59046920821115,-0.009530791788854742,30.9,31.227321603128054,0.32732160312805547,39.6,37.34037145650049,-2.2596285434995096
2505,M,172.8,75.1,0.0021109001245349646,7.750000804662704e-05,100.8,94.48912512218963,-6.310874877810363,99.3,82.07236070381231,-17.22763929618769,98.0,95.46612903225807,-2.533870967741933,55.7,57.024193548387096,1.3241935483870932,37.4,36.59046920821115,-0.8095307917888519,32.2,31.227321603128054,-0.9726783968719488,40.1,37.34037145650049,-2.7596285434995096
5082,F,163.5,65.9,0.0021109001245349646,7.750000804662704e-05,86.8,94.48912512218963,7.689125122189637,75.4,82.07236070381231,6.672360703812302,98.8,95.46612903225807,-3.3338709677419303,63.0,57.024193548387096,-5.975806451612904,41.5,36.59046920821115,-4.909530791788853,30.0,31.227321603128054,1.227321603128054,35.6,37.34037145650049,1.7403714565004904
1650,M,171.5,76.7,0.0021109001245349646,7.750000804662704e-05,105.1,94.48912512218963,-10.61087487781036,98.2,82.07236070381231,-16.127639296187695,99.7,95.46612903225807,-4.233870967741936,58.0,57.024193548387096,-0.9758064516129039,39.8,36.59046920821115,-3.2095307917888505,33.9,31.227321603128054,-2.6726783968719445,41.3,37.34037145650049,-3.9596285434995053
4528,M,175.8,78.0,0.0021109001245349646,7.750000804662704e-05,100.3,94.48912512218963,-5.810874877810363,94.1,82.07236070381231,-12.027639296187687,96.0,95.46612903225807,-0.5338709677419331,59.2,57.024193548387096,-2.1758064516129068,38.0,36.59046920821115,-1.4095307917888533,34.8,31.227321603128054,-3.572678396871943,39.6,37.34037145650049,-2.2596285434995096
3128,F,162.3,53.4,0.0021109001245349646,7.750000804662704e-05,85.0,94.48912512218963,9.489125122189634,71.5,82.07236070381231,10.572360703812308,91.8,95.46612903225807,3.6661290322580697,55.1,57.024193548387096,1.9241935483870947,34.3,36.59046920821115,2.2904692082111495,27.1,31.227321603128054,4.127321603128053,35.1,37.34037145650049,2.2403714565004904
2794,F,168.3,62.8,0.0021109001245349646,7.750000804662704e-05,93.8,94.48912512218963,0.6891251221896368,87.5,82.07236070381231,-5.427639296187692,100.3,95.46612903225807,-4.83387096774193,65.6,57.024193548387096,-8.575806451612898,36.7,36.59046920821115,-0.10953079178885616,31.6,31.227321603128054,-0.37267839687194737,38.1,37.34037145650049,-0.7596285434995096
3883,F,164.5,57.2,0.0021109001245349646,7.750000804662704e-05,84.5,94.48912512218963,9.989125122189634,73.7,82.07236070381231,8.372360703812305,96.5,95.46612903225807,-1.033870967741933,58.5,57.024193548387096,-1.475806451612904,33.8,36.59046920821115,2.7904692082111495,28.2,31.227321603128054,3.0273216031280548,35.5,37.34037145650049,1.8403714565004918
787,F,158.9,68.2,0.0021109001245349646,7.750000804662704e-05,97.4,94.48912512218963,-2.9108748778103717,82.8,82.07236070381231,-0.7276392961876894,104.2,95.46612903225807,-8.733870967741936,63.2,57.024193548387096,-6.175806451612907,40.7,36.59046920821115,-4.109530791788856,34.4,31.227321603128054,-3.1726783968719445,37.2,37.34037145650049,0.140371456500489
3471,F,157.1,56.2,0.0021109001245349646,7.750000804662704e-05,85.8,94.48912512218963,8.689125122189637,73.7,82.07236070381231,8.372360703812305,89.7,95.46612903225807,5.766129032258064,54.3,57.024193548387096,2.724193548387099,35.0,36.59046920821115,1.5904692082111467,28.5,31.227321603128054,2.727321603128054,33.6,37.34037145650049,3.7403714565004904
877,F,157.4,54.6,0.0021109001245349646,7.750000804662704e-05,85.5,94.48912512218963,8.989125122189634,78.1,82.07236070381231,3.9723607038123134,92.4,95.46612903225807,3.066129032258061,56.8,57.024193548387096,0.22419354838709893,35.0,36.59046920821115,1.5904692082111467,28.8,31.227321603128054,2.4273216031280533,32.4,37.34037145650049,4.940371456500493
4393,M,171.5,59.6,0.0021109001245349646,7.750000804662704e-05,93.2,94.48912512218963,1.2891251221896312,74.5,82.07236070381231,7.572360703812308,87.2,95.46612903225807,8.266129032258064,49.5,57.024193548387096,7.524193548387096,32.8,36.59046920821115,3.7904692082111495,30.2,31.227321603128054,1.0273216031280548,36.0,37.34037145650049,1.3403714565004918
2607,M,168.8,81.6,0.0021109001245349646,7.750000804662704e-05,105.0,94.48912512218963,-10.510874877810366,106.0,82.07236070381231,-23.927639296187692,98.7,95.46612903225807,-3.233870967741936,61.9,57.024193548387096,-4.8758064516129025,36.4,36.59046920821115,0.1904692082111481,34.8,31.227321603128054,-3.572678396871943,39.2,37.34037145650049,-1.859628543499511
4836,M,169.2,70.8,0.0021109001245349646,7.750000804662704e-05,98.7,94.48912512218963,-4.210874877810369,82.8,82.07236070381231,-0.7276392961876894,96.6,95.46612903225807,-1.1338709677419274,53.8,57.024193548387096,3.224193548387099,37.5,36.59046920821115,-0.9095307917888533,33.0,31.227321603128054,-1.772678396871946,37.4,37.34037145650049,-0.05962854349950675
3252,F,156.9,58.5,0.0021109001245349646,7.750000804662704e-05,90.8,94.48912512218963,3.689125122189637,83.0,82.07236070381231,-0.9276392961876923,93.1,95.46612903225807,2.3661290322580726,55.4,57.024193548387096,1.6241935483870975,33.7,36.59046920821115,2.890469208211144,28.3,31.227321603128054,2.9273216031280533,35.0,37.34037145650049,2.340371456500492
1197,M,176.6,80.2,0.0021109001245349646,7.750000804662704e-05,108.3,94.48912512218963,-13.810874877810363,87.5,82.07236070381231,-5.427639296187692,97.5,95.46612903225807,-2.033870967741933,58.5,57.024193548387096,-1.475806451612904,41.3,36.59046920821115,-4.7095307917888505,35.3,31.227321603128054,-4.072678396871943,42.8,37.34037145650049,-5.459628543499505
69,F,153.6,47.6,0.0021109001245349646,7.750000804662704e-05,80.6,94.48912512218963,13.88912512218964,68.4,82.07236070381231,13.672360703812302,87.9,95.46612903225807,7.566129032258061,50.2,57.024193548387096,6.824193548387093,35.1,36.59046920821115,1.4904692082111453,26.0,31.227321603128054,5.227321603128054,35.0,37.34037145650049,2.340371456500492
5002,M,169.3,74.4,0.0021109001245349646,7.750000804662704e-05,103.4,94.48912512218963,-8.910874877810372,94.5,82.07236070381231,-12.427639296187692,98.8,95.46612903225807,-3.3338709677419303,55.5,57.024193548387096,1.524193548387096,39.2,36.59046920821115,-2.609530791788856,31.9,31.227321603128054,-0.6726783968719445,37.2,37.34037145650049,0.140371456500489
4292,F,160.0,59.8,0.0021109001245349646,7.750000804662704e-05,88.8,94.48912512218963,5.689125122189637,76.1,82.07236070381231,5.972360703812313,96.4,95.46612903225807,-0.9338709677419388,55.1,57.024193548387096,1.9241935483870947,35.7,36.59046920821115,0.8904692082111438,28.9,31.227321603128054,2.3273216031280555,37.9,37.34037145650049,-0.5596285434995067
2997,F,159.4,54.0,0.0021109001245349646,7.750000804662704e-05,86.7,94.48912512218963,7.789125122189631,78.1,82.07236070381231,3.9723607038123134,88.5,95.46612903225807,6.966129032258067,49.5,57.024193548387096,7.524193548387096,33.8,36.59046920821115,2.7904692082111495,27.8,31.227321603128054,3.4273216031280533,32.8,37.34037145650049,4.540371456500495
4211,M,171.5,63.6,0.0021109001245349646,7.750000804662704e-05,96.7,94.48912512218963,-2.210874877810369,74.4,82.07236070381231,7.672360703812302,91.0,95.46612903225807,4.466129032258067,53.2,57.024193548387096,3.8241935483870932,36.4,36.59046920821115,0.1904692082111481,32.7,31.227321603128054,-1.4726783968719488,40.4,37.34037145650049,-3.0596285434995067
3784,F,166.7,64.5,0.0021109001245349646,7.750000804662704e-05,88.4,94.48912512218963,6.089125122189628,78.4,82.07236070381231,3.672360703812302,100.8,95.46612903225807,-5.33387096774193,58.9,57.024193548387096,-1.8758064516129025,36.4,36.59046920821115,0.1904692082111481,28.7,31.227321603128054,2.5273216031280548,36.5,37.34037145650049,0.8403714565004918
2944,M,173.7,70.5,0.0021109001245349646,7.750000804662704e-05,96.3,94.48912512218963,-1.8108748778103632,84.1,82.07236070381231,-2.0276392961876866,94.4,95.46612903225807,1.0661290322580612,58.1,57.024193548387096,-1.0758064516129053,36.9,36.59046920821115,-0.3095307917888519,30.3,31.227321603128054,0.9273216031280533,39.9,37.34037145650049,-2.5596285434995067
387,F,159.4,65.0,0.0021109001245349646,7.750000804662704e-05,96.3,94.48912512218963,-1.8108748778103632,82.9,82.07236070381231,-0.8276392961876979,96.8,95.46612903225807,-1.3338709677419303,61.4,57.024193548387096,-4.3758064516129025,37.8,36.59046920821115,-1.2095307917888505,33.0,31.227321603128054,-1.772678396871946,37.7,37.34037145650049,-0.359628543499511
3137,F,156.0,52.0,0.0021109001245349646,7.750000804662704e-05,82.4,94.48912512218963,12.089125122189628,75.5,82.07236070381231,6.572360703812308,90.5,95.46612903225807,4.966129032258067,53.0,57.024193548387096,4.024193548387096,36.5,36.59046920821115,0.09046920821114668,26.9,31.227321603128054,4.3273216031280555,33.6,37.34037145650049,3.7403714565004904
1784,M,167.6,59.0,0.0021109001245349646,7.750000804662704e-05,89.9,94.48912512218963,4.589125122189628,81.0,82.07236070381231,1.0723607038123077,88.6,95.46612903225807,6.866129032258073,50.5,57.024193548387096,6.524193548387096,34.3,36.59046920821115,2.2904692082111495,32.2,31.227321603128054,-0.9726783968719488,39.5,37.34037145650049,-2.159628543499508
2990,F,164.1,55.4,0.0021109001245349646,7.750000804662704e-05,86.0,94.48912512218963,8.489125122189634,75.0,82.07236070381231,7.072360703812308,92.2,95.46612903225807,3.266129032258064,52.8,57.024193548387096,4.224193548387099,36.7,36.59046920821115,-0.10953079178885616,29.4,31.227321603128054,1.8273216031280555,34.5,37.34037145650049,2.840371456500492
4688,F,157.5,64.5,0.0021109001245349646,7.750000804662704e-05,96.6,94.48912512218963,-2.1108748778103603,86.0,82.07236070381231,-3.9276392961876923,97.8,95.46612903225807,-2.3338709677419303,55.8,57.024193548387096,1.224193548387099,36.9,36.59046920821115,-0.3095307917888519,31.8,31.227321603128054,-0.5726783968719467,35.6,37.34037145650049,1.7403714565004904
4714,F,156.7,53.4,0.0021109001245349646,7.750000804662704e-05,85.0,94.48912512218963,9.489125122189634,75.0,82.07236070381231,7.072360703812308,90.5,95.46612903225807,4.966129032258067,52.9,57.024193548387096,4.1241935483870975,35.5,36.59046920821115,1.0904692082111467,28.7,31.227321603128054,2.5273216031280548,36.4,37.34037145650049,0.9403714565004933
3752,M,170.0,63.4,0.0021109001245349646,7.750000804662704e-05,89.2,94.48912512218963,5.289125122189631,84.2,82.07236070381231,-2.127639296187695,92.0,95.46612903225807,3.466129032258067,50.0,57.024193548387096,7.024193548387096,34.5,36.59046920821115,2.0904692082111467,27.6,31.227321603128054,3.6273216031280526,37.4,37.34037145650049,-0.05962854349950675
221,M,178.8,81.5,0.0021109001245349646,7.750000804662704e-05,101.0,94.48912512218963,-6.510874877810366,79.0,82.07236070381231,3.0723607038123077,100.1,95.46612903225807,-4.633870967741927,62.6,57.024193548387096,-5.575806451612905,42.2,36.59046920821115,-5.609530791788856,34.6,31.227321603128054,-3.3726783968719474,42.0,37.34037145650049,-4.659628543499508
4678,F,153.6,53.6,0.0021109001245349646,7.750000804662704e-05,87.2,94.48912512218963,7.289125122189631,78.7,82.07236070381231,3.372360703812305,92.7,95.46612903225807,2.766129032258064,53.6,57.024193548387096,3.4241935483870947,33.3,36.59046920821115,3.2904692082111495,27.6,31.227321603128054,3.6273216031280526,34.7,37.34037145650049,2.640371456500489
677,M,171.9,55.9,0.0021109001245349646,7.750000804662704e-05,86.7,94.48912512218963,7.789125122189631,69.9,82.07236070381231,12.172360703812302,86.3,95.46612903225807,9.16612903225807,48.0,57.024193548387096,9.024193548387096,34.0,36.59046920821115,2.5904692082111467,25.0,31.227321603128054,6.227321603128054,39.2,37.34037145650049,-1.859628543499511
642,F,164.4,53.4,0.0021109001245349646,7.750000804662704e-05,88.0,94.48912512218963,6.489125122189634,66.9,82.07236070381231,15.172360703812302,90.2,95.46612903225807,5.266129032258064,51.9,57.024193548387096,5.1241935483870975,33.7,36.59046920821115,2.890469208211144,27.5,31.227321603128054,3.727321603128054,38.7,37.34037145650049,-1.359628543499511
3935,M,177.0,72.9,0.0021109001245349646,7.750000804662704e-05,100.1,94.48912512218963,-5.61087487781036,83.0,82.07236070381231,-0.9276392961876923,97.6,95.46612903225807,-2.1338709677419274,57.3,57.024193548387096,-0.27580645161290107,36.8,36.59046920821115,-0.20953079178885048,31.0,31.227321603128054,0.22732160312805405,40.3,37.34037145650049,-2.9596285434995053
626,F,164.9,64.9,0.0021109001245349646,7.750000804662704e-05,94.1,94.48912512218963,0.3891251221896397,81.7,82.07236070381231,0.3723607038123049,101.0,95.46612903225807,-5.533870967741933,60.3,57.024193548387096,-3.275806451612901,38.5,36.59046920821115,-1.9095307917888533,30.1,31.227321603128054,1.1273216031280526,35.8,37.34037145650049,1.5403714565004947
2846,F,155.2,62.7,0.0021109001245349646,7.750000804662704e-05,95.2,94.48912512218963,-0.7108748778103688,91.1,82.07236070381231,-9.027639296187687,99.9,95.46612903225807,-4.433870967741939,61.1,57.024193548387096,-4.075806451612905,34.3,36.59046920821115,2.2904692082111495,30.0,31.227321603128054,1.227321603128054,35.5,37.34037145650049,1.8403714565004918
1532,M,180.8,79.0,0.0021109001245349646,7.750000804662704e-05,103.9,94.48912512218963,-9.410874877810372,82.1,82.07236070381231,-0.02763929618768657,99.8,95.46612903225807,-4.33387096774193,58.3,57.024193548387096,-1.275806451612901,37.4,36.59046920821115,-0.8095307917888519,35.6,31.227321603128054,-4.372678396871947,40.8,37.34037145650049,-3.4596285434995053
2346,F,153.4,64.4,0.0021109001245349646,7.750000804662704e-05,93.3,94.48912512218963,1.1891251221896368,90.9,82.07236070381231,-8.827639296187698,98.7,95.46612903225807,-3.233870967741936,55.2,57.024193548387096,1.8241935483870932,38.3,36.59046920821115,-1.7095307917888505,31.2,31.227321603128054,0.02732160312805476,32.6,37.34037145650049,4.74037145650049
4077,F,155.0,82.2,0.0021109001245349646,7.750000804662704e-05,98.8,94.48912512218963,-4.310874877810363,99.2,82.07236070381231,-17.127639296187695,106.2,95.46612903225807,-10.733870967741936,72.5,57.024193548387096,-15.475806451612904,44.2,36.59046920821115,-7.609530791788856,35.6,31.227321603128054,-4.372678396871947,34.4,37.34037145650049,2.9403714565004933
177,M,160.1,68.2,0.0021109001245349646,7.750000804662704e-05,96.5,94.48912512218963,-2.010874877810366,82.8,82.07236070381231,-0.7276392961876894,96.5,95.46612903225807,-1.033870967741933,60.0,57.024193548387096,-2.975806451612904,38.1,36.59046920821115,-1.5095307917888547,33.8,31.227321603128054,-2.572678396871943,38.8,37.34037145650049,-1.4596285434995053
1831,F,156.3,55.4,0.0021109001245349646,7.750000804662704e-05,88.9,94.48912512218963,5.589125122189628,79.4,82.07236070381231,2.672360703812302,94.0,95.46612903225807,1.466129032258067,60.6,57.024193548387096,-3.5758064516129053,35.1,36.59046920821115,1.4904692082111453,29.2,31.227321603128054,2.0273216031280548,35.3,37.34037145650049,2.0403714565004947
2399,F,144.1,40.5,0.0021109001245349646,7.750000804662704e-05,78.8,94.48912512218963,15.689125122189637,76.3,82.07236070381231,5.772360703812311,79.9,95.46612903225807,15.566129032258061,50.6,57.024193548387096,6.424193548387095,31.1,36.59046920821115,5.490469208211145,26.0,31.227321603128054,5.227321603128054,32.2,37.34037145650049,5.140371456500489
734,F,160.6,48.6,0.0021109001245349646,7.750000804662704e-05,82.2,94.48912512218963,12.289125122189631,65.7,82.07236070381231,16.372360703812305,87.4,95.46612903225807,8.066129032258061,52.3,57.024193548387096,4.724193548387099,34.6,36.59046920821115,1.9904692082111453,26.7,31.227321603128054,4.527321603128055,34.5,37.34037145650049,2.840371456500492
1730,M,165.3,59.5,0.0021109001245349646,7.750000804662704e-05,98.6,94.48912512218963,-4.11087487781036,85.4,82.07236070381231,-3.327639296187698,87.7,95.46612903225807,7.766129032258064,50.0,57.024193548387096,7.024193548387096,33.5,36.59046920821115,3.0904692082111467,30.5,31.227321603128054,0.727321603128054,40.0,37.34037145650049,-2.659628543499508
3638,F,156.6,46.7,0.0021109001245349646,7.750000804662704e-05,76.7,94.48912512218963,17.78912512218963,64.3,82.07236070381231,17.77236070381231,90.3,95.46612903225807,5.16612903225807,54.5,57.024193548387096,2.524193548387096,33.4,36.59046920821115,3.190469208211148,24.2,31.227321603128054,7.027321603128055,32.6,37.34037145650049,4.74037145650049
2715,M,172.0,83.2,0.0021109001245349646,7.750000804662704e-05,108.2,94.48912512218963,-13.710874877810369,102.9,82.07236070381231,-20.827639296187698,102.9,95.46612903225807,-7.433870967741939,64.1,57.024193548387096,-7.075806451612898,37.8,36.59046920821115,-1.2095307917888505,36.9,31.227321603128054,-5.6726783968719445,41.9,37.34037145650049,-4.559628543499507
4900,M,171.5,96.9,0.0021109001245349646,7.750000804662704e-05,112.2,94.48912512218963,-17.71087487781037,101.5,82.07236070381231,-19.427639296187692,111.0,95.46612903225807,-15.533870967741933,70.8,57.024193548387096,-13.775806451612901,45.1,36.59046920821115,-8.509530791788855,37.6,31.227321603128054,-6.372678396871947,40.3,37.34037145650049,-2.9596285434995053
1362,M,171.0,71.4,0.0021109001245349646,7.750000804662704e-05,98.1,94.48912512218963,-3.6108748778103603,80.2,82.07236070381231,1.872360703812305,98.0,95.46612903225807,-2.533870967741933,60.6,57.024193548387096,-3.5758064516129053,39.4,36.59046920821115,-2.809530791788852,31.9,31.227321603128054,-0.6726783968719445,41.9,37.34037145650049,-4.559628543499507
3428,M,169.7,78.5,0.0021109001245349646,7.750000804662704e-05,102.0,94.48912512218963,-7.510874877810366,96.1,82.07236070381231,-14.027639296187687,99.6,95.46612903225807,-4.133870967741927,56.2,57.024193548387096,0.8241935483870932,39.2,36.59046920821115,-2.609530791788856,32.4,31.227321603128054,-1.1726783968719445,39.8,37.34037145650049,-2.4596285434995053
4153,F,155.0,53.9,0.0021109001245349646,7.750000804662704e-05,90.6,94.48912512218963,3.8891251221896397,82.3,82.07236070381231,-0.2276392961876894,88.0,95.46612903225807,7.466129032258067,44.5,57.024193548387096,12.524193548387096,33.4,36.59046920821115,3.190469208211148,26.2,31.227321603128054,5.027321603128055,36.3,37.34037145650049,1.0403714565004947
3499,M,170.2,65.4,0.0021109001245349646,7.750000804662704e-05,93.4,94.48912512218963,1.0891251221896283,77.9,82.07236070381231,4.172360703812302,94.9,95.46612903225807,0.5661290322580612,56.1,57.024193548387096,0.9241935483870947,36.9,36.59046920821115,-0.3095307917888519,30.5,31.227321603128054,0.727321603128054,39.1,37.34037145650049,-1.7596285434995096
911,F,164.6,53.7,0.0021109001245349646,7.750000804662704e-05,84.0,94.48912512218963,10.489125122189634,71.3,82.07236070381231,10.77236070381231,92.7,95.46612903225807,2.766129032258064,54.1,57.024193548387096,2.9241935483870947,35.0,36.59046920821115,1.5904692082111467,26.3,31.227321603128054,4.927321603128053,35.8,37.34037145650049,1.5403714565004947
1983,M,182.0,98.8,0.0021109001245349646,7.750000804662704e-05,111.5,94.48912512218963,-17.010874877810366,100.8,82.07236070381231,-18.72763929618769,111.0,95.46612903225807,-15.533870967741933,67.5,57.024193548387096,-10.475806451612904,46.4,36.59046920821115,-9.809530791788852,37.6,31.227321603128054,-6.372678396871947,43.6,37.34037145650049,-6.25962854349951
1837,F,150.0,45.8,0.0021109001245349646,7.750000804662704e-05,80.5,94.48912512218963,13.989125122189634,71.3,82.07236070381231,10.77236070381231,86.9,95.46612903225807,8.566129032258061,54.8,57.024193548387096,2.224193548387099,32.4,36.59046920821115,4.190469208211148,26.6,31.227321603128054,4.627321603128053,34.1,37.34037145650049,3.2403714565004904
828,M,182.2,86.3,0.0021109001245349646,7.750000804662704e-05,108.5,94.48912512218963,-14.010874877810366,95.4,82.07236070381231,-13.327639296187698,101.3,95.46612903225807,-5.83387096774193,57.8,57.024193548387096,-0.7758064516129011,40.5,36.59046920821115,-3.9095307917888533,33.3,31.227321603128054,-2.072678396871943,41.4,37.34037145650049,-4.059628543499507
3834,M,174.0,78.6,0.0021109001245349646,7.750000804662704e-05,104.4,94.48912512218963,-9.910874877810372,89.0,82.07236070381231,-6.927639296187692,102.9,95.46612903225807,-7.433870967741939,61.5,57.024193548387096,-4.475806451612904,39.7,36.59046920821115,-3.109530791788856,32.0,31.227321603128054,-0.772678396871946,38.1,37.34037145650049,-0.7596285434995096
577,F,156.9,59.2,0.0021109001245349646,7.750000804662704e-05,90.0,94.48912512218963,4.489125122189634,75.8,82.07236070381231,6.272360703812311,96.8,95.46612903225807,-1.3338709677419303,64.1,57.024193548387096,-7.075806451612898,36.1,36.59046920821115,0.49046920821114526,30.4,31.227321603128054,0.8273216031280555,35.7,37.34037145650049,1.640371456500489
3189,M,165.0,88.7,0.0021109001245349646,7.750000804662704e-05,105.1,94.48912512218963,-10.61087487781036,104.3,82.07236070381231,-22.22763929618769,108.2,95.46612903225807,-12.733870967741936,68.0,57.024193548387096,-10.975806451612904,40.0,36.59046920821115,-3.4095307917888533,36.2,31.227321603128054,-4.972678396871949,37.5,37.34037145650049,-0.15962854349950817
2743,F,158.5,60.5,0.0021109001245349646,7.750000804662704e-05,92.3,94.48912512218963,2.189125122189637,84.8,82.07236070381231,-2.7276392961876894,95.9,95.46612903225807,-0.4338709677419388,63.1,57.024193548387096,-6.075806451612905,35.6,36.59046920821115,0.9904692082111453,30.5,31.227321603128054,0.727321603128054,36.5,37.34037145650049,0.8403714565004918
4183,M,177.0,74.8,0.0021109001245349646,7.750000804662704e-05,99.7,94.48912512218963,-5.210874877810369,86.0,82.07236070381231,-3.9276392961876923,94.2,95.46612903225807,1.266129032258064,59.4,57.024193548387096,-2.3758064516129025,38.5,36.59046920821115,-1.9095307917888533,34.9,31.227321603128054,-3.6726783968719445,39.5,37.34037145650049,-2.159628543499508
2186,F,161.6,90.3,0.0021109001245349646,7.750000804662704e-05,110.3,94.48912512218963,-15.810874877810363,114.0,82.07236070381231,-31.927639296187692,114.3,95.46612903225807,-18.83387096774193,63.8,57.024193548387096,-6.775806451612901,40.5,36.59046920821115,-3.9095307917888533,36.3,31.227321603128054,-5.072678396871943,39.4,37.34037145650049,-2.0596285434995067
219,M,177.2,73.4,0.0021109001245349646,7.750000804662704e-05,95.5,94.48912512218963,-1.010874877810366,84.5,82.07236070381231,-2.4276392961876923,98.7,95.46612903225807,-3.233870967741936,57.9,57.024193548387096,-0.8758064516129025,39.3,36.59046920821115,-2.7095307917888505,33.2,31.227321603128054,-1.9726783968719488,39.7,37.34037145650049,-2.359628543499511
2138,F,154.4,56.6,0.0021109001245349646,7.750000804662704e-05,92.2,94.48912512218963,2.289125122189631,73.3,82.07236070381231,8.77236070381231,95.4,95.46612903225807,0.06612903225806122,59.2,57.024193548387096,-2.1758064516129068,35.2,36.59046920821115,1.3904692082111438,30.8,31.227321603128054,0.42732160312805334,35.1,37.34037145650049,2.2403714565004904
4819,M,172.5,79.2,0.0021109001245349646,7.750000804662704e-05,107.6,94.48912512218963,-13.11087487781036,102.8,82.07236070381231,-20.72763929618769,96.1,95.46612903225807,-0.6338709677419274,56.2,57.024193548387096,0.8241935483870932,35.2,36.59046920821115,1.3904692082111438,32.2,31.227321603128054,-0.9726783968719488,38.4,37.34037145650049,-1.0596285434995067
2311,F,163.0,72.8,0.0021109001245349646,7.750000804662704e-05,96.5,94.48912512218963,-2.010874877810366,88.4,82.07236070381231,-6.327639296187698,102.2,95.46612903225807,-6.733870967741936,67.0,57.024193548387096,-9.975806451612904,39.0,36.59046920821115,-2.4095307917888533,31.6,31.227321603128054,-0.37267839687194737,36.8,37.34037145650049,0.5403714565004947
2600,M,170.1,75.2,0.0021109001245349646,7.750000804662704e-05,104.3,94.48912512218963,-9.810874877810363,94.9,82.07236070381231,-12.827639296187698,95.3,95.46612903225807,0.16612903225806974,57.2,57.024193548387096,-0.17580645161290676,38.5,36.59046920821115,-1.9095307917888533,32.6,31.227321603128054,-1.3726783968719474,39.9,37.34037145650049,-2.5596285434995067
43,F,158.6,58.8,0.0021109001245349646,7.750000804662704e-05,93.1,94.48912512218963,1.3891251221896397,81.2,82.07236070381231,0.8723607038123049,92.0,95.46612903225807,3.466129032258067,54.7,57.024193548387096,2.3241935483870932,35.6,36.59046920821115,0.9904692082111453,32.9,31.227321603128054,-1.6726783968719445,36.2,37.34037145650049,1.140371456500489
210,M,170.0,61.0,0.0021109001245349646,7.750000804662704e-05,91.8,94.48912512218963,2.689125122189637,72.8,82.07236070381231,9.27236070381231,92.5,95.46612903225807,2.966129032258067,55.2,57.024193548387096,1.8241935483870932,37.0,36.59046920821115,-0.4095307917888533,30.8,31.227321603128054,0.42732160312805334,38.2,37.34037145650049,-0.859628543499511
4139,F,165.0,63.3,0.0021109001245349646,7.750000804662704e-05,88.0,94.48912512218963,6.489125122189634,77.2,82.07236070381231,4.872360703812305,100.4,95.46612903225807,-4.933870967741939,60.8,57.024193548387096,-3.775806451612901,38.9,36.59046920821115,-2.309530791788852,31.0,31.227321603128054,0.22732160312805405,35.5,37.34037145650049,1.8403714565004918
354,M,166.5,49.3,0.0021109001245349646,7.750000804662704e-05,85.7,94.48912512218963,8.789125122189631,69.1,82.07236070381231,12.972360703812313,82.0,95.46612903225807,13.466129032258067,46.2,57.024193548387096,10.824193548387093,31.4,36.59046920821115,5.190469208211148,27.2,31.227321603128054,4.027321603128055,39.9,37.34037145650049,-2.5596285434995067
1055,F,167.0,61.5,0.0021109001245349646,7.750000804662704e-05,88.8,94.48912512218963,5.689125122189637,74.0,82.07236070381231,8.072360703812308,102.5,95.46612903225807,-7.033870967741933,60.1,57.024193548387096,-3.0758064516129053,37.1,36.59046920821115,-0.5095307917888547,28.4,31.227321603128054,2.8273216031280555,36.7,37.34037145650049,0.640371456500489
584,F,162.4,55.6,0.0021109001245349646,7.750000804662704e-05,89.1,94.48912512218963,5.38912512218964,67.4,82.07236070381231,14.672360703812302,90.2,95.46612903225807,5.266129032258064,57.2,57.024193548387096,-0.17580645161290676,37.4,36.59046920821115,-0.8095307917888519,28.0,31.227321603128054,3.227321603128054,37.8,37.34037145650049,-0.4596285434995053
4338,M,172.8,68.5,0.0021109001245349646,7.750000804662704e-05,99.0,94.48912512218963,-4.510874877810366,84.5,82.07236070381231,-2.4276392961876923,95.5,95.46612903225807,-0.0338709677419331,52.9,57.024193548387096,4.1241935483870975,38.1,36.59046920821115,-1.5095307917888547,31.1,31.227321603128054,0.12732160312805263,41.0,37.34037145650049,-3.659628543499508
3139,F,156.6,63.2,0.0021109001245349646,7.750000804662704e-05,96.2,94.48912512218963,-1.7108748778103688,84.4,82.07236070381231,-2.327639296187698,95.3,95.46612903225807,0.16612903225806974,53.3,57.024193548387096,3.724193548387099,35.2,36.59046920821115,1.3904692082111438,28.5,31.227321603128054,2.727321603128054,37.0,37.34037145650049,0.34037145650049183
367,M,173.6,67.9,0.0021109001245349646,7.750000804662704e-05,97.1,94.48912512218963,-2.6108748778103603,79.8,82.07236070381231,2.2723607038123106,95.5,95.46612903225807,-0.0338709677419331,55.1,57.024193548387096,1.9241935483870947,38.0,36.59046920821115,-1.4095307917888533,30.7,31.227321603128054,0.5273216031280548,41.0,37.34037145650049,-3.659628543499508
2890,F,156.5,51.7,0.0021109001245349646,7.750000804662704e-05,87.3,94.48912512218963,7.189125122189637,73.2,82.07236070381231,8.872360703812305,93.0,95.46612903225807,2.466129032258067,55.7,57.024193548387096,1.3241935483870932,33.2,36.59046920821115,3.390469208211144,27.5,31.227321603128054,3.727321603128054,32.5,37.34037145650049,4.840371456500492
3871,F,164.7,50.7,0.0021109001245349646,7.750000804662704e-05,84.9,94.48912512218963,9.589125122189628,73.4,82.07236070381231,8.672360703812302,90.2,95.46612903225807,5.266129032258064,52.1,57.024193548387096,4.924193548387095,31.0,36.59046920821115,5.590469208211147,27.3,31.227321603128054,3.9273216031280533,36.0,37.34037145650049,1.3403714565004918
3805,F,157.5,58.7,0.0021109001245349646,7.750000804662704e-05,88.8,94.48912512218963,5.689125122189637,79.2,82.07236070381231,2.872360703812305,95.0,95.46612903225807,0.4661290322580669,56.6,57.024193548387096,0.42419354838709467,34.6,36.59046920821115,1.9904692082111453,29.5,31.227321603128054,1.727321603128054,34.8,37.34037145650049,2.5403714565004947
135,F,161.5,56.6,0.0021109001245349646,7.750000804662704e-05,83.5,94.48912512218963,10.989125122189634,71.7,82.07236070381231,10.372360703812305,94.0,95.46612903225807,1.466129032258067,57.1,57.024193548387096,-0.07580645161290533,37.0,36.59046920821115,-0.4095307917888533,29.7,31.227321603128054,1.5273216031280548,35.9,37.34037145650049,1.4403714565004933
3649,F,163.7,61.0,0.0021109001245349646,7.750000804662704e-05,93.4,94.48912512218963,1.0891251221896283,79.7,82.07236070381231,2.372360703812305,95.8,95.46612903225807,-0.33387096774193026,56.1,57.024193548387096,0.9241935483870947,35.5,36.59046920821115,1.0904692082111467,28.4,31.227321603128054,2.8273216031280555,37.5,37.34037145650049,-0.15962854349950817
47,F,164.8,49.3,0.0021109001245349646,7.750000804662704e-05,83.9,94.48912512218963,10.589125122189628,64.0,82.07236070381231,18.072360703812308,89.2,95.46612903225807,6.266129032258064,53.7,57.024193548387096,3.3241935483870932,32.7,36.59046920821115,3.890469208211144,26.4,31.227321603128054,4.8273216031280555,36.1,37.34037145650049,1.2403714565004904
2323,F,153.2,59.0,0.0021109001245349646,7.750000804662704e-05,91.4,94.48912512218963,3.0891251221896283,88.8,82.07236070381231,-6.727639296187689,94.8,95.46612903225807,0.6661290322580697,59.2,57.024193548387096,-2.1758064516129068,33.3,36.59046920821115,3.2904692082111495,31.5,31.227321603128054,-0.27267839687194595,34.5,37.34037145650049,2.840371456500492
2955,M,172.1,80.5,0.0021109001245349646,7.750000804662704e-05,106.2,94.48912512218963,-11.710874877810369,88.2,82.07236070381231,-6.127639296187695,98.0,95.46612903225807,-2.533870967741933,61.5,57.024193548387096,-4.475806451612904,39.3,36.59046920821115,-2.7095307917888505,36.5,31.227321603128054,-5.272678396871946,41.2,37.34037145650049,-3.859628543499511
4259,F,164.8,52.8,0.0021109001245349646,7.750000804662704e-05,83.6,94.48912512218963,10.88912512218964,74.9,82.07236070381231,7.172360703812302,91.7,95.46612903225807,3.766129032258064,52.4,57.024193548387096,4.6241935483870975,32.9,36.59046920821115,3.690469208211148,27.2,31.227321603128054,4.027321603128055,35.3,37.34037145650049,2.0403714565004947
3123,F,166.4,61.6,0.0021109001245349646,7.750000804662704e-05,90.2,94.48912512218963,4.289125122189631,80.3,82.07236070381231,1.7723607038123106,94.5,95.46612903225807,0.9661290322580669,54.6,57.024193548387096,2.4241935483870947,35.3,36.59046920821115,1.2904692082111495,29.6,31.227321603128054,1.6273216031280526,35.6,37.34037145650049,1.7403714565004904
4454,F,152.8,62.5,0.0021109001245349646,7.750000804662704e-05,95.1,94.48912512218963,-0.6108748778103603,88.9,82.07236070381231,-6.827639296187698,95.8,95.46612903225807,-0.33387096774193026,55.7,57.024193548387096,1.3241935483870932,35.0,36.59046920821115,1.5904692082111467,31.1,31.227321603128054,0.12732160312805263,34.5,37.34037145650049,2.840371456500492
3064,M,174.3,74.2,0.0021109001245349646,7.750000804662704e-05,102.2,94.48912512218963,-7.710874877810369,82.8,82.07236070381231,-0.7276392961876894,97.7,95.46612903225807,-2.233870967741936,60.2,57.024193548387096,-3.1758064516129068,36.8,36.59046920821115,-0.20953079178885048,32.2,31.227321603128054,-0.9726783968719488,40.4,37.34037145650049,-3.0596285434995067
4950,M,161.3,78.8,0.0021109001245349646,7.750000804662704e-05,100.9,94.48912512218963,-6.410874877810372,96.2,82.07236070381231,-14.127639296187695,102.3,95.46612903225807,-6.83387096774193,59.3,57.024193548387096,-2.275806451612901,41.0,36.59046920821115,-4.409530791788853,34.0,31.227321603128054,-2.772678396871946,36.4,37.34037145650049,0.9403714565004933
61,F,156.4,45.1,0.0021109001245349646,7.750000804662704e-05,81.3,94.48912512218963,13.189125122189637,66.0,82.07236070381231,16.072360703812308,86.0,95.46612903225807,9.466129032258067,49.8,57.024193548387096,7.224193548387099,30.8,36.59046920821115,5.790469208211146,27.5,31.227321603128054,3.727321603128054,35.2,37.34037145650049,2.140371456500489
3838,M,171.7,66.2,0.0021109001245349646,7.750000804662704e-05,101.1,94.48912512218963,-6.61087487781036,81.2,82.07236070381231,0.8723607038123049,91.9,95.46612903225807,3.566129032258061,55.2,57.024193548387096,1.8241935483870932,34.0,36.59046920821115,2.5904692082111467,31.2,31.227321603128054,0.02732160312805476,41.1,37.34037145650049,-3.7596285434995096
3706,M,175.1,64.2,0.0021109001245349646,7.750000804662704e-05,91.5,94.48912512218963,2.989125122189634,81.3,82.07236070381231,0.7723607038123106,93.0,95.46612903225807,2.466129032258067,52.7,57.024193548387096,4.324193548387093,34.4,36.59046920821115,2.190469208211148,30.0,31.227321603128054,1.227321603128054,41.4,37.34037145650049,-4.059628543499507
95,M,172.7,63.7,0.0021109001245349646,7.750000804662704e-05,94.7,94.48912512218963,-0.21087487781036884,77.7,82.07236070381231,4.372360703812305,92.4,95.46612903225807,3.066129032258061,54.7,57.024193548387096,2.3241935483870932,36.5,36.59046920821115,0.09046920821114668,30.5,31.227321603128054,0.727321603128054,40.8,37.34037145650049,-3.4596285434995053
478,M,170.1,75.1,0.0021109001245349646,7.750000804662704e-05,107.5,94.48912512218963,-13.010874877810366,83.6,82.07236070381231,-1.5276392961876866,96.6,95.46612903225807,-1.1338709677419274,59.8,57.024193548387096,-2.775806451612901,39.8,36.59046920821115,-3.2095307917888505,36.2,31.227321603128054,-4.972678396871949,40.9,37.34037145650049,-3.5596285434995067
1818,M,162.0,75.0,0.0021109001245349646,7.750000804662704e-05,108.7,94.48912512218963,-14.210874877810369,98.5,82.07236070381231,-16.427639296187692,97.6,95.46612903225807,-2.1338709677419274,54.1,57.024193548387096,2.9241935483870947,38.2,36.59046920821115,-1.6095307917888562,35.6,31.227321603128054,-4.372678396871947,40.2,37.34037145650049,-2.859628543499511
2877,M,162.5,63.5,0.0021109001245349646,7.750000804662704e-05,95.3,94.48912512218963,-0.8108748778103632,71.0,82.07236070381231,11.072360703812308,89.5,95.46612903225807,5.966129032258067,55.2,57.024193548387096,1.8241935483870932,37.0,36.59046920821115,-0.4095307917888533,29.8,31.227321603128054,1.4273216031280533,36.3,37.34037145650049,1.0403714565004947
907,F,163.8,51.3,0.0021109001245349646,7.750000804662704e-05,83.5,94.48912512218963,10.989125122189634,71.0,82.07236070381231,11.072360703812308,90.4,95.46612903225807,5.066129032258061,54.3,57.024193548387096,2.724193548387099,32.1,36.59046920821115,4.490469208211145,26.5,31.227321603128054,4.727321603128054,35.7,37.34037145650049,1.640371456500489
4811,M,179.7,88.2,0.0021109001245349646,7.750000804662704e-05,103.4,94.48912512218963,-8.910874877810372,95.2,82.07236070381231,-13.127639296187695,103.0,95.46612903225807,-7.533870967741933,61.0,57.024193548387096,-3.975806451612904,38.8,36.59046920821115,-2.2095307917888505,37.5,31.227321603128054,-6.272678396871946,40.7,37.34037145650049,-3.359628543499511
1962,M,177.4,80.9,0.0021109001245349646,7.750000804662704e-05,108.8,94.48912512218963,-14.310874877810363,94.5,82.07236070381231,-12.427639296187692,100.5,95.46612903225807,-5.033870967741933,61.3,57.024193548387096,-4.275806451612901,39.3,36.59046920821115,-2.7095307917888505,34.8,31.227321603128054,-3.572678396871943,42.8,37.34037145650049,-5.459628543499505
2146,F,156.5,81.9,0.0021109001245349646,7.750000804662704e-05,104.6,94.48912512218963,-10.11087487781036,107.3,82.07236070381231,-25.22763929618769,107.6,95.46612903225807,-12.133870967741927,67.3,57.024193548387096,-10.275806451612901,41.6,36.59046920821115,-5.009530791788855,34.8,31.227321603128054,-3.572678396871943,34.4,37.34037145650049,2.9403714565004933
4017,M,176.7,91.7,0.0021109001245349646,7.750000804662704e-05,106.3,94.48912512218963,-11.810874877810363,100.6,82.07236070381231,-18.527639296187687,103.8,95.46612903225807,-8.33387096774193,63.6,57.024193548387096,-6.575806451612905,41.1,36.59046920821115,-4.509530791788855,36.1,31.227321603128054,-4.872678396871947,38.8,37.34037145650049,-1.4596285434995053
798,F,166.1,59.2,0.0021109001245349646,7.750000804662704e-05,85.9,94.48912512218963,8.589125122189628,74.4,82.07236070381231,7.672360703812302,95.9,95.46612903225807,-0.4338709677419388,56.1,57.024193548387096,0.9241935483870947,37.5,36.59046920821115,-0.9095307917888533,28.6,31.227321603128054,2.6273216031280526,34.6,37.34037145650049,2.7403714565004904
322,M,163.4,62.6,0.0021109001245349646,7.750000804662704e-05,99.6,94.48912512218963,-5.11087487781036,76.9,82.07236070381231,5.172360703812302,89.5,95.46612903225807,5.966129032258067,55.6,57.024193548387096,1.4241935483870947,36.5,36.59046920821115,0.09046920821114668,33.0,31.227321603128054,-1.772678396871946,39.1,37.34037145650049,-1.7596285434995096
3855,F,149.0,50.4,0.0021109001245349646,7.750000804662704e-05,88.5,94.48912512218963,5.989125122189634,79.0,82.07236070381231,3.0723607038123077,83.6,95.46612903225807,11.866129032258073,48.2,57.024193548387096,8.824193548387093,30.5,36.59046920821115,6.090469208211147,28.4,31.227321603128054,2.8273216031280555,34.3,37.34037145650049,3.0403714565004947
2304,F,159.0,56.1,0.0021109001245349646,7.750000804662704e-05,91.8,94.48912512218963,2.689125122189637,82.8,82.07236070381231,-0.7276392961876894,90.2,95.46612903225807,5.266129032258064,52.3,57.024193548387096,4.724193548387099,35.8,36.59046920821115,0.7904692082111495,30.1,31.227321603128054,1.1273216031280526,36.5,37.34037145650049,0.8403714565004918
842,M,173.4,77.2,0.0021109001245349646,7.750000804662704e-05,100.8,94.48912512218963,-6.310874877810363,84.2,82.07236070381231,-2.127639296187695,96.3,95.46612903225807,-0.8338709677419303,59.0,57.024193548387096,-1.975806451612904,41.0,36.59046920821115,-4.409530791788853,34.7,31.227321603128054,-3.472678396871949,38.2,37.34037145650049,-0.859628543499511
1833,F,154.2,49.7,0.0021109001245349646,7.750000804662704e-05,84.5,94.48912512218963,9.989125122189634,74.1,82.07236070381231,7.972360703812313,90.7,95.46612903225807,4.766129032258064,56.9,57.024193548387096,0.12419354838709751,32.9,36.59046920821115,3.690469208211148,28.1,31.227321603128054,3.1273216031280526,34.5,37.34037145650049,2.840371456500492
1765,F,152.4,59.7,0.0021109001245349646,7.750000804662704e-05,90.7,94.48912512218963,3.789125122189631,93.2,82.07236070381231,-11.127639296187695,92.2,95.46612903225807,3.266129032258064,56.5,57.024193548387096,0.5241935483870961,36.6,36.59046920821115,-0.009530791788854742,30.2,31.227321603128054,1.0273216031280548,34.5,37.34037145650049,2.840371456500492
1057,F,164.4,53.9,0.0021109001245349646,7.750000804662704e-05,84.7,94.48912512218963,9.789125122189631,69.8,82.07236070381231,12.27236070381231,94.6,95.46612903225807,0.8661290322580726,54.5,57.024193548387096,2.524193548387096,34.2,36.59046920821115,2.390469208211144,28.9,31.227321603128054,2.3273216031280555,33.2,37.34037145650049,4.140371456500489
1438,M,179.8,88.5,0.0021109001245349646,7.750000804662704e-05,113.3,94.48912512218963,-18.810874877810363,94.6,82.07236070381231,-12.527639296187687,102.4,95.46612903225807,-6.933870967741939,64.8,57.024193548387096,-7.775806451612901,38.9,36.59046920821115,-2.309530791788852,37.0,31.227321603128054,-5.772678396871946,42.2,37.34037145650049,-4.859628543499511
1371,M,167.8,58.1,0.0021109001245349646,7.750000804662704e-05,90.0,94.48912512218963,4.489125122189634,77.0,82.07236070381231,5.072360703812308,89.8,95.46612903225807,5.66612903225807,52.7,57.024193548387096,4.324193548387093,33.8,36.59046920821115,2.7904692082111495,29.3,31.227321603128054,1.9273216031280533,38.2,37.34037145650049,-0.859628543499511
2217,F,158.7,47.6,0.0021109001245349646,7.750000804662704e-05,80.3,94.48912512218963,14.189125122189637,72.9,82.07236070381231,9.172360703812302,85.3,95.46612903225807,10.16612903225807,54.0,57.024193548387096,3.024193548387096,31.8,36.59046920821115,4.790469208211146,27.1,31.227321603128054,4.127321603128053,34.7,37.34037145650049,2.640371456500489
291,F,156.0,49.9,0.0021109001245349646,7.750000804662704e-05,82.0,94.48912512218963,12.489125122189634,68.2,82.07236070381231,13.872360703812305,93.2,95.46612903225807,2.266129032258064,52.8,57.024193548387096,4.224193548387099,34.4,36.59046920821115,2.190469208211148,28.0,31.227321603128054,3.227321603128054,36.0,37.34037145650049,1.3403714565004918
3347,F,156.3,49.5,0.0021109001245349646,7.750000804662704e-05,84.4,94.48912512218963,10.089125122189628,71.3,82.07236070381231,10.77236070381231,86.5,95.46612903225807,8.966129032258067,50.1,57.024193548387096,6.924193548387095,31.8,36.59046920821115,4.790469208211146,27.3,31.227321603128054,3.9273216031280533,35.2,37.34037145650049,2.140371456500489
5033,F,162.3,46.1,0.0021109001245349646,7.750000804662704e-05,76.7,94.48912512218963,17.78912512218963,64.5,82.07236070381231,17.572360703812308,91.5,95.46612903225807,3.966129032258067,52.0,57.024193548387096,5.024193548387096,31.7,36.59046920821115,4.890469208211147,22.9,31.227321603128054,8.327321603128055,32.7,37.34037145650049,4.640371456500489
533,M,180.0,68.8,0.0021109001245349646,7.750000804662704e-05,97.2,94.48912512218963,-2.710874877810369,77.5,82.07236070381231,4.572360703812308,94.1,95.46612903225807,1.3661290322580726,55.3,57.024193548387096,1.724193548387099,35.0,36.59046920821115,1.5904692082111467,30.5,31.227321603128054,0.727321603128054,39.3,37.34037145650049,-1.9596285434995053
4229,F,151.8,56.6,0.0021109001245349646,7.750000804662704e-05,90.6,94.48912512218963,3.8891251221896397,78.5,82.07236070381231,3.5723607038123077,94.2,95.46612903225807,1.266129032258064,53.0,57.024193548387096,4.024193548387096,35.9,36.59046920821115,0.6904692082111481,28.6,31.227321603128054,2.6273216031280526,36.3,37.34037145650049,1.0403714565004947
4641,F,163.1,63.0,0.0021109001245349646,7.750000804662704e-05,91.7,94.48912512218963,2.789125122189631,86.0,82.07236070381231,-3.9276392961876923,91.5,95.46612903225807,3.966129032258067,50.5,57.024193548387096,6.524193548387096,35.3,36.59046920821115,1.2904692082111495,30.2,31.227321603128054,1.0273216031280548,36.1,37.34037145650049,1.2403714565004904
2222,F,153.8,60.3,0.0021109001245349646,7.750000804662704e-05,92.7,94.48912512218963,1.7891251221896312,90.7,82.07236070381231,-8.627639296187695,91.2,95.46612903225807,4.266129032258064,52.8,57.024193548387096,4.224193548387099,33.9,36.59046920821115,2.690469208211148,30.7,31.227321603128054,0.5273216031280548,35.8,37.34037145650049,1.5403714565004947
4071,F,163.5,61.6,0.0021109001245349646,7.750000804662704e-05,91.5,94.48912512218963,2.989125122189634,81.6,82.07236070381231,0.47236070381231343,97.7,95.46612903225807,-2.233870967741936,57.0,57.024193548387096,0.024193548387096087,36.8,36.59046920821115,-0.20953079178885048,30.5,31.227321603128054,0.727321603128054,35.8,37.34037145650049,1.5403714565004947
3226,F,156.9,47.2,0.0021109001245349646,7.750000804662704e-05,86.4,94.48912512218963,8.089125122189628,67.8,82.07236070381231,14.27236070381231,86.7,95.46612903225807,8.766129032258064,51.6,57.024193548387096,5.424193548387095,30.8,36.59046920821115,5.790469208211146,26.2,31.227321603128054,5.027321603128055,34.1,37.34037145650049,3.2403714565004904
4405,M,163.8,57.2,0.0021109001245349646,7.750000804662704e-05,92.7,94.48912512218963,1.7891251221896312,72.8,82.07236070381231,9.27236070381231,87.9,95.46612903225807,7.566129032258061,51.9,57.024193548387096,5.1241935483870975,34.6,36.59046920821115,1.9904692082111453,29.1,31.227321603128054,2.1273216031280526,37.9,37.34037145650049,-0.5596285434995067
4181,M,179.2,89.5,0.0021109001245349646,7.750000804662704e-05,105.5,94.48912512218963,-11.010874877810366,96.2,82.07236070381231,-14.127639296187695,102.5,95.46612903225807,-7.033870967741933,61.0,57.024193548387096,-3.975806451612904,41.2,36.59046920821115,-4.609530791788856,35.5,31.227321603128054,-4.272678396871946,42.6,37.34037145650049,-5.25962854349951
810,M,173.0,71.1,0.0021109001245349646,7.750000804662704e-05,97.0,94.48912512218963,-2.510874877810366,77.8,82.07236070381231,4.272360703812311,99.5,95.46612903225807,-4.033870967741933,59.3,57.024193548387096,-2.275806451612901,38.7,36.59046920821115,-2.109530791788856,32.9,31.227321603128054,-1.6726783968719445,40.7,37.34037145650049,-3.359628543499511
428,F,167.7,93.2,0.0021109001245349646,7.750000804662704e-05,107.8,94.48912512218963,-13.310874877810363,99.9,82.07236070381231,-17.827639296187698,118.2,95.46612903225807,-22.733870967741936,73.3,57.024193548387096,-16.2758064516129,42.5,36.59046920821115,-5.909530791788853,37.3,31.227321603128054,-6.072678396871943,39.1,37.34037145650049,-1.7596285434995096
1075,F,165.1,56.9,0.0021109001245349646,7.750000804662704e-05,87.5,94.48912512218963,6.989125122189634,74.5,82.07236070381231,7.572360703812308,94.0,95.46612903225807,1.466129032258067,54.8,57.024193548387096,2.224193548387099,34.7,36.59046920821115,1.8904692082111438,29.5,31.227321603128054,1.727321603128054,37.8,37.34037145650049,-0.4596285434995053
2907,F,169.7,56.7,0.0021109001245349646,7.750000804662704e-05,84.2,94.48912512218963,10.289125122189631,70.2,82.07236070381231,11.872360703812305,92.3,95.46612903225807,3.1661290322580697,54.0,57.024193548387096,3.024193548387096,33.9,36.59046920821115,2.690469208211148,28.4,31.227321603128054,2.8273216031280555,35.4,37.34037145650049,1.9403714565004933
4361,F,158.3,54.4,0.0021109001245349646,7.750000804662704e-05,89.4,94.48912512218963,5.089125122189628,72.1,82.07236070381231,9.972360703812313,91.9,95.46612903225807,3.566129032258061,54.7,57.024193548387096,2.3241935483870932,33.8,36.59046920821115,2.7904692082111495,28.2,31.227321603128054,3.0273216031280548,31.2,37.34037145650049,6.1403714565004925
2728,F,158.0,62.7,0.0021109001245349646,7.750000804662704e-05,91.1,94.48912512218963,3.3891251221896397,83.9,82.07236070381231,-1.827639296187698,98.0,95.46612903225807,-2.533870967741933,64.0,57.024193548387096,-6.975806451612904,36.3,36.59046920821115,0.2904692082111495,33.3,31.227321603128054,-2.072678396871943,34.9,37.34037145650049,2.4403714565004933
2860,M,163.5,64.8,0.0021109001245349646,7.750000804662704e-05,95.4,94.48912512218963,-0.9108748778103717,87.6,82.07236070381231,-5.527639296187687,90.7,95.46612903225807,4.766129032258064,54.3,57.024193548387096,2.724193548387099,37.8,36.59046920821115,-1.2095307917888505,30.1,31.227321603128054,1.1273216031280526,34.5,37.34037145650049,2.840371456500492
1293,F,159.3,57.4,0.0021109001245349646,7.750000804662704e-05,89.4,94.48912512218963,5.089125122189628,70.1,82.07236070381231,11.972360703812313,96.5,95.46612903225807,-1.033870967741933,59.2,57.024193548387096,-2.1758064516129068,35.3,36.59046920821115,1.2904692082111495,29.0,31.227321603128054,2.227321603128054,35.6,37.34037145650049,1.7403714565004904
2288,F,157.6,69.3,0.0021109001245349646,7.750000804662704e-05,102.8,94.48912512218963,-8.310874877810363,98.8,82.07236070381231,-16.72763929618769,97.7,95.46612903225807,-2.233870967741936,59.6,57.024193548387096,-2.5758064516129053,37.1,36.59046920821115,-0.5095307917888547,32.4,31.227321603128054,-1.1726783968719445,36.5,37.34037145650049,0.8403714565004918
2905,F,166.5,44.1,0.0021109001245349646,7.750000804662704e-05,78.5,94.48912512218963,15.989125122189634,62.0,82.07236070381231,20.072360703812308,83.2,95.46612903225807,12.266129032258064,47.6,57.024193548387096,9.424193548387095,30.4,36.59046920821115,6.190469208211148,25.5,31.227321603128054,5.727321603128054,33.9,37.34037145650049,3.4403714565004933
4264,F,158.2,53.8,0.0021109001245349646,7.750000804662704e-05,87.8,94.48912512218963,6.689125122189637,78.7,82.07236070381231,3.372360703812305,89.8,95.46612903225807,5.66612903225807,50.6,57.024193548387096,6.424193548387095,35.1,36.59046920821115,1.4904692082111453,28.3,31.227321603128054,2.9273216031280533,32.9,37.34037145650049,4.440371456500493
2677,F,157.8,54.7,0.0021109001245349646,7.750000804662704e-05,84.8,94.48912512218963,9.689125122189637,72.3,82.07236070381231,9.77236070381231,94.9,95.46612903225807,0.5661290322580612,59.6,57.024193548387096,-2.5758064516129053,35.5,36.59046920821115,1.0904692082111467,29.5,31.227321603128054,1.727321603128054,33.3,37.34037145650049,4.040371456500495
4084,F,160.3,72.4,0.0021109001245349646,7.750000804662704e-05,97.7,94.48912512218963,-3.210874877810369,96.2,82.07236070381231,-14.127639296187695,106.3,95.46612903225807,-10.83387096774193,68.2,57.024193548387096,-11.175806451612907,38.3,36.59046920821115,-1.7095307917888505,33.2,31.227321603128054,-1.9726783968719488,35.8,37.34037145650049,1.5403714565004947
1499,M,175.9,95.5,0.0021109001245349646,7.750000804662704e-05,110.0,94.48912512218963,-15.510874877810366,99.2,82.07236070381231,-17.127639296187695,106.6,95.46612903225807,-11.133870967741927,67.1,57.024193548387096,-10.075806451612898,43.4,36.59046920821115,-6.809530791788852,38.0,31.227321603128054,-6.772678396871946,43.7,37.34037145650049,-6.359628543499511
3458,F,160.0,49.0,0.0021109001245349646,7.750000804662704e-05,82.6,94.48912512218963,11.88912512218964,67.2,82.07236070381231,14.872360703812305,86.5,95.46612903225807,8.966129032258067,50.8,57.024193548387096,6.224193548387099,34.5,36.59046920821115,2.0904692082111467,26.4,31.227321603128054,4.8273216031280555,33.3,37.34037145650049,4.040371456500495
3151,M,174.6,66.4,0.0021109001245349646,7.750000804662704e-05,95.0,94.48912512218963,-0.510874877810366,75.8,82.07236070381231,6.272360703812311,94.7,95.46612903225807,0.7661290322580641,55.5,57.024193548387096,1.524193548387096,37.5,36.59046920821115,-0.9095307917888533,30.8,31.227321603128054,0.42732160312805334,40.4,37.34037145650049,-3.0596285434995067
4685,F,165.8,62.6,0.0021109001245349646,7.750000804662704e-05,90.5,94.48912512218963,3.989125122189634,87.5,82.07236070381231,-5.427639296187692,98.4,95.46612903225807,-2.933870967741939,57.4,57.024193548387096,-0.3758064516129025,35.2,36.59046920821115,1.3904692082111438,27.8,31.227321603128054,3.4273216031280533,37.5,37.34037145650049,-0.15962854349950817
5011,M,171.2,64.4,0.0021109001245349646,7.750000804662704e-05,92.4,94.48912512218963,2.0891251221896283,84.0,82.07236070381231,-1.9276392961876923,92.7,95.46612903225807,2.766129032258064,52.1,57.024193548387096,4.924193548387095,36.5,36.59046920821115,0.09046920821114668,29.5,31.227321603128054,1.727321603128054,38.9,37.34037145650049,-1.5596285434995067
2638,F,161.2,49.9,0.0021109001245349646,7.750000804662704e-05,88.7,94.48912512218963,5.789125122189631,71.8,82.07236070381231,10.27236070381231,88.2,95.46612903225807,7.266129032258064,50.7,57.024193548387096,6.324193548387093,31.2,36.59046920821115,5.390469208211147,28.6,31.227321603128054,2.6273216031280526,34.4,37.34037145650049,2.9403714565004933
2267,F,151.4,78.6,0.0021109001245349646,7.750000804662704e-05,103.6,94.48912512218963,-9.11087487781036,104.0,82.07236070381231,-21.927639296187692,104.7,95.46612903225807,-9.233870967741936,63.9,57.024193548387096,-6.8758064516129025,41.0,36.59046920821115,-4.409530791788853,37.0,31.227321603128054,-5.772678396871946,36.1,37.34037145650049,1.2403714565004904
1420,F,155.6,52.0,0.0021109001245349646,7.750000804662704e-05,86.5,94.48912512218963,7.989125122189634,74.8,82.07236070381231,7.272360703812311,90.5,95.46612903225807,4.966129032258067,56.2,57.024193548387096,0.8241935483870932,31.5,36.59046920821115,5.090469208211147,27.8,31.227321603128054,3.4273216031280533,31.5,37.34037145650049,5.840371456500492
800,F,163.0,66.9,0.0021109001245349646,7.750000804662704e-05,95.0,94.48912512218963,-0.510874877810366,79.8,82.07236070381231,2.2723607038123106,102.2,95.46612903225807,-6.733870967741936,61.1,57.024193548387096,-4.075806451612905,37.7,36.59046920821115,-1.1095307917888562,32.2,31.227321603128054,-0.9726783968719488,36.5,37.34037145650049,0.8403714565004918
1504,M,182.0,83.1,0.0021109001245349646,7.750000804662704e-05,106.8,94.48912512218963,-12.310874877810363,84.4,82.07236070381231,-2.327639296187698,99.4,95.46612903225807,-3.933870967741939,62.0,57.024193548387096,-4.975806451612904,40.6,36.59046920821115,-4.009530791788855,37.3,31.227321603128054,-6.072678396871943,42.0,37.34037145650049,-4.659628543499508
3879,F,162.9,71.7,0.0021109001245349646,7.750000804662704e-05,94.0,94.48912512218963,0.489125122189634,94.7,82.07236070381231,-12.627639296187695,97.7,95.46612903225807,-2.233870967741936,57.1,57.024193548387096,-0.07580645161290533,36.8,36.59046920821115,-0.20953079178885048,33.2,31.227321603128054,-1.9726783968719488,35.1,37.34037145650049,2.2403714565004904
1322,F,166.1,53.1,0.0021109001245349646,7.750000804662704e-05,88.3,94.48912512218963,6.189125122189637,72.2,82.07236070381231,9.872360703812305,92.9,95.46612903225807,2.566129032258061,53.3,57.024193548387096,3.724193548387099,32.2,36.59046920821115,4.390469208211144,27.8,31.227321603128054,3.4273216031280533,36.4,37.34037145650049,0.9403714565004933
1255,F,160.1,61.8,0.0021109001245349646,7.750000804662704e-05,93.4,94.48912512218963,1.0891251221896283,76.5,82.07236070381231,5.572360703812308,95.0,95.46612903225807,0.4661290322580669,56.9,57.024193548387096,0.12419354838709751,37.9,36.59046920821115,-1.309530791788852,28.8,31.227321603128054,2.4273216031280533,36.8,37.34037145650049,0.5403714565004947
2328,F,147.1,55.6,0.0021109001245349646,7.750000804662704e-05,89.8,94.48912512218963,4.689125122189637,82.0,82.07236070381231,0.07236070381230775,93.4,95.46612903225807,2.066129032258061,57.0,57.024193548387096,0.024193548387096087,36.8,36.59046920821115,-0.20953079178885048,32.5,31.227321603128054,-1.272678396871946,31.5,37.34037145650049,5.840371456500492
2520,F,154.0,60.5,0.0021109001245349646,7.750000804662704e-05,97.2,94.48912512218963,-2.710874877810369,81.3,82.07236070381231,0.7723607038123106,95.0,95.46612903225807,0.4661290322580669,60.3,57.024193548387096,-3.275806451612901,36.0,36.59046920821115,0.5904692082111467,31.8,31.227321603128054,-0.5726783968719467,34.2,37.34037145650049,3.140371456500489
1074,F,156.3,43.0,0.0021109001245349646,7.750000804662704e-05,79.3,94.48912512218963,15.189125122189637,65.8,82.07236070381231,16.27236070381231,83.9,95.46612903225807,11.566129032258061,48.2,57.024193548387096,8.824193548387093,30.6,36.59046920821115,5.990469208211145,25.4,31.227321603128054,5.8273216031280555,35.6,37.34037145650049,1.7403714565004904
2361,F,165.1,67.7,0.0021109001245349646,7.750000804662704e-05,96.2,94.48912512218963,-1.7108748778103688,81.7,82.07236070381231,0.3723607038123049,96.5,95.46612903225807,-1.033870967741933,60.2,57.024193548387096,-3.1758064516129068,38.8,36.59046920821115,-2.2095307917888505,33.1,31.227321603128054,-1.8726783968719474,38.0,37.34037145650049,-0.6596285434995082
1220,M,181.6,65.2,0.0021109001245349646,7.750000804662704e-05,100.5,94.48912512218963,-6.010874877810366,76.6,82.07236070381231,5.472360703812313,92.3,95.46612903225807,3.1661290322580697,54.3,57.024193548387096,2.724193548387099,34.2,36.59046920821115,2.390469208211144,31.2,31.227321603128054,0.02732160312805476,39.6,37.34037145650049,-2.2596285434995096
931,F,158.1,47.6,0.0021109001245349646,7.750000804662704e-05,84.4,94.48912512218963,10.089125122189628,69.0,82.07236070381231,13.072360703812308,88.4,95.46612903225807,7.066129032258061,53.33,57.024193548387096,3.694193548387098,32.1,36.59046920821115,4.490469208211145,26.5,31.227321603128054,4.727321603128054,32.8,37.34037145650049,4.540371456500495
1813,M,161.2,62.5,0.0021109001245349646,7.750000804662704e-05,96.4,94.48912512218963,-1.9108748778103717,89.8,82.07236070381231,-7.727639296187689,87.7,95.46612903225807,7.766129032258064,55.4,57.024193548387096,1.6241935483870975,36.4,36.59046920821115,0.1904692082111481,31.5,31.227321603128054,-0.27267839687194595,37.8,37.34037145650049,-0.4596285434995053
2305,F,157.0,52.4,0.0021109001245349646,7.750000804662704e-05,86.3,94.48912512218963,8.189125122189637,74.4,82.07236070381231,7.672360703812302,90.2,95.46612903225807,5.266129032258064,54.3,57.024193548387096,2.724193548387099,35.2,36.59046920821115,1.3904692082111438,29.7,31.227321603128054,1.5273216031280548,35.6,37.34037145650049,1.7403714565004904
4207,M,176.6,69.2,0.0021109001245349646,7.750000804662704e-05,97.6,94.48912512218963,-3.1108748778103603,86.0,82.07236070381231,-3.9276392961876923,93.1,95.46612903225807,2.3661290322580726,50.5,57.024193548387096,6.524193548387096,34.5,36.59046920821115,2.0904692082111467,28.7,31.227321603128054,2.5273216031280548,42.1,37.34037145650049,-4.75962854349951
2245,F,152.0,74.3,0.0021109001245349646,7.750000804662704e-05,99.9,94.48912512218963,-5.410874877810372,103.0,82.07236070381231,-20.927639296187692,109.7,95.46612903225807,-14.233870967741936,66.5,57.024193548387096,-9.475806451612904,38.2,36.59046920821115,-1.6095307917888562,32.2,31.227321603128054,-0.9726783968719488,34.6,37.34037145650049,2.7403714565004904
70,M,170.4,62.7,0.0021109001245349646,7.750000804662704e-05,97.0,94.48912512218963,-2.510874877810366,77.5,82.07236070381231,4.572360703812308,92.9,95.46612903225807,2.566129032258061,53.8,57.024193548387096,3.224193548387099,35.6,36.59046920821115,0.9904692082111453,32.9,31.227321603128054,-1.6726783968719445,40.1,37.34037145650049,-2.7596285434995096
1477,M,164.4,66.2,0.0021109001245349646,7.750000804662704e-05,98.4,94.48912512218963,-3.9108748778103717,82.2,82.07236070381231,-0.1276392961876951,95.5,95.46612903225807,-0.0338709677419331,59.2,57.024193548387096,-2.1758064516129068,37.2,36.59046920821115,-0.6095307917888562,33.2,31.227321603128054,-1.9726783968719488,35.9,37.34037145650049,1.4403714565004933
4357,F,140.4,56.5,0.0021109001245349646,7.750000804662704e-05,88.1,94.48912512218963,6.38912512218964,87.3,82.07236070381231,-5.227639296187689,101.7,95.46612903225807,-6.233870967741936,59.5,57.024193548387096,-2.475806451612904,35.3,36.59046920821115,1.2904692082111495,30.8,31.227321603128054,0.42732160312805334,31.4,37.34037145650049,5.940371456500493
2988,F,155.2,42.6,0.0021109001245349646,7.750000804662704e-05,80.2,94.48912512218963,14.289125122189631,68.5,82.07236070381231,13.572360703812308,83.8,95.46612903225807,11.66612903225807,47.7,57.024193548387096,9.324193548387093,30.7,36.59046920821115,5.890469208211147,24.3,31.227321603128054,6.927321603128053,30.9,37.34037145650049,6.440371456500493
3245,F,161.0,65.0,0.0021109001245349646,7.750000804662704e-05,89.9,94.48912512218963,4.589125122189628,80.5,82.07236070381231,1.5723607038123077,102.5,95.46612903225807,-7.033870967741933,62.6,57.024193548387096,-5.575806451612905,36.9,36.59046920821115,-0.3095307917888519,30.0,31.227321603128054,1.227321603128054,36.3,37.34037145650049,1.0403714565004947
4831,M,171.0,66.6,0.0021109001245349646,7.750000804662704e-05,97.8,94.48912512218963,-3.310874877810363,86.5,82.07236070381231,-4.427639296187692,88.4,95.46612903225807,7.066129032258061,51.3,57.024193548387096,5.724193548387099,34.0,36.59046920821115,2.5904692082111467,32.3,31.227321603128054,-1.072678396871943,39.3,37.34037145650049,-1.9596285434995053
1941,F,160.0,52.8,0.0021109001245349646,7.750000804662704e-05,85.3,94.48912512218963,9.189125122189637,77.4,82.07236070381231,4.672360703812302,92.6,95.46612903225807,2.8661290322580726,58.9,57.024193548387096,-1.8758064516129025,33.0,36.59046920821115,3.5904692082111467,28.5,31.227321603128054,2.727321603128054,33.7,37.34037145650049,3.640371456500489
1870,F,155.3,55.3,0.0021109001245349646,7.750000804662704e-05,87.0,94.48912512218963,7.489125122189634,79.1,82.07236070381231,2.9723607038123134,96.1,95.46612903225807,-0.6338709677419274,60.3,57.024193548387096,-3.275806451612901,33.8,36.59046920821115,2.7904692082111495,20.3,31.227321603128054,10.927321603128053,35.5,37.34037145650049,1.8403714565004918
4681,F,163.9,58.6,0.0021109001245349646,7.750000804662704e-05,87.1,94.48912512218963,7.38912512218964,74.1,82.07236070381231,7.972360703812313,98.0,95.46612903225807,-2.533870967741933,57.2,57.024193548387096,-0.17580645161290676,35.4,36.59046920821115,1.190469208211148,27.9,31.227321603128054,3.3273216031280555,36.0,37.34037145650049,1.3403714565004918
807,M,173.5,78.7,0.0021109001245349646,7.750000804662704e-05,98.7,94.48912512218963,-4.210874877810369,90.2,82.07236070381231,-8.127639296187695,101.0,95.46612903225807,-5.533870967741933,62.7,57.024193548387096,-5.675806451612907,41.8,36.59046920821115,-5.2095307917888505,33.3,31.227321603128054,-2.072678396871943,41.0,37.34037145650049,-3.659628543499508
3524,M,168.5,83.8,0.0021109001245349646,7.750000804662704e-05,100.7,94.48912512218963,-6.210874877810369,99.3,82.07236070381231,-17.22763929618769,106.4,95.46612903225807,-10.933870967741939,66.4,57.024193548387096,-9.37580645161291,42.4,36.59046920821115,-5.809530791788852,35.1,31.227321603128054,-3.8726783968719474,36.4,37.34037145650049,0.9403714565004933
3790,F,161.0,53.5,0.0021109001245349646,7.750000804662704e-05,83.3,94.48912512218963,11.189125122189637,72.0,82.07236070381231,10.072360703812308,92.8,95.46612903225807,2.6661290322580697,52.8,57.024193548387096,4.224193548387099,33.0,36.59046920821115,3.5904692082111467,28.1,31.227321603128054,3.1273216031280526,34.1,37.34037145650049,3.2403714565004904
1729,M,177.7,81.6,0.0021109001245349646,7.750000804662704e-05,105.4,94.48912512218963,-10.910874877810372,93.2,82.07236070381231,-11.127639296187695,103.8,95.46612903225807,-8.33387096774193,61.0,57.024193548387096,-3.975806451612904,40.7,36.59046920821115,-4.109530791788856,36.3,31.227321603128054,-5.072678396871943,42.6,37.34037145650049,-5.25962854349951
711,F,171.3,58.4,0.0021109001245349646,7.750000804662704e-05,91.0,94.48912512218963,3.489125122189634,71.0,82.07236070381231,11.072360703812308,94.7,95.46612903225807,0.7661290322580641,55.8,57.024193548387096,1.224193548387099,33.7,36.59046920821115,2.890469208211144,27.0,31.227321603128054,4.227321603128054,36.1,37.34037145650049,1.2403714565004904
1215,M,173.7,77.3,0.0021109001245349646,7.750000804662704e-05,103.5,94.48912512218963,-9.010874877810366,83.4,82.07236070381231,-1.327639296187698,99.5,95.46612903225807,-4.033870967741933,60.0,57.024193548387096,-2.975806451612904,41.3,36.59046920821115,-4.7095307917888505,33.6,31.227321603128054,-2.3726783968719474,40.0,37.34037145650049,-2.659628543499508
3455,F,157.1,56.5,0.0021109001245349646,7.750000804662704e-05,83.7,94.48912512218963,10.789125122189631,69.5,82.07236070381231,12.572360703812308,93.3,95.46612903225807,2.1661290322580697,55.7,57.024193548387096,1.3241935483870932,38.1,36.59046920821115,-1.5095307917888547,28.7,31.227321603128054,2.5273216031280548,34.9,37.34037145650049,2.4403714565004933
3148,M,167.3,74.6,0.0021109001245349646,7.750000804662704e-05,105.7,94.48912512218963,-11.210874877810369,83.4,82.07236070381231,-1.327639296187698,96.9,95.46612903225807,-1.4338709677419388,60.6,57.024193548387096,-3.5758064516129053,39.1,36.59046920821115,-2.5095307917888547,36.3,31.227321603128054,-5.072678396871943,35.8,37.34037145650049,1.5403714565004947
3907,M,175.6,88.6,0.0021109001245349646,7.750000804662704e-05,101.8,94.48912512218963,-7.310874877810363,96.8,82.07236070381231,-14.72763929618769,103.5,95.46612903225807,-8.033870967741933,64.3,57.024193548387096,-7.275806451612901,43.2,36.59046920821115,-6.609530791788856,34.7,31.227321603128054,-3.472678396871949,40.9,37.34037145650049,-3.5596285434995067
4215,F,164.0,56.7,0.0021109001245349646,7.750000804662704e-05,89.9,94.48912512218963,4.589125122189628,71.6,82.07236070381231,10.472360703812313,93.8,95.46612903225807,1.6661290322580697,55.4,57.024193548387096,1.6241935483870975,35.9,36.59046920821115,0.6904692082111481,27.9,31.227321603128054,3.3273216031280555,37.6,37.34037145650049,-0.2596285434995096
4220,F,157.4,49.7,0.0021109001245349646,7.750000804662704e-05,80.3,94.48912512218963,14.189125122189637,69.1,82.07236070381231,12.972360703812313,92.8,95.46612903225807,2.6661290322580697,54.8,57.024193548387096,2.224193548387099,34.5,36.59046920821115,2.0904692082111467,26.3,31.227321603128054,4.927321603128053,32.8,37.34037145650049,4.540371456500495
4627,M,159.2,61.9,0.0021109001245349646,7.750000804662704e-05,90.7,94.48912512218963,3.789125122189631,88.6,82.07236070381231,-6.527639296187687,91.3,95.46612903225807,4.16612903225807,54.4,57.024193548387096,2.6241935483870975,34.1,36.59046920821115,2.4904692082111453,30.6,31.227321603128054,0.6273216031280526,36.2,37.34037145650049,1.140371456500489
4475,M,158.1,58.8,0.0021109001245349646,7.750000804662704e-05,94.1,94.48912512218963,0.3891251221896397,79.2,82.07236070381231,2.872360703812305,87.2,95.46612903225807,8.266129032258064,50.0,57.024193548387096,7.024193548387096,33.0,36.59046920821115,3.5904692082111467,29.1,31.227321603128054,2.1273216031280526,36.3,37.34037145650049,1.0403714565004947
1096,F,167.4,65.7,0.0021109001245349646,7.750000804662704e-05,94.9,94.48912512218963,-0.4108748778103717,86.5,82.07236070381231,-4.427639296187692,98.6,95.46612903225807,-3.1338709677419274,58.1,57.024193548387096,-1.0758064516129053,34.9,36.59046920821115,1.690469208211148,32.5,31.227321603128054,-1.272678396871946,36.4,37.34037145650049,0.9403714565004933
2133,F,167.5,57.9,0.0021109001245349646,7.750000804662704e-05,87.0,94.48912512218963,7.489125122189634,73.5,82.07236070381231,8.572360703812308,95.0,95.46612903225807,0.4661290322580669,55.3,57.024193548387096,1.724193548387099,34.3,36.59046920821115,2.2904692082111495,29.4,31.227321603128054,1.8273216031280555,36.0,37.34037145650049,1.3403714565004918
2373,F,151.7,52.8,0.0021109001245349646,7.750000804662704e-05,89.8,94.48912512218963,4.689125122189637,77.8,82.07236070381231,4.272360703812311,89.5,95.46612903225807,5.966129032258067,56.6,57.024193548387096,0.42419354838709467,32.6,36.59046920821115,3.9904692082111453,30.6,31.227321603128054,0.6273216031280526,34.7,37.34037145650049,2.640371456500489
3861,F,146.0,51.6,0.0021109001245349646,7.750000804662704e-05,87.4,94.48912512218963,7.089125122189628,82.1,82.07236070381231,-0.02763929618768657,88.0,95.46612903225807,7.466129032258067,53.7,57.024193548387096,3.3241935483870932,33.0,36.59046920821115,3.5904692082111467,29.1,31.227321603128054,2.1273216031280526,32.6,37.34037145650049,4.74037145650049
2011,M,167.5,74.4,0.0021109001245349646,7.750000804662704e-05,99.3,94.48912512218963,-4.810874877810363,99.7,82.07236070381231,-17.627639296187695,94.7,95.46612903225807,0.7661290322580641,56.7,57.024193548387096,0.32419354838709324,37.4,36.59046920821115,-0.8095307917888519,32.8,31.227321603128054,-1.572678396871943,40.4,37.34037145650049,-3.0596285434995067
2465,M,165.4,67.1,0.0021109001245349646,7.750000804662704e-05,97.4,94.48912512218963,-2.9108748778103717,85.2,82.07236070381231,-3.127639296187695,94.0,95.46612903225807,1.466129032258067,55.1,57.024193548387096,1.9241935483870947,38.0,36.59046920821115,-1.4095307917888533,33.0,31.227321603128054,-1.772678396871946,37.6,37.34037145650049,-0.2596285434995096
1018,M,183.6,81.0,0.0021109001245349646,7.750000804662704e-05,107.5,94.48912512218963,-13.010874877810366,85.3,82.07236070381231,-3.2276392961876894,99.6,95.46612903225807,-4.133870967741927,58.0,57.024193548387096,-0.9758064516129039,39.5,36.59046920821115,-2.9095307917888533,33.8,31.227321603128054,-2.572678396871943,41.4,37.34037145650049,-4.059628543499507
2042,F,158.8,45.1,0.0021109001245349646,7.750000804662704e-05,80.5,94.48912512218963,13.989125122189634,63.9,82.07236070381231,18.17236070381231,85.5,95.46612903225807,9.966129032258067,49.6,57.024193548387096,7.424193548387095,33.2,36.59046920821115,3.390469208211144,24.3,31.227321603128054,6.927321603128053,33.1,37.34037145650049,4.24037145650049
4588,F,161.3,66.3,0.0021109001245349646,7.750000804662704e-05,90.1,94.48912512218963,4.38912512218964,84.6,82.07236070381231,-2.5276392961876866,98.2,95.46612903225807,-2.733870967741936,57.2,57.024193548387096,-0.17580645161290676,37.8,36.59046920821115,-1.2095307917888505,31.2,31.227321603128054,0.02732160312805476,38.4,37.34037145650049,-1.0596285434995067
4921,M,168.4,64.8,0.0021109001245349646,7.750000804662704e-05,94.0,94.48912512218963,0.489125122189634,84.0,82.07236070381231,-1.9276392961876923,90.5,95.46612903225807,4.966129032258067,49.0,57.024193548387096,8.024193548387096,36.4,36.59046920821115,0.1904692082111481,30.2,31.227321603128054,1.0273216031280548,37.8,37.34037145650049,-0.4596285434995053
1595,M,174.6,87.5,0.0021109001245349646,7.750000804662704e-05,107.9,94.48912512218963,-13.410874877810372,100.9,82.07236070381231,-18.827639296187698,104.7,95.46612903225807,-9.233870967741936,62.7,57.024193548387096,-5.675806451612907,42.7,36.59046920821115,-6.109530791788856,35.8,31.227321603128054,-4.572678396871943,43.2,37.34037145650049,-5.859628543499511
3877,F,159.6,70.4,0.0021109001245349646,7.750000804662704e-05,94.8,94.48912512218963,-0.31087487781036316,94.5,82.07236070381231,-12.427639296187692,99.5,95.46612903225807,-4.033870967741933,56.9,57.024193548387096,0.12419354838709751,37.6,36.59046920821115,-1.0095307917888547,32.7,31.227321603128054,-1.4726783968719488,34.7,37.34037145650049,2.640371456500489
3326,M,167.0,64.1,0.0021109001245349646,7.750000804662704e-05,94.6,94.48912512218963,-0.11087487781036032,85.8,82.07236070381231,-3.7276392961876894,86.0,95.46612903225807,9.466129032258067,50.0,57.024193548387096,7.024193548387096,34.5,36.59046920821115,2.0904692082111467,28.1,31.227321603128054,3.1273216031280526,38.1,37.34037145650049,-0.7596285434995096
4046,F,172.8,72.0,0.0021109001245349646,7.750000804662704e-05,97.2,94.48912512218963,-2.710874877810369,83.6,82.07236070381231,-1.5276392961876866,105.8,95.46612903225807,-10.33387096774193,60.5,57.024193548387096,-3.475806451612904,37.4,36.59046920821115,-0.8095307917888519,31.0,31.227321603128054,0.22732160312805405,36.9,37.34037145650049,0.44037145650049325
4665,F,150.2,51.8,0.0021109001245349646,7.750000804662704e-05,84.3,94.48912512218963,10.189125122189637,80.3,82.07236070381231,1.7723607038123106,85.8,95.46612903225807,9.66612903225807,50.4,57.024193548387096,6.6241935483870975,34.3,36.59046920821115,2.2904692082111495,29.0,31.227321603128054,2.227321603128054,34.0,37.34037145650049,3.340371456500492
3747,M,176.5,97.1,0.0021109001245349646,7.750000804662704e-05,114.4,94.48912512218963,-19.91087487781037,105.3,82.07236070381231,-23.22763929618769,107.9,95.46612903225807,-12.433870967741939,65.0,57.024193548387096,-7.975806451612904,42.3,36.59046920821115,-5.7095307917888505,38.7,31.227321603128054,-7.472678396871949,41.4,37.34037145650049,-4.059628543499507
3027,F,145.2,47.4,0.0021109001245349646,7.750000804662704e-05,84.9,94.48912512218963,9.589125122189628,69.4,82.07236070381231,12.672360703812302,85.0,95.46612903225807,10.466129032258067,51.4,57.024193548387096,5.6241935483870975,33.6,36.59046920821115,2.9904692082111453,27.7,31.227321603128054,3.5273216031280548,32.6,37.34037145650049,4.74037145650049
233,F,154.9,59.4,0.0021109001245349646,7.750000804662704e-05,88.8,94.48912512218963,5.689125122189637,79.9,82.07236070381231,2.172360703812302,95.3,95.46612903225807,0.16612903225806974,57.9,57.024193548387096,-0.8758064516129025,35.3,36.59046920821115,1.2904692082111495,31.6,31.227321603128054,-0.37267839687194737,35.4,37.34037145650049,1.9403714565004933
2767,F,157.0,51.9,0.0021109001245349646,7.750000804662704e-05,89.2,94.48912512218963,5.289125122189631,74.2,82.07236070381231,7.872360703812305,92.6,95.46612903225807,2.8661290322580726,56.5,57.024193548387096,0.5241935483870961,31.3,36.59046920821115,5.290469208211146,28.0,31.227321603128054,3.227321603128054,34.2,37.34037145650049,3.140371456500489
4652,F,158.5,62.3,0.0021109001245349646,7.750000804662704e-05,91.0,94.48912512218963,3.489125122189634,83.0,82.07236070381231,-0.9276392961876923,90.5,95.46612903225807,4.966129032258067,52.7,57.024193548387096,4.324193548387093,36.1,36.59046920821115,0.49046920821114526,32.4,31.227321603128054,-1.1726783968719445,34.9,37.34037145650049,2.4403714565004933
3221,F,155.2,58.1,0.0021109001245349646,7.750000804662704e-05,91.6,94.48912512218963,2.8891251221896397,78.7,82.07236070381231,3.372360703812305,94.0,95.46612903225807,1.466129032258067,53.5,57.024193548387096,3.524193548387096,34.6,36.59046920821115,1.9904692082111453,29.0,31.227321603128054,2.227321603128054,34.8,37.34037145650049,2.5403714565004947
633,F,168.2,57.4,0.0021109001245349646,7.750000804662704e-05,89.1,94.48912512218963,5.38912512218964,77.7,82.07236070381231,4.372360703812305,93.9,95.46612903225807,1.5661290322580612,55.2,57.024193548387096,1.8241935483870932,33.3,36.59046920821115,3.2904692082111495,27.0,31.227321603128054,4.227321603128054,38.0,37.34037145650049,-0.6596285434995082
3204,F,152.8,53.7,0.0021109001245349646,7.750000804662704e-05,91.4,94.48912512218963,3.0891251221896283,82.4,82.07236070381231,-0.32763929618769794,85.1,95.46612903225807,10.366129032258073,45.6,57.024193548387096,11.424193548387095,33.4,36.59046920821115,3.190469208211148,29.3,31.227321603128054,1.9273216031280533,34.8,37.34037145650049,2.5403714565004947
415,F,159.0,50.5,0.0021109001245349646,7.750000804662704e-05,84.0,94.48912512218963,10.489125122189634,65.8,82.07236070381231,16.27236070381231,90.9,95.46612903225807,4.566129032258061,54.3,57.024193548387096,2.724193548387099,34.0,36.59046920821115,2.5904692082111467,27.0,31.227321603128054,4.227321603128054,35.5,37.34037145650049,1.8403714565004918
4540,M,167.2,62.7,0.0021109001245349646,7.750000804662704e-05,95.1,94.48912512218963,-0.6108748778103603,74.3,82.07236070381231,7.772360703812311,91.5,95.46612903225807,3.966129032258067,53.2,57.024193548387096,3.8241935483870932,36.2,36.59046920821115,0.39046920821114384,31.2,31.227321603128054,0.02732160312805476,40.6,37.34037145650049,-3.2596285434995096
4883,M,165.8,75.2,0.0021109001245349646,7.750000804662704e-05,101.3,94.48912512218963,-6.810874877810363,90.1,82.07236070381231,-8.027639296187687,98.2,95.46612903225807,-2.733870967741936,55.7,57.024193548387096,1.3241935483870932,37.9,36.59046920821115,-1.309530791788852,32.1,31.227321603128054,-0.8726783968719474,37.0,37.34037145650049,0.34037145650049183
1210,M,175.1,70.9,0.0021109001245349646,7.750000804662704e-05,96.0,94.48912512218963,-1.510874877810366,81.7,82.07236070381231,0.3723607038123049,95.8,95.46612903225807,-0.33387096774193026,57.6,57.024193548387096,-0.5758064516129053,39.0,36.59046920821115,-2.4095307917888533,33.9,31.227321603128054,-2.6726783968719445,41.0,37.34037145650049,-3.659628543499508
1557,M,172.0,60.6,0.0021109001245349646,7.750000804662704e-05,94.8,94.48912512218963,-0.31087487781036316,78.4,82.07236070381231,3.672360703812302,89.3,95.46612903225807,6.16612903225807,50.4,57.024193548387096,6.6241935483870975,35.7,36.59046920821115,0.8904692082111438,29.1,31.227321603128054,2.1273216031280526,38.6,37.34037145650049,-1.2596285434995096
1149,F,157.7,68.1,0.0021109001245349646,7.750000804662704e-05,100.3,94.48912512218963,-5.810874877810363,80.9,82.07236070381231,1.172360703812302,98.7,95.46612903225807,-3.233870967741936,63.9,57.024193548387096,-6.8758064516129025,40.9,36.59046920821115,-4.309530791788852,33.0,31.227321603128054,-1.772678396871946,38.2,37.34037145650049,-0.859628543499511
864,F,158.9,46.4,0.0021109001245349646,7.750000804662704e-05,82.4,94.48912512218963,12.089125122189628,70.7,82.07236070381231,11.372360703812305,87.0,95.46612903225807,8.466129032258067,50.4,57.024193548387096,6.6241935483870975,33.2,36.59046920821115,3.390469208211144,26.5,31.227321603128054,4.727321603128054,34.6,37.34037145650049,2.7403714565004904
17,M,175.7,77.0,0.0021109001245349646,7.750000804662704e-05,104.5,94.48912512218963,-10.010874877810366,85.4,82.07236070381231,-3.327639296187698,100.4,95.46612903225807,-4.933870967741939,58.7,57.024193548387096,-1.6758064516129068,38.7,36.59046920821115,-2.109530791788856,35.0,31.227321603128054,-3.772678396871946,41.0,37.34037145650049,-3.659628543499508
2523,F,171.1,93.7,0.0021109001245349646,7.750000804662704e-05,105.4,94.48912512218963,-10.910874877810372,97.7,82.07236070381231,-15.627639296187695,114.1,95.46612903225807,-18.633870967741927,71.1,57.024193548387096,-14.075806451612898,40.8,36.59046920821115,-4.2095307917888505,36.0,31.227321603128054,-4.772678396871946,37.6,37.34037145650049,-0.2596285434995096
2093,F,157.5,52.0,0.0021109001245349646,7.750000804662704e-05,89.3,94.48912512218963,5.189125122189637,76.6,82.07236070381231,5.472360703812313,88.3,95.46612903225807,7.16612903225807,50.6,57.024193548387096,6.424193548387095,32.2,36.59046920821115,4.390469208211144,28.2,31.227321603128054,3.0273216031280548,35.6,37.34037145650049,1.7403714565004904
3076,M,180.2,87.1,0.0021109001245349646,7.750000804662704e-05,104.5,94.48912512218963,-10.010874877810366,94.9,82.07236070381231,-12.827639296187698,103.8,95.46612903225807,-8.33387096774193,63.6,57.024193548387096,-6.575806451612905,39.6,36.59046920821115,-3.0095307917888547,35.9,31.227321603128054,-4.6726783968719445,41.0,37.34037145650049,-3.659628543499508
2757,F,159.0,64.5,0.0021109001245349646,7.750000804662704e-05,97.0,94.48912512218963,-2.510874877810366,88.1,82.07236070381231,-6.027639296187687,95.2,95.46612903225807,0.26612903225806406,57.6,57.024193548387096,-0.5758064516129053,36.8,36.59046920821115,-0.20953079178885048,34.4,31.227321603128054,-3.1726783968719445,36.3,37.34037145650049,1.0403714565004947
596,F,169.7,56.3,0.0021109001245349646,7.750000804662704e-05,85.3,94.48912512218963,9.189125122189637,71.9,82.07236070381231,10.172360703812302,94.2,95.46612903225807,1.266129032258064,55.1,57.024193548387096,1.9241935483870947,33.4,36.59046920821115,3.190469208211148,28.7,31.227321603128054,2.5273216031280548,37.8,37.34037145650049,-0.4596285434995053
4628,M,174.0,67.3,0.0021109001245349646,7.750000804662704e-05,94.0,94.48912512218963,0.489125122189634,79.0,82.07236070381231,3.0723607038123077,87.9,95.46612903225807,7.566129032258061,48.4,57.024193548387096,8.624193548387098,36.2,36.59046920821115,0.39046920821114384,30.7,31.227321603128054,0.5273216031280548,37.6,37.34037145650049,-0.2596285434995096
2238,F,158.5,67.0,0.0021109001245349646,7.750000804662704e-05,96.6,94.48912512218963,-2.1108748778103603,92.4,82.07236070381231,-10.327639296187698,98.9,95.46612903225807,-3.433870967741939,62.3,57.024193548387096,-5.275806451612901,38.6,36.59046920821115,-2.0095307917888547,31.4,31.227321603128054,-0.17267839687194453,36.5,37.34037145650049,0.8403714565004918
1503,M,177.2,66.7,0.0021109001245349646,7.750000804662704e-05,96.5,94.48912512218963,-2.010874877810366,72.0,82.07236070381231,10.072360703812308,92.5,95.46612903225807,2.966129032258067,52.7,57.024193548387096,4.324193548387093,38.7,36.59046920821115,-2.109530791788856,31.8,31.227321603128054,-0.5726783968719467,41.0,37.34037145650049,-3.659628543499508
4026,F,159.2,47.3,0.0021109001245349646,7.750000804662704e-05,79.5,94.48912512218963,14.989125122189634,68.8,82.07236070381231,13.27236070381231,92.0,95.46612903225807,3.466129032258067,54.7,57.024193548387096,2.3241935483870932,32.8,36.59046920821115,3.7904692082111495,25.0,31.227321603128054,6.227321603128054,36.0,37.34037145650049,1.3403714565004918
2519,F,166.5,54.6,0.0021109001245349646,7.750000804662704e-05,87.4,94.48912512218963,7.089125122189628,67.4,82.07236070381231,14.672360703812302,89.7,95.46612903225807,5.766129032258064,55.6,57.024193548387096,1.4241935483870947,33.9,36.59046920821115,2.690469208211148,28.3,31.227321603128054,2.9273216031280533,36.0,37.34037145650049,1.3403714565004918
3817,M,179.4,76.9,0.0021109001245349646,7.750000804662704e-05,97.6,94.48912512218963,-3.1108748778103603,81.7,82.07236070381231,0.3723607038123049,99.3,95.46612903225807,-3.8338709677419303,58.3,57.024193548387096,-1.275806451612901,38.7,36.59046920821115,-2.109530791788856,31.8,31.227321603128054,-0.5726783968719467,36.7,37.34037145650049,0.640371456500489
371,M,169.6,62.7,0.0021109001245349646,7.750000804662704e-05,90.1,94.48912512218963,4.38912512218964,73.7,82.07236070381231,8.372360703812305,95.3,95.46612903225807,0.16612903225806974,55.1,57.024193548387096,1.9241935483870947,36.4,36.59046920821115,0.1904692082111481,29.1,31.227321603128054,2.1273216031280526,40.2,37.34037145650049,-2.859628543499511
1432,F,160.0,57.0,0.0021109001245349646,7.750000804662704e-05,86.8,94.48912512218963,7.689125122189637,71.3,82.07236070381231,10.77236070381231,94.7,95.46612903225807,0.7661290322580641,60.9,57.024193548387096,-3.8758064516129025,35.3,36.59046920821115,1.2904692082111495,28.8,31.227321603128054,2.4273216031280533,33.3,37.34037145650049,4.040371456500495
3947,M,177.0,99.3,0.0021109001245349646,7.750000804662704e-05,116.7,94.48912512218963,-22.21087487781037,106.2,82.07236070381231,-24.127639296187695,107.5,95.46612903225807,-12.033870967741933,65.3,57.024193548387096,-8.275806451612901,44.6,36.59046920821115,-8.009530791788855,39.5,31.227321603128054,-8.272678396871946,40.9,37.34037145650049,-3.5596285434995067
652,F,162.8,49.2,0.0021109001245349646,7.750000804662704e-05,84.8,94.48912512218963,9.689125122189637,65.7,82.07236070381231,16.372360703812305,88.9,95.46612903225807,6.566129032258061,53.2,57.024193548387096,3.8241935483870932,32.7,36.59046920821115,3.890469208211144,26.4,31.227321603128054,4.8273216031280555,35.6,37.34037145650049,1.7403714565004904
598,F,155.6,43.7,0.0021109001245349646,7.750000804662704e-05,76.4,94.48912512218963,18.08912512218963,67.1,82.07236070381231,14.972360703812313,88.5,95.46612903225807,6.966129032258067,51.2,57.024193548387096,5.824193548387093,31.6,36.59046920821115,4.990469208211145,24.9,31.227321603128054,6.3273216031280555,33.5,37.34037145650049,3.840371456500492
676,M,166.1,87.8,0.0021109001245349646,7.750000804662704e-05,106.8,94.48912512218963,-12.310874877810363,98.8,82.07236070381231,-16.72763929618769,105.5,95.46612903225807,-10.033870967741933,66.0,57.024193548387096,-8.975806451612904,44.0,36.59046920821115,-7.409530791788853,36.4,31.227321603128054,-5.1726783968719445,39.6,37.34037145650049,-2.2596285434995096
238,F,164.1,54.4,0.0021109001245349646,7.750000804662704e-05,88.1,94.48912512218963,6.38912512218964,75.6,82.07236070381231,6.472360703812313,93.0,95.46612903225807,2.466129032258067,53.6,57.024193548387096,3.4241935483870947,33.4,36.59046920821115,3.190469208211148,28.9,31.227321603128054,2.3273216031280555,36.5,37.34037145650049,0.8403714565004918
3542,F,169.5,53.2,0.0021109001245349646,7.750000804662704e-05,83.8,94.48912512218963,10.689125122189637,67.2,82.07236070381231,14.872360703812305,92.5,95.46612903225807,2.966129032258067,51.4,57.024193548387096,5.6241935483870975,33.9,36.59046920821115,2.690469208211148,25.7,31.227321603128054,5.527321603128055,36.1,37.34037145650049,1.2403714565004904
3429,M,179.6,65.3,0.0021109001245349646,7.750000804662704e-05,92.6,94.48912512218963,1.8891251221896397,77.5,82.07236070381231,4.572360703812308,91.5,95.46612903225807,3.966129032258067,54.7,57.024193548387096,2.3241935483870932,35.5,36.59046920821115,1.0904692082111467,29.3,31.227321603128054,1.9273216031280533,42.4,37.34037145650049,-5.059628543499507
1041,M,180.7,89.8,0.0021109001245349646,7.750000804662704e-05,104.7,94.48912512218963,-10.210874877810369,99.0,82.07236070381231,-16.927639296187692,100.3,95.46612903225807,-4.83387096774193,61.0,57.024193548387096,-3.975806451612904,41.7,36.59046920821115,-5.109530791788856,35.2,31.227321603128054,-3.972678396871949,41.5,37.34037145650049,-4.159628543499508
2094,F,160.4,60.2,0.0021109001245349646,7.750000804662704e-05,92.2,94.48912512218963,2.289125122189631,79.6,82.07236070381231,2.4723607038123134,97.0,95.46612903225807,-1.533870967741933,59.7,57.024193548387096,-2.6758064516129068,35.0,36.59046920821115,1.5904692082111467,30.4,31.227321603128054,0.8273216031280555,37.2,37.34037145650049,0.140371456500489
2536,F,151.8,73.2,0.0021109001245349646,7.750000804662704e-05,106.1,94.48912512218963,-11.61087487781036,102.2,82.07236070381231,-20.127639296187695,105.0,95.46612903225807,-9.533870967741933,69.8,57.024193548387096,-12.775806451612901,38.1,36.59046920821115,-1.5095307917888547,35.2,31.227321603128054,-3.972678396871949,34.1,37.34037145650049,3.2403714565004904
75,M,178.8,75.2,0.0021109001245349646,7.750000804662704e-05,101.1,94.48912512218963,-6.61087487781036,77.4,82.07236070381231,4.672360703812302,95.8,95.46612903225807,-0.33387096774193026,59.5,57.024193548387096,-2.475806451612904,40.1,36.59046920821115,-3.5095307917888547,32.0,31.227321603128054,-0.772678396871946,40.5,37.34037145650049,-3.159628543499508
4081,F,147.0,73.1,0.0021109001245349646,7.750000804662704e-05,91.8,94.48912512218963,2.689125122189637,101.2,82.07236070381231,-19.127639296187695,110.1,95.46612903225807,-14.633870967741927,69.0,57.024193548387096,-11.975806451612904,40.5,36.59046920821115,-3.9095307917888533,31.8,31.227321603128054,-0.5726783968719467,34.8,37.34037145650049,2.5403714565004947
2718,M,172.6,73.3,0.0021109001245349646,7.750000804662704e-05,98.9,94.48912512218963,-4.410874877810372,90.7,82.07236070381231,-8.627639296187695,92.8,95.46612903225807,2.6661290322580697,57.7,57.024193548387096,-0.6758064516129068,40.1,36.59046920821115,-3.5095307917888547,33.0,31.227321603128054,-1.772678396871946,39.7,37.34037145650049,-2.359628543499511
3609,M,170.1,75.2,0.0021109001245349646,7.750000804662704e-05,95.9,94.48912512218963,-1.4108748778103717,92.0,82.07236070381231,-9.927639296187692,98.2,95.46612903225807,-2.733870967741936,62.0,57.024193548387096,-4.975806451612904,41.0,36.59046920821115,-4.409530791788853,33.5,31.227321603128054,-2.272678396871946,39.3,37.34037145650049,-1.9596285434995053
4431,F,152.1,64.3,0.0021109001245349646,7.750000804662704e-05,98.2,94.48912512218963,-3.710874877810369,92.7,82.07236070381231,-10.627639296187695,93.3,95.46612903225807,2.1661290322580697,51.4,57.024193548387096,5.6241935483870975,35.5,36.59046920821115,1.0904692082111467,30.6,31.227321603128054,0.6273216031280526,37.7,37.34037145650049,-0.359628543499511
4936,M,174.4,56.9,0.0021109001245349646,7.750000804662704e-05,96.2,94.48912512218963,-1.7108748778103688,74.6,82.07236070381231,7.472360703812313,89.6,95.46612903225807,5.866129032258073,47.0,57.024193548387096,10.024193548387096,31.7,36.59046920821115,4.890469208211147,27.5,31.227321603128054,3.727321603128054,38.5,37.34037145650049,-1.1596285434995082
1554,M,156.0,61.0,0.0021109001245349646,7.750000804662704e-05,97.8,94.48912512218963,-3.310874877810363,87.4,82.07236070381231,-5.327639296187698,88.5,95.46612903225807,6.966129032258067,51.7,57.024193548387096,5.324193548387093,37.9,36.59046920821115,-1.309530791788852,30.3,31.227321603128054,0.9273216031280533,36.8,37.34037145650049,0.5403714565004947
812,M,174.0,80.2,0.0021109001245349646,7.750000804662704e-05,101.4,94.48912512218963,-6.910874877810372,93.4,82.07236070381231,-11.327639296187698,102.2,95.46612903225807,-6.733870967741936,63.3,57.024193548387096,-6.275806451612901,37.5,36.59046920821115,-0.9095307917888533,35.5,31.227321603128054,-4.272678396871946,38.5,37.34037145650049,-1.1596285434995082
1044,M,167.5,61.6,0.0021109001245349646,7.750000804662704e-05,96.0,94.48912512218963,-1.510874877810366,80.2,82.07236070381231,1.872360703812305,88.4,95.46612903225807,7.066129032258061,52.2,57.024193548387096,4.824193548387093,34.0,36.59046920821115,2.5904692082111467,32.3,31.227321603128054,-1.072678396871943,37.8,37.34037145650049,-0.4596285434995053
4986,F,155.3,65.2,0.0021109001245349646,7.750000804662704e-05,92.6,94.48912512218963,1.8891251221896397,87.2,82.07236070381231,-5.127639296187695,95.4,95.46612903225807,0.06612903225806122,55.4,57.024193548387096,1.6241935483870975,38.6,36.59046920821115,-2.0095307917888547,32.3,31.227321603128054,-1.072678396871943,34.0,37.34037145650049,3.340371456500492
1095,F,152.5,49.0,0.0021109001245349646,7.750000804662704e-05,84.8,94.48912512218963,9.689125122189637,65.6,82.07236070381231,16.472360703812313,90.2,95.46612903225807,5.266129032258064,54.0,57.024193548387096,3.024193548387096,33.4,36.59046920821115,3.190469208211148,28.7,31.227321603128054,2.5273216031280548,33.6,37.34037145650049,3.7403714565004904
4334,M,174.7,92.2,0.0021109001245349646,7.750000804662704e-05,111.5,94.48912512218963,-17.010874877810366,97.0,82.07236070381231,-14.927639296187692,107.3,95.46612903225807,-11.83387096774193,68.3,57.024193548387096,-11.275806451612901,42.6,36.59046920821115,-6.009530791788855,39.0,31.227321603128054,-7.772678396871946,39.8,37.34037145650049,-2.4596285434995053
4252,F,156.1,56.4,0.0021109001245349646,7.750000804662704e-05,88.0,94.48912512218963,6.489125122189634,81.2,82.07236070381231,0.8723607038123049,90.1,95.46612903225807,5.366129032258073,51.0,57.024193548387096,6.024193548387096,32.2,36.59046920821115,4.390469208211144,30.7,31.227321603128054,0.5273216031280548,32.8,37.34037145650049,4.540371456500495
2173,F,152.0,67.1,0.0021109001245349646,7.750000804662704e-05,100.0,94.48912512218963,-5.510874877810366,100.7,82.07236070381231,-18.627639296187695,93.4,95.46612903225807,2.066129032258061,57.4,57.024193548387096,-0.3758064516129025,38.7,36.59046920821115,-2.109530791788856,35.2,31.227321603128054,-3.972678396871949,34.8,37.34037145650049,2.5403714565004947
96,M,168.4,61.3,0.0021109001245349646,7.750000804662704e-05,96.5,94.48912512218963,-2.010874877810366,79.0,82.07236070381231,3.0723607038123077,89.6,95.46612903225807,5.866129032258073,53.2,57.024193548387096,3.8241935483870932,34.0,36.59046920821115,2.5904692082111467,30.5,31.227321603128054,0.727321603128054,38.0,37.34037145650049,-0.6596285434995082
3365,F,154.6,79.5,0.0021109001245349646,7.750000804662704e-05,102.3,94.48912512218963,-7.810874877810363,99.6,82.07236070381231,-17.527639296187687,104.7,95.46612903225807,-9.233870967741936,65.9,57.024193548387096,-8.87580645161291,39.1,36.59046920821115,-2.5095307917888547,35.9,31.227321603128054,-4.6726783968719445,35.4,37.34037145650049,1.9403714565004933
4184,M,173.5,60.6,0.0021109001245349646,7.750000804662704e-05,93.8,94.48912512218963,0.6891251221896368,72.1,82.07236070381231,9.972360703812313,90.3,95.46612903225807,5.16612903225807,54.4,57.024193548387096,2.6241935483870975,35.8,36.59046920821115,0.7904692082111495,30.6,31.227321603128054,0.6273216031280526,36.1,37.34037145650049,1.2403714565004904
4858,F,166.3,61.2,0.0021109001245349646,7.750000804662704e-05,88.2,94.48912512218963,6.289125122189631,84.5,82.07236070381231,-2.4276392961876923,91.6,95.46612903225807,3.8661290322580726,55.3,57.024193548387096,1.724193548387099,34.7,36.59046920821115,1.8904692082111438,28.8,31.227321603128054,2.4273216031280533,37.1,37.34037145650049,0.2403714565004904
621,F,160.5,67.7,0.0021109001245349646,7.750000804662704e-05,93.9,94.48912512218963,0.5891251221896283,77.3,82.07236070381231,4.772360703812311,107.6,95.46612903225807,-12.133870967741927,65.8,57.024193548387096,-8.775806451612901,40.1,36.59046920821115,-3.5095307917888547,31.3,31.227321603128054,-0.07267839687194666,36.2,37.34037145650049,1.140371456500489
3258,F,156.9,66.9,0.0021109001245349646,7.750000804662704e-05,96.3,94.48912512218963,-1.8108748778103632,87.0,82.07236070381231,-4.927639296187692,95.7,95.46612903225807,-0.23387096774193594,56.3,57.024193548387096,0.7241935483870989,36.3,36.59046920821115,0.2904692082111495,31.2,31.227321603128054,0.02732160312805476,36.3,37.34037145650049,1.0403714565004947
3783,F,165.3,74.4,0.0021109001245349646,7.750000804662704e-05,95.8,94.48912512218963,-1.3108748778103632,95.9,82.07236070381231,-13.827639296187698,98.8,95.46612903225807,-3.3338709677419303,56.1,57.024193548387096,0.9241935483870947,38.5,36.59046920821115,-1.9095307917888533,33.0,31.227321603128054,-1.772678396871946,35.6,37.34037145650049,1.7403714565004904
566,F,156.5,47.9,0.0021109001245349646,7.750000804662704e-05,79.5,94.48912512218963,14.989125122189634,71.6,82.07236070381231,10.472360703812313,91.5,95.46612903225807,3.966129032258067,58.8,57.024193548387096,-1.775806451612901,32.2,36.59046920821115,4.390469208211144,27.7,31.227321603128054,3.5273216031280548,35.4,37.34037145650049,1.9403714565004933
4520,M,171.4,75.3,0.0021109001245349646,7.750000804662704e-05,102.5,94.48912512218963,-8.010874877810366,92.9,82.07236070381231,-10.827639296187698,99.1,95.46612903225807,-3.6338709677419274,60.1,57.024193548387096,-3.0758064516129053,36.7,36.59046920821115,-0.10953079178885616,34.0,31.227321603128054,-2.772678396871946,37.9,37.34037145650049,-0.5596285434995067
1623,M,175.2,72.1,0.0021109001245349646,7.750000804662704e-05,103.5,94.48912512218963,-9.010874877810366,84.3,82.07236070381231,-2.2276392961876894,96.3,95.46612903225807,-0.8338709677419303,58.5,57.024193548387096,-1.475806451612904,37.8,36.59046920821115,-1.2095307917888505,36.2,31.227321603128054,-4.972678396871949,40.3,37.34037145650049,-2.9596285434995053
748,F,156.8,61.1,0.0021109001245349646,7.750000804662704e-05,93.2,94.48912512218963,1.2891251221896312,81.8,82.07236070381231,0.2723607038123106,97.3,95.46612903225807,-1.8338709677419303,61.5,57.024193548387096,-4.475806451612904,35.3,36.59046920821115,1.2904692082111495,33.2,31.227321603128054,-1.9726783968719488,32.8,37.34037145650049,4.540371456500495
2663,F,155.1,54.5,0.0021109001245349646,7.750000804662704e-05,89.0,94.48912512218963,5.489125122189634,84.2,82.07236070381231,-2.127639296187695,89.5,95.46612903225807,5.966129032258067,54.6,57.024193548387096,2.4241935483870947,32.9,36.59046920821115,3.690469208211148,30.2,31.227321603128054,1.0273216031280548,34.4,37.34037145650049,2.9403714565004933
51,F,154.0,50.5,0.0021109001245349646,7.750000804662704e-05,82.6,94.48912512218963,11.88912512218964,70.3,82.07236070381231,11.77236070381231,91.5,95.46612903225807,3.966129032258067,54.9,57.024193548387096,2.1241935483870975,36.8,36.59046920821115,-0.20953079178885048,28.2,31.227321603128054,3.0273216031280548,32.8,37.34037145650049,4.540371456500495
4679,F,165.3,57.1,0.0021109001245349646,7.750000804662704e-05,85.7,94.48912512218963,8.789125122189631,78.2,82.07236070381231,3.872360703812305,93.5,95.46612903225807,1.966129032258067,52.3,57.024193548387096,4.724193548387099,32.5,36.59046920821115,4.090469208211147,29.6,31.227321603128054,1.6273216031280526,34.1,37.34037145650049,3.2403714565004904
1253,F,162.2,63.0,0.0021109001245349646,7.750000804662704e-05,89.5,94.48912512218963,4.989125122189634,76.5,82.07236070381231,5.572360703812308,100.0,95.46612903225807,-4.533870967741933,59.4,57.024193548387096,-2.3758064516129025,38.8,36.59046920821115,-2.2095307917888505,30.2,31.227321603128054,1.0273216031280548,35.3,37.34037145650049,2.0403714565004947
1321,F,167.9,49.7,0.0021109001245349646,7.750000804662704e-05,82.7,94.48912512218963,11.789125122189631,63.1,82.07236070381231,18.972360703812306,86.0,95.46612903225807,9.466129032258067,52.3,57.024193548387096,4.724193548387099,32.6,36.59046920821115,3.9904692082111453,24.9,31.227321603128054,6.3273216031280555,33.9,37.34037145650049,3.4403714565004933
1600,M,174.1,83.1,0.0021109001245349646,7.750000804662704e-05,108.5,94.48912512218963,-14.010874877810366,98.9,82.07236070381231,-16.827639296187698,103.9,95.46612903225807,-8.433870967741939,57.3,57.024193548387096,-0.27580645161290107,35.1,36.59046920821115,1.4904692082111453,33.3,31.227321603128054,-2.072678396871943,42.4,37.34037145650049,-5.059628543499507
534,M,173.0,67.3,0.0021109001245349646,7.750000804662704e-05,98.3,94.48912512218963,-3.810874877810363,78.2,82.07236070381231,3.872360703812305,94.9,95.46612903225807,0.5661290322580612,56.5,57.024193548387096,0.5241935483870961,36.3,36.59046920821115,0.2904692082111495,32.3,31.227321603128054,-1.072678396871943,42.2,37.34037145650049,-4.859628543499511
4083,F,163.5,52.6,0.0021109001245349646,7.750000804662704e-05,84.8,94.48912512218963,9.689125122189637,66.8,82.07236070381231,15.27236070381231,90.7,95.46612903225807,4.766129032258064,55.4,57.024193548387096,1.6241935483870975,31.7,36.59046920821115,4.890469208211147,27.2,31.227321603128054,4.027321603128055,35.4,37.34037145650049,1.9403714565004933
3322,M,172.0,70.0,0.0021109001245349646,7.750000804662704e-05,98.4,94.48912512218963,-3.9108748778103717,79.3,82.07236070381231,2.7723607038123106,98.6,95.46612903225807,-3.1338709677419274,61.2,57.024193548387096,-4.175806451612907,36.9,36.59046920821115,-0.3095307917888519,32.5,31.227321603128054,-1.272678396871946,40.8,37.34037145650049,-3.4596285434995053
3459,F,158.0,62.5,0.0021109001245349646,7.750000804662704e-05,91.2,94.48912512218963,3.289125122189631,84.6,82.07236070381231,-2.5276392961876866,93.3,95.46612903225807,2.1661290322580697,53.8,57.024193548387096,3.224193548387099,38.3,36.59046920821115,-1.7095307917888505,30.5,31.227321603128054,0.727321603128054,37.1,37.34037145650049,0.2403714565004904
443,F,162.0,56.2,0.0021109001245349646,7.750000804662704e-05,87.0,94.48912512218963,7.489125122189634,75.5,82.07236070381231,6.572360703812308,93.7,95.46612903225807,1.766129032258064,57.0,57.024193548387096,0.024193548387096087,36.4,36.59046920821115,0.1904692082111481,29.0,31.227321603128054,2.227321603128054,34.5,37.34037145650049,2.840371456500492
1583,M,180.2,82.9,0.0021109001245349646,7.750000804662704e-05,107.8,94.48912512218963,-13.310874877810363,87.7,82.07236070381231,-5.627639296187695,100.2,95.46612903225807,-4.733870967741936,62.0,57.024193548387096,-4.975806451612904,38.9,36.59046920821115,-2.309530791788852,35.1,31.227321603128054,-3.8726783968719474,40.9,37.34037145650049,-3.5596285434995067
195,M,166.5,63.8,0.0021109001245349646,7.750000804662704e-05,95.0,94.48912512218963,-0.510874877810366,78.5,82.07236070381231,3.5723607038123077,90.7,95.46612903225807,4.766129032258064,57.5,57.024193548387096,-0.4758064516129039,36.5,36.59046920821115,0.09046920821114668,31.0,31.227321603128054,0.22732160312805405,36.7,37.34037145650049,0.640371456500489
4335,M,171.0,71.9,0.0021109001245349646,7.750000804662704e-05,98.6,94.48912512218963,-4.11087487781036,93.8,82.07236070381231,-11.72763929618769,95.5,95.46612903225807,-0.0338709677419331,53.0,57.024193548387096,4.024193548387096,36.7,36.59046920821115,-0.10953079178885616,30.8,31.227321603128054,0.42732160312805334,40.1,37.34037145650049,-2.7596285434995096
4605,M,164.8,59.6,0.0021109001245349646,7.750000804662704e-05,94.0,94.48912512218963,0.489125122189634,87.5,82.07236070381231,-5.427639296187692,87.2,95.46612903225807,8.266129032258064,48.2,57.024193548387096,8.824193548387093,34.3,36.59046920821115,2.2904692082111495,29.5,31.227321603128054,1.727321603128054,36.6,37.34037145650049,0.7403714565004904
952,F,171.3,67.3,0.0021109001245349646,7.750000804662704e-05,92.0,94.48912512218963,2.489125122189634,77.6,82.07236070381231,4.472360703812313,100.0,95.46612903225807,-4.533870967741933,59.7,57.024193548387096,-2.6758064516129068,37.8,36.59046920821115,-1.2095307917888505,31.8,31.227321603128054,-0.5726783968719467,38.3,37.34037145650049,-0.9596285434995053
1235,M,176.4,67.9,0.0021109001245349646,7.750000804662704e-05,96.7,94.48912512218963,-2.210874877810369,74.3,82.07236070381231,7.772360703812311,98.5,95.46612903225807,-3.033870967741933,54.0,57.024193548387096,3.024193548387096,36.7,36.59046920821115,-0.10953079178885616,32.0,31.227321603128054,-0.772678396871946,42.0,37.34037145650049,-4.659628543499508
3131,F,157.1,47.8,0.0021109001245349646,7.750000804662704e-05,78.4,94.48912512218963,16.08912512218963,68.0,82.07236070381231,14.072360703812308,90.8,95.46612903225807,4.66612903225807,50.6,57.024193548387096,6.424193548387095,33.0,36.59046920821115,3.5904692082111467,24.7,31.227321603128054,6.527321603128055,33.7,37.34037145650049,3.640371456500489
3918,M,178.2,80.5,0.0021109001245349646,7.750000804662704e-05,109.0,94.48912512218963,-14.510874877810366,86.1,82.07236070381231,-4.027639296187687,97.7,95.46612903225807,-2.233870967741936,59.2,57.024193548387096,-2.1758064516129068,37.9,36.59046920821115,-1.309530791788852,36.5,31.227321603128054,-5.272678396871946,40.3,37.34037145650049,-2.9596285434995053
5089,M,174.8,73.0,0.0021109001245349646,7.750000804662704e-05,102.6,94.48912512218963,-8.11087487781036,83.2,82.07236070381231,-1.127639296187695,97.1,95.46612903225807,-1.6338709677419274,55.5,57.024193548387096,1.524193548387096,38.3,36.59046920821115,-1.7095307917888505,31.5,31.227321603128054,-0.27267839687194595,38.0,37.34037145650049,-0.6596285434995082
2662,F,153.4,58.7,0.0021109001245349646,7.750000804662704e-05,95.5,94.48912512218963,-1.010874877810366,86.0,82.07236070381231,-3.9276392961876923,88.9,95.46612903225807,6.566129032258061,57.3,57.024193548387096,-0.27580645161290107,34.0,36.59046920821115,2.5904692082111467,31.5,31.227321603128054,-0.27267839687194595,35.8,37.34037145650049,1.5403714565004947
4015,M,171.6,77.1,0.0021109001245349646,7.750000804662704e-05,101.2,94.48912512218963,-6.710874877810369,91.7,82.07236070381231,-9.627639296187695,101.0,95.46612903225807,-5.533870967741933,59.7,57.024193548387096,-2.6758064516129068,38.0,36.59046920821115,-1.4095307917888533,32.3,31.227321603128054,-1.072678396871943,40.4,37.34037145650049,-3.0596285434995067
4984,F,153.8,48.2,0.0021109001245349646,7.750000804662704e-05,81.1,94.48912512218963,13.38912512218964,65.0,82.07236070381231,17.072360703812308,86.8,95.46612903225807,8.66612903225807,52.3,57.024193548387096,4.724193548387099,32.9,36.59046920821115,3.690469208211148,27.8,31.227321603128054,3.4273216031280533,33.2,37.34037145650049,4.140371456500489
644,F,164.9,73.1,0.0021109001245349646,7.750000804662704e-05,99.4,94.48912512218963,-4.910874877810372,85.7,82.07236070381231,-3.627639296187695,99.8,95.46612903225807,-4.33387096774193,62.9,57.024193548387096,-5.8758064516129025,39.5,36.59046920821115,-2.9095307917888533,33.0,31.227321603128054,-1.772678396871946,38.0,37.34037145650049,-0.6596285434995082
2021,M,165.7,76.4,0.0021109001245349646,7.750000804662704e-05,100.0,94.48912512218963,-5.510874877810366,99.9,82.07236070381231,-17.827639296187698,95.6,95.46612903225807,-0.13387096774192742,56.8,57.024193548387096,0.22419354838709893,37.2,36.59046920821115,-0.6095307917888562,34.2,31.227321603128054,-2.972678396871949,38.7,37.34037145650049,-1.359628543499511
3666,F,162.2,79.8,0.0021109001245349646,7.750000804662704e-05,104.2,94.48912512218963,-9.710874877810369,99.3,82.07236070381231,-17.22763929618769,102.3,95.46612903225807,-6.83387096774193,62.7,57.024193548387096,-5.675806451612907,40.2,36.59046920821115,-3.609530791788856,35.7,31.227321603128054,-4.472678396871949,36.8,37.34037145650049,0.5403714565004947
1424,F,166.8,66.2,0.0021109001245349646,7.750000804662704e-05,96.1,94.48912512218963,-1.6108748778103603,76.7,82.07236070381231,5.372360703812305,100.7,95.46612903225807,-5.233870967741936,58.9,57.024193548387096,-1.8758064516129025,38.5,36.59046920821115,-1.9095307917888533,28.6,31.227321603128054,2.6273216031280526,36.1,37.34037145650049,1.2403714565004904
4486,M,167.7,78.7,0.0021109001245349646,7.750000804662704e-05,106.0,94.48912512218963,-11.510874877810366,87.0,82.07236070381231,-4.927639296187692,99.3,95.46612903225807,-3.8338709677419303,59.8,57.024193548387096,-2.775806451612901,38.7,36.59046920821115,-2.109530791788856,34.5,31.227321603128054,-3.272678396871946,39.8,37.34037145650049,-2.4596285434995053
120,F,163.8,61.2,0.0021109001245349646,7.750000804662704e-05,89.4,94.48912512218963,5.089125122189628,80.9,82.07236070381231,1.172360703812302,96.3,95.46612903225807,-0.8338709677419303,58.5,57.024193548387096,-1.475806451612904,35.5,36.59046920821115,1.0904692082111467,32.0,31.227321603128054,-0.772678396871946,37.8,37.34037145650049,-0.4596285434995053
2015,M,166.3,67.6,0.0021109001245349646,7.750000804662704e-05,101.8,94.48912512218963,-7.310874877810363,89.0,82.07236070381231,-6.927639296187692,95.9,95.46612903225807,-0.4338709677419388,57.5,57.024193548387096,-0.4758064516129039,36.5,36.59046920821115,0.09046920821114668,33.3,31.227321603128054,-2.072678396871943,37.9,37.34037145650049,-0.5596285434995067
4385,M,169.4,66.3,0.0021109001245349646,7.750000804662704e-05,96.2,94.48912512218963,-1.7108748778103688,82.9,82.07236070381231,-0.8276392961876979,91.0,95.46612903225807,4.466129032258067,50.9,57.024193548387096,6.1241935483870975,37.9,36.59046920821115,-1.309530791788852,28.8,31.227321603128054,2.4273216031280533,40.2,37.34037145650049,-2.859628543499511
2330,F,160.8,80.7,0.0021109001245349646,7.750000804662704e-05,104.0,94.48912512218963,-9.510874877810366,95.7,82.07236070381231,-13.627639296187695,105.1,95.46612903225807,-9.633870967741927,71.6,57.024193548387096,-14.575806451612898,40.3,36.59046920821115,-3.7095307917888505,36.5,31.227321603128054,-5.272678396871946,37.1,37.34037145650049,0.2403714565004904
4979,F,172.7,64.4,0.0021109001245349646,7.750000804662704e-05,87.6,94.48912512218963,6.88912512218964,73.7,82.07236070381231,8.372360703812305,98.2,95.46612903225807,-2.733870967741936,57.7,57.024193548387096,-0.6758064516129068,35.5,36.59046920821115,1.0904692082111467,29.1,31.227321603128054,2.1273216031280526,37.6,37.34037145650049,-0.2596285434995096
3050,F,174.4,59.6,0.0021109001245349646,7.750000804662704e-05,88.7,94.48912512218963,5.789125122189631,68.6,82.07236070381231,13.472360703812313,97.0,95.46612903225807,-1.533870967741933,56.3,57.024193548387096,0.7241935483870989,35.5,36.59046920821115,1.0904692082111467,30.5,31.227321603128054,0.727321603128054,34.5,37.34037145650049,2.840371456500492
2333,F,152.0,53.3,0.0021109001245349646,7.750000804662704e-05,93.0,94.48912512218963,1.489125122189634,83.3,82.07236070381231,-1.2276392961876894,92.0,95.46612903225807,3.466129032258067,56.0,57.024193548387096,1.024193548387096,32.3,36.59046920821115,4.2904692082111495,28.4,31.227321603128054,2.8273216031280555,34.2,37.34037145650049,3.140371456500489
134,F,163.4,54.4,0.0021109001245349646,7.750000804662704e-05,88.7,94.48912512218963,5.789125122189631,73.7,82.07236070381231,8.372360703812305,89.0,95.46612903225807,6.466129032258067,52.3,57.024193548387096,4.724193548387099,35.7,36.59046920821115,0.8904692082111438,26.8,31.227321603128054,4.427321603128053,35.5,37.34037145650049,1.8403714565004918
2685,M,163.7,74.0,0.0021109001245349646,7.750000804662704e-05,101.1,94.48912512218963,-6.61087487781036,96.8,82.07236070381231,-14.72763929618769,95.2,95.46612903225807,0.26612903225806406,59.3,57.024193548387096,-2.275806451612901,39.0,36.59046920821115,-2.4095307917888533,37.8,31.227321603128054,-6.572678396871943,39.0,37.34037145650049,-1.6596285434995082
4182,M,179.0,95.3,0.0021109001245349646,7.750000804662704e-05,105.2,94.48912512218963,-10.710874877810369,97.9,82.07236070381231,-15.827639296187698,108.1,95.46612903225807,-12.633870967741927,67.2,57.024193548387096,-10.175806451612907,42.4,36.59046920821115,-5.809530791788852,36.3,31.227321603128054,-5.072678396871943,40.4,37.34037145650049,-3.0596285434995067
1992,M,178.7,78.8,0.0021109001245349646,7.750000804662704e-05,105.0,94.48912512218963,-10.510874877810366,93.0,82.07236070381231,-10.927639296187692,101.9,95.46612903225807,-6.433870967741939,59.4,57.024193548387096,-2.3758064516129025,40.8,36.59046920821115,-4.2095307917888505,33.1,31.227321603128054,-1.8726783968719474,40.8,37.34037145650049,-3.4596285434995053
2614,M,168.1,75.0,0.0021109001245349646,7.750000804662704e-05,101.3,94.48912512218963,-6.810874877810363,93.9,82.07236070381231,-11.827639296187698,97.0,95.46612903225807,-1.533870967741933,60.6,57.024193548387096,-3.5758064516129053,39.0,36.59046920821115,-2.4095307917888533,33.5,31.227321603128054,-2.272678396871946,40.4,37.34037145650049,-3.0596285434995067
184,M,185.3,85.8,0.0021109001245349646,7.750000804662704e-05,104.6,94.48912512218963,-10.11087487781036,85.0,82.07236070381231,-2.9276392961876923,103.0,95.46612903225807,-7.533870967741933,62.2,57.024193548387096,-5.175806451612907,39.9,36.59046920821115,-3.309530791788852,32.4,31.227321603128054,-1.1726783968719445,42.0,37.34037145650049,-4.659628543499508
1620,M,164.7,64.5,0.0021109001245349646,7.750000804662704e-05,99.5,94.48912512218963,-5.010874877810366,82.3,82.07236070381231,-0.2276392961876894,99.0,95.46612903225807,-3.533870967741933,58.4,57.024193548387096,-1.3758064516129025,36.0,36.59046920821115,0.5904692082111467,31.5,31.227321603128054,-0.27267839687194595,37.8,37.34037145650049,-0.4596285434995053
4442,F,154.5,53.4,0.0021109001245349646,7.750000804662704e-05,88.8,94.48912512218963,5.689125122189637,79.0,82.07236070381231,3.0723607038123077,89.8,95.46612903225807,5.66612903225807,52.8,57.024193548387096,4.224193548387099,33.5,36.59046920821115,3.0904692082111467,30.0,31.227321603128054,1.227321603128054,35.3,37.34037145650049,2.0403714565004947
511,M,163.5,63.3,0.0021109001245349646,7.750000804662704e-05,96.1,94.48912512218963,-1.6108748778103603,84.5,82.07236070381231,-2.4276392961876923,90.3,95.46612903225807,5.16612903225807,53.4,57.024193548387096,3.6241935483870975,37.6,36.59046920821115,-1.0095307917888547,32.4,31.227321603128054,-1.1726783968719445,38.3,37.34037145650049,-0.9596285434995053
1209,M,176.2,71.9,0.0021109001245349646,7.750000804662704e-05,94.3,94.48912512218963,0.18912512218963684,79.9,82.07236070381231,2.172360703812302,95.5,95.46612903225807,-0.0338709677419331,57.3,57.024193548387096,-0.27580645161290107,39.1,36.59046920821115,-2.5095307917888547,31.9,31.227321603128054,-0.6726783968719445,38.8,37.34037145650049,-1.4596285434995053
62,F,158.5,47.4,0.0021109001245349646,7.750000804662704e-05,84.5,94.48912512218963,9.989125122189634,70.1,82.07236070381231,11.972360703812313,85.5,95.46612903225807,9.966129032258067,50.5,57.024193548387096,6.524193548387096,31.2,36.59046920821115,5.390469208211147,28.1,31.227321603128054,3.1273216031280526,34.5,37.34037145650049,2.840371456500492
3274,F,159.1,55.7,0.0021109001245349646,7.750000804662704e-05,83.0,94.48912512218963,11.489125122189634,78.2,82.07236070381231,3.872360703812305,92.6,95.46612903225807,2.8661290322580726,53.3,57.024193548387096,3.724193548387099,36.5,36.59046920821115,0.09046920821114668,28.5,31.227321603128054,2.727321603128054,36.4,37.34037145650049,0.9403714565004933
2778,M,165.0,59.1,0.0021109001245349646,7.750000804662704e-05,92.7,94.48912512218963,1.7891251221896312,78.5,82.07236070381231,3.5723607038123077,86.4,95.46612903225807,9.066129032258061,53.4,57.024193548387096,3.6241935483870975,38.0,36.59046920821115,-1.4095307917888533,30.7,31.227321603128054,0.5273216031280548,36.5,37.34037145650049,0.8403714565004918
3868,F,152.5,52.3,0.0021109001245349646,7.750000804662704e-05,88.3,94.48912512218963,6.189125122189637,81.2,82.07236070381231,0.8723607038123049,91.8,95.46612903225807,3.6661290322580697,54.7,57.024193548387096,2.3241935483870932,34.6,36.59046920821115,1.9904692082111453,28.0,31.227321603128054,3.227321603128054,33.8,37.34037145650049,3.5403714565004947
1126,F,163.0,62.4,0.0021109001245349646,7.750000804662704e-05,93.0,94.48912512218963,1.489125122189634,81.6,82.07236070381231,0.47236070381231343,98.0,95.46612903225807,-2.533870967741933,57.1,57.024193548387096,-0.07580645161290533,36.5,36.59046920821115,0.09046920821114668,30.9,31.227321603128054,0.32732160312805547,33.8,37.34037145650049,3.5403714565004947
838,M,178.6,79.3,0.0021109001245349646,7.750000804662704e-05,108.4,94.48912512218963,-13.910874877810372,80.7,82.07236070381231,1.372360703812305,96.4,95.46612903225807,-0.9338709677419388,59.4,57.024193548387096,-2.3758064516129025,37.8,36.59046920821115,-1.2095307917888505,37.5,31.227321603128054,-6.272678396871946,40.1,37.34037145650049,-2.7596285434995096
251,F,152.2,52.8,0.0021109001245349646,7.750000804662704e-05,86.4,94.48912512218963,8.089125122189628,73.6,82.07236070381231,8.472360703812313,92.2,95.46612903225807,3.266129032258064,56.8,57.024193548387096,0.22419354838709893,34.3,36.59046920821115,2.2904692082111495,31.5,31.227321603128054,-0.27267839687194595,32.9,37.34037145650049,4.440371456500493
625,F,164.4,52.2,0.0021109001245349646,7.750000804662704e-05,84.1,94.48912512218963,10.38912512218964,67.9,82.07236070381231,14.172360703812302,92.3,95.46612903225807,3.1661290322580697,52.9,57.024193548387096,4.1241935483870975,34.7,36.59046920821115,1.8904692082111438,27.2,31.227321603128054,4.027321603128055,32.7,37.34037145650049,4.640371456500489
2755,F,152.6,44.0,0.0021109001245349646,7.750000804662704e-05,79.7,94.48912512218963,14.789125122189631,63.3,82.07236070381231,18.77236070381231,84.6,95.46612903225807,10.866129032258073,50.9,57.024193548387096,6.1241935483870975,31.8,36.59046920821115,4.790469208211146,27.7,31.227321603128054,3.5273216031280548,34.5,37.34037145650049,2.840371456500492
4463,F,145.5,49.1,0.0021109001245349646,7.750000804662704e-05,82.5,94.48912512218963,11.989125122189634,80.8,82.07236070381231,1.2723607038123106,87.4,95.46612903225807,8.066129032258061,51.8,57.024193548387096,5.224193548387099,31.4,36.59046920821115,5.190469208211148,29.5,31.227321603128054,1.727321603128054,31.5,37.34037145650049,5.840371456500492
4638,F,160.4,51.1,0.0021109001245349646,7.750000804662704e-05,81.0,94.48912512218963,13.489125122189634,70.7,82.07236070381231,11.372360703812305,90.6,95.46612903225807,4.866129032258073,53.4,57.024193548387096,3.6241935483870975,32.0,36.59046920821115,4.590469208211147,28.6,31.227321603128054,2.6273216031280526,30.8,37.34037145650049,6.540371456500491
1612,M,168.3,89.1,0.0021109001245349646,7.750000804662704e-05,120.0,94.48912512218963,-25.510874877810366,101.0,82.07236070381231,-18.927639296187692,102.8,95.46612903225807,-7.33387096774193,66.1,57.024193548387096,-9.075806451612898,40.1,36.59046920821115,-3.5095307917888547,40.4,31.227321603128054,-9.172678396871945,42.3,37.34037145650049,-4.959628543499505
122,F,162.8,64.5,0.0021109001245349646,7.750000804662704e-05,93.5,94.48912512218963,0.989125122189634,81.9,82.07236070381231,0.17236070381230206,98.0,95.46612903225807,-2.533870967741933,62.1,57.024193548387096,-5.075806451612905,38.0,36.59046920821115,-1.4095307917888533,31.1,31.227321603128054,0.12732160312805263,35.4,37.34037145650049,1.9403714565004933
3085,M,172.8,71.5,0.0021109001245349646,7.750000804662704e-05,107.9,94.48912512218963,-13.410874877810372,77.6,82.07236070381231,4.472360703812313,94.6,95.46612903225807,0.8661290322580726,54.6,57.024193548387096,2.4241935483870947,38.2,36.59046920821115,-1.6095307917888562,33.4,31.227321603128054,-2.1726783968719445,42.6,37.34037145650049,-5.25962854349951
1020,M,175.9,71.2,0.0021109001245349646,7.750000804662704e-05,99.8,94.48912512218963,-5.310874877810363,80.5,82.07236070381231,1.5723607038123077,95.7,95.46612903225807,-0.23387096774193594,56.3,57.024193548387096,0.7241935483870989,37.2,36.59046920821115,-0.6095307917888562,30.6,31.227321603128054,0.6273216031280526,40.4,37.34037145650049,-3.0596285434995067
3576,F,158.3,52.6,0.0021109001245349646,7.750000804662704e-05,87.3,94.48912512218963,7.189125122189637,71.2,82.07236070381231,10.872360703812305,89.5,95.46612903225807,5.966129032258067,50.0,57.024193548387096,7.024193548387096,33.8,36.59046920821115,2.7904692082111495,27.2,31.227321603128054,4.027321603128055,34.7,37.34037145650049,2.640371456500489
2552,F,153.2,52.4,0.0021109001245349646,7.750000804662704e-05,88.5,94.48912512218963,5.989125122189634,84.4,82.07236070381231,-2.327639296187698,92.4,95.46612903225807,3.066129032258061,54.5,57.024193548387096,2.524193548387096,32.2,36.59046920821115,4.390469208211144,29.9,31.227321603128054,1.3273216031280555,32.1,37.34037145650049,5.24037145650049
1533,M,164.3,61.6,0.0021109001245349646,7.750000804662704e-05,100.0,94.48912512218963,-5.510874877810366,72.3,82.07236070381231,9.77236070381231,89.5,95.46612903225807,5.966129032258067,52.0,57.024193548387096,5.024193548387096,34.7,36.59046920821115,1.8904692082111438,31.7,31.227321603128054,-0.47267839687194524,37.2,37.34037145650049,0.140371456500489
567,F,165.7,55.7,0.0021109001245349646,7.750000804662704e-05,88.4,94.48912512218963,6.089125122189628,72.9,82.07236070381231,9.172360703812302,92.7,95.46612903225807,2.766129032258064,57.9,57.024193548387096,-0.8758064516129025,34.3,36.59046920821115,2.2904692082111495,27.5,31.227321603128054,3.727321603128054,32.8,37.34037145650049,4.540371456500495
1886,F,164.0,68.3,0.0021109001245349646,7.750000804662704e-05,99.7,94.48912512218963,-5.210874877810369,88.7,82.07236070381231,-6.627639296187695,100.9,95.46612903225807,-5.433870967741939,60.6,57.024193548387096,-3.5758064516129053,39.5,36.59046920821115,-2.9095307917888533,33.0,31.227321603128054,-1.772678396871946,36.8,37.34037145650049,0.5403714565004947
3323,M,164.2,60.2,0.0021109001245349646,7.750000804662704e-05,94.2,94.48912512218963,0.28912512218963116,74.0,82.07236070381231,8.072360703812308,92.2,95.46612903225807,3.266129032258064,54.5,57.024193548387096,2.524193548387096,36.6,36.59046920821115,-0.009530791788854742,30.3,31.227321603128054,0.9273216031280533,38.3,37.34037145650049,-0.9596285434995053
693,M,175.8,72.0,0.0021109001245349646,7.750000804662704e-05,96.8,94.48912512218963,-2.310874877810363,77.3,82.07236070381231,4.772360703812311,94.5,95.46612903225807,0.9661290322580669,58.9,57.024193548387096,-1.8758064516129025,38.5,36.59046920821115,-1.9095307917888533,33.9,31.227321603128054,-2.6726783968719445,41.6,37.34037145650049,-4.25962854349951
3655,F,170.0,60.8,0.0021109001245349646,7.750000804662704e-05,96.0,94.48912512218963,-1.510874877810366,79.8,82.07236070381231,2.2723607038123106,90.2,95.46612903225807,5.266129032258064,53.3,57.024193548387096,3.724193548387099,36.0,36.59046920821115,0.5904692082111467,31.7,31.227321603128054,-0.47267839687194524,35.8,37.34037145650049,1.5403714565004947
3381,F,153.7,63.8,0.0021109001245349646,7.750000804662704e-05,92.7,94.48912512218963,1.7891251221896312,92.2,82.07236070381231,-10.127639296187695,93.1,95.46612903225807,2.3661290322580726,55.0,57.024193548387096,2.024193548387096,37.1,36.59046920821115,-0.5095307917888547,30.5,31.227321603128054,0.727321603128054,36.9,37.34037145650049,0.44037145650049325
1534,M,174.8,69.8,0.0021109001245349646,7.750000804662704e-05,95.4,94.48912512218963,-0.9108748778103717,79.0,82.07236070381231,3.0723607038123077,97.7,95.46612903225807,-2.233870967741936,57.5,57.024193548387096,-0.4758064516129039,33.3,36.59046920821115,3.2904692082111495,35.6,31.227321603128054,-4.372678396871947,41.5,37.34037145650049,-4.159628543499508
4072,F,160.2,52.0,0.0021109001245349646,7.750000804662704e-05,84.6,94.48912512218963,9.88912512218964,79.0,82.07236070381231,3.0723607038123077,87.2,95.46612903225807,8.266129032258064,51.2,57.024193548387096,5.824193548387093,30.6,36.59046920821115,5.990469208211145,29.2,31.227321603128054,2.0273216031280548,34.7,37.34037145650049,2.640371456500489
1340,M,170.2,67.7,0.0021109001245349646,7.750000804662704e-05,100.7,94.48912512218963,-6.210874877810369,83.2,82.07236070381231,-1.127639296187695,90.9,95.46612903225807,4.566129032258061,54.1,57.024193548387096,2.9241935483870947,37.0,36.59046920821115,-0.4095307917888533,30.8,31.227321603128054,0.42732160312805334,38.5,37.34037145650049,-1.1596285434995082
3927,M,171.6,68.8,0.0021109001245349646,7.750000804662704e-05,100.4,94.48912512218963,-5.910874877810372,85.9,82.07236070381231,-3.827639296187698,93.7,95.46612903225807,1.766129032258064,55.7,57.024193548387096,1.3241935483870932,37.2,36.59046920821115,-0.6095307917888562,32.5,31.227321603128054,-1.272678396871946,39.1,37.34037145650049,-1.7596285434995096
3954,F,165.3,58.6,0.0021109001245349646,7.750000804662704e-05,87.3,94.48912512218963,7.189125122189637,73.2,82.07236070381231,8.872360703812305,86.7,95.46612903225807,8.766129032258064,55.9,57.024193548387096,1.1241935483870975,35.6,36.59046920821115,0.9904692082111453,28.0,31.227321603128054,3.227321603128054,36.5,37.34037145650049,0.8403714565004918
720,F,155.8,45.2,0.0021109001245349646,7.750000804662704e-05,79.0,94.48912512218963,15.489125122189634,64.1,82.07236070381231,17.972360703812313,85.3,95.46612903225807,10.16612903225807,49.3,57.024193548387096,7.724193548387099,32.6,36.59046920821115,3.9904692082111453,23.8,31.227321603128054,7.427321603128053,33.6,37.34037145650049,3.7403714565004904
2820,F,156.8,59.5,0.0021109001245349646,7.750000804662704e-05,89.5,94.48912512218963,4.989125122189634,76.8,82.07236070381231,5.272360703812311,98.0,95.46612903225807,-2.533870967741933,57.8,57.024193548387096,-0.7758064516129011,37.3,36.59046920821115,-0.7095307917888505,29.2,31.227321603128054,2.0273216031280548,35.9,37.34037145650049,1.4403714565004933
2119,F,155.0,48.9,0.0021109001245349646,7.750000804662704e-05,86.0,94.48912512218963,8.489125122189634,77.5,82.07236070381231,4.572360703812308,86.4,95.46612903225807,9.066129032258061,50.2,57.024193548387096,6.824193548387093,31.3,36.59046920821115,5.290469208211146,27.3,31.227321603128054,3.9273216031280533,36.3,37.34037145650049,1.0403714565004947
1505,M,179.4,75.7,0.0021109001245349646,7.750000804662704e-05,96.3,94.48912512218963,-1.8108748778103632,82.9,82.07236070381231,-0.8276392961876979,100.3,95.46612903225807,-4.83387096774193,61.2,57.024193548387096,-4.175806451612907,38.0,36.59046920821115,-1.4095307917888533,32.4,31.227321603128054,-1.1726783968719445,41.3,37.34037145650049,-3.9596285434995053
2110,F,160.2,57.9,0.0021109001245349646,7.750000804662704e-05,88.9,94.48912512218963,5.589125122189628,81.0,82.07236070381231,1.0723607038123077,97.0,95.46612903225807,-1.533870967741933,59.9,57.024193548387096,-2.8758064516129025,33.9,36.59046920821115,2.690469208211148,29.7,31.227321603128054,1.5273216031280548,37.2,37.34037145650049,0.140371456500489
3333,M,166.9,67.8,0.0021109001245349646,7.750000804662704e-05,98.0,94.48912512218963,-3.510874877810366,86.5,82.07236070381231,-4.427639296187692,95.0,95.46612903225807,0.4661290322580669,52.7,57.024193548387096,4.324193548387093,37.5,36.59046920821115,-0.9095307917888533,30.5,31.227321603128054,0.727321603128054,40.5,37.34037145650049,-3.159628543499508
602,F,161.8,54.1,0.0021109001245349646,7.750000804662704e-05,85.4,94.48912512218963,9.089125122189628,69.0,82.07236070381231,13.072360703812308,95.9,95.46612903225807,-0.4338709677419388,57.2,57.024193548387096,-0.17580645161290676,34.3,36.59046920821115,2.2904692082111495,29.3,31.227321603128054,1.9273216031280533,35.4,37.34037145650049,1.9403714565004933
5059,M,161.5,63.9,0.0021109001245349646,7.750000804662704e-05,99.3,94.48912512218963,-4.810874877810363,80.4,82.07236070381231,1.672360703812302,90.9,95.46612903225807,4.566129032258061,58.1,57.024193548387096,-1.0758064516129053,37.6,36.59046920821115,-1.0095307917888547,30.2,31.227321603128054,1.0273216031280548,36.4,37.34037145650049,0.9403714565004933
4570,F,156.7,59.6,0.0021109001245349646,7.750000804662704e-05,86.7,94.48912512218963,7.789125122189631,83.0,82.07236070381231,-0.9276392961876923,97.0,95.46612903225807,-1.533870967741933,58.2,57.024193548387096,-1.1758064516129068,35.7,36.59046920821115,0.8904692082111438,29.8,31.227321603128054,1.4273216031280533,34.8,37.34037145650049,2.5403714565004947
3408,M,175.0,72.2,0.0021109001245349646,7.750000804662704e-05,97.7,94.48912512218963,-3.210874877810369,83.0,82.07236070381231,-0.9276392961876923,95.2,95.46612903225807,0.26612903225806406,56.6,57.024193548387096,0.42419354838709467,36.1,36.59046920821115,0.49046920821114526,31.5,31.227321603128054,-0.27267839687194595,39.4,37.34037145650049,-2.0596285434995067
3318,M,174.1,80.6,0.0021109001245349646,7.750000804662704e-05,100.2,94.48912512218963,-5.710874877810369,100.2,82.07236070381231,-18.127639296187695,98.3,95.46612903225807,-2.8338709677419303,58.1,57.024193548387096,-1.0758064516129053,39.5,36.59046920821115,-2.9095307917888533,31.0,31.227321603128054,0.22732160312805405,38.2,37.34037145650049,-0.859628543499511
4161,F,155.3,58.0,0.0021109001245349646,7.750000804662704e-05,89.4,94.48912512218963,5.089125122189628,84.7,82.07236070381231,-2.627639296187695,93.6,95.46612903225807,1.8661290322580726,54.5,57.024193548387096,2.524193548387096,34.0,36.59046920821115,2.5904692082111467,30.5,31.227321603128054,0.727321603128054,35.3,37.34037145650049,2.0403714565004947
318,F,165.5,53.9,0.0021109001245349646,7.750000804662704e-05,83.4,94.48912512218963,11.089125122189628,72.7,82.07236070381231,9.372360703812305,90.4,95.46612903225807,5.066129032258061,51.8,57.024193548387096,5.224193548387099,34.3,36.59046920821115,2.2904692082111495,27.3,31.227321603128054,3.9273216031280533,34.5,37.34037145650049,2.840371456500492
4526,M,176.5,100.4,0.0021109001245349646,7.750000804662704e-05,114.3,94.48912512218963,-19.810874877810363,110.3,82.07236070381231,-28.22763929618769,113.5,95.46612903225807,-18.033870967741933,67.9,57.024193548387096,-10.87580645161291,43.9,36.59046920821115,-7.309530791788852,39.1,31.227321603128054,-7.872678396871947,40.9,37.34037145650049,-3.5596285434995067
1491,M,177.7,69.0,0.0021109001245349646,7.750000804662704e-05,99.9,94.48912512218963,-5.410874877810372,79.6,82.07236070381231,2.4723607038123134,95.8,95.46612903225807,-0.33387096774193026,57.4,57.024193548387096,-0.3758064516129025,37.1,36.59046920821115,-0.5095307917888547,29.6,31.227321603128054,1.6273216031280526,40.8,37.34037145650049,-3.4596285434995053
274,F,163.5,90.3,0.0021109001245349646,7.750000804662704e-05,110.9,94.48912512218963,-16.41087487781037,100.8,82.07236070381231,-18.72763929618769,112.5,95.46612903225807,-17.033870967741933,69.9,57.024193548387096,-12.87580645161291,43.1,36.59046920821115,-6.509530791788855,38.8,31.227321603128054,-7.572678396871943,40.3,37.34037145650049,-2.9596285434995053
3488,M,168.5,73.9,0.0021109001245349646,7.750000804662704e-05,102.8,94.48912512218963,-8.310874877810363,91.9,82.07236070381231,-9.827639296187698,97.5,95.46612903225807,-2.033870967741933,57.9,57.024193548387096,-0.8758064516129025,39.7,36.59046920821115,-3.109530791788856,37.5,31.227321603128054,-6.272678396871946,41.5,37.34037145650049,-4.159628543499508
549,M,177.5,75.3,0.0021109001245349646,7.750000804662704e-05,98.7,94.48912512218963,-4.210874877810369,82.9,82.07236070381231,-0.8276392961876979,96.9,95.46612903225807,-1.4338709677419388,60.7,57.024193548387096,-3.6758064516129068,37.3,36.59046920821115,-0.7095307917888505,35.4,31.227321603128054,-4.1726783968719445,39.2,37.34037145650049,-1.859628543499511
4712,F,166.8,50.5,0.0021109001245349646,7.750000804662704e-05,78.3,94.48912512218963,16.189125122189637,66.8,82.07236070381231,15.27236070381231,88.6,95.46612903225807,6.866129032258073,49.0,57.024193548387096,8.024193548387096,34.0,36.59046920821115,2.5904692082111467,25.2,31.227321603128054,6.027321603128055,36.3,37.34037145650049,1.0403714565004947
1839,F,162.3,55.5,0.0021109001245349646,7.750000804662704e-05,86.0,94.48912512218963,8.489125122189634,77.1,82.07236070381231,4.972360703812313,95.9,95.46612903225807,-0.4338709677419388,60.4,57.024193548387096,-3.3758064516129025,33.0,36.59046920821115,3.5904692082111467,28.7,31.227321603128054,2.5273216031280548,36.0,37.34037145650049,1.3403714565004918
4983,F,166.5,100.1,0.0021109001245349646,7.750000804662704e-05,100.3,94.48912512218963,-5.810874877810363,103.5,82.07236070381231,-21.427639296187692,117.3,95.46612903225807,-21.83387096774193,74.7,57.024193548387096,-17.675806451612907,43.6,36.59046920821115,-7.009530791788855,38.3,31.227321603128054,-7.072678396871943,35.5,37.34037145650049,1.8403714565004918
3058,M,170.5,74.7,0.0021109001245349646,7.750000804662704e-05,98.8,94.48912512218963,-4.310874877810363,86.7,82.07236070381231,-4.627639296187695,99.4,95.46612903225807,-3.933870967741939,61.6,57.024193548387096,-4.575806451612905,38.4,36.59046920821115,-1.809530791788852,33.1,31.227321603128054,-1.8726783968719474,38.5,37.34037145650049,-1.1596285434995082
605,F,158.1,53.5,0.0021109001245349646,7.750000804662704e-05,85.2,94.48912512218963,9.289125122189631,76.4,82.07236070381231,5.672360703812302,94.8,95.46612903225807,0.6661290322580697,54.7,57.024193548387096,2.3241935483870932,33.5,36.59046920821115,3.0904692082111467,28.3,31.227321603128054,2.9273216031280533,33.4,37.34037145650049,3.9403714565004933
3535,F,158.0,66.1,0.0021109001245349646,7.750000804662704e-05,96.3,94.48912512218963,-1.8108748778103632,92.1,82.07236070381231,-10.027639296187687,99.9,95.46612903225807,-4.433870967741939,60.0,57.024193548387096,-2.975806451612904,36.7,36.59046920821115,-0.10953079178885616,32.7,31.227321603128054,-1.4726783968719488,37.0,37.34037145650049,0.34037145650049183
527,M,181.7,82.1,0.0021109001245349646,7.750000804662704e-05,103.6,94.48912512218963,-9.11087487781036,92.7,82.07236070381231,-10.627639296187695,101.5,95.46612903225807,-6.033870967741933,59.1,57.024193548387096,-2.0758064516129053,39.8,36.59046920821115,-3.2095307917888505,32.3,31.227321603128054,-1.072678396871943,43.2,37.34037145650049,-5.859628543499511
1451,F,159.0,42.3,0.0021109001245349646,7.750000804662704e-05,78.8,94.48912512218963,15.689125122189637,62.5,82.07236070381231,19.572360703812308,83.7,95.46612903225807,11.766129032258064,47.5,57.024193548387096,9.524193548387096,31.4,36.59046920821115,5.190469208211148,23.6,31.227321603128054,7.627321603128053,34.8,37.34037145650049,2.5403714565004947
2440,M,169.7,75.0,0.0021109001245349646,7.750000804662704e-05,106.0,94.48912512218963,-11.510874877810366,98.2,82.07236070381231,-16.127639296187695,97.4,95.46612903225807,-1.9338709677419388,58.2,57.024193548387096,-1.1758064516129068,39.1,36.59046920821115,-2.5095307917888547,34.7,31.227321603128054,-3.472678396871949,39.7,37.34037145650049,-2.359628543499511
4844,F,160.4,44.6,0.0021109001245349646,7.750000804662704e-05,76.8,94.48912512218963,17.689125122189637,62.3,82.07236070381231,19.77236070381231,85.6,95.46612903225807,9.866129032258073,47.5,57.024193548387096,9.524193548387096,31.4,36.59046920821115,5.190469208211148,23.4,31.227321603128054,7.8273216031280555,33.7,37.34037145650049,3.640371456500489
829,M,174.4,76.7,0.0021109001245349646,7.750000804662704e-05,101.5,94.48912512218963,-7.010874877810366,83.5,82.07236070381231,-1.4276392961876923,97.6,95.46612903225807,-2.1338709677419274,58.1,57.024193548387096,-1.0758064516129053,39.0,36.59046920821115,-2.4095307917888533,33.9,31.227321603128054,-2.6726783968719445,41.2,37.34037145650049,-3.859628543499511
3930,M,173.5,99.6,0.0021109001245349646,7.750000804662704e-05,114.4,94.48912512218963,-19.91087487781037,103.2,82.07236070381231,-21.127639296187695,112.7,95.46612903225807,-17.233870967741936,69.6,57.024193548387096,-12.575806451612898,43.3,36.59046920821115,-6.7095307917888505,38.3,31.227321603128054,-7.072678396871943,42.4,37.34037145650049,-5.059628543499507
4916,M,172.4,65.9,0.0021109001245349646,7.750000804662704e-05,94.3,94.48912512218963,0.18912512218963684,83.0,82.07236070381231,-0.9276392961876923,92.2,95.46612903225807,3.266129032258064,53.1,57.024193548387096,3.9241935483870947,36.9,36.59046920821115,-0.3095307917888519,31.8,31.227321603128054,-0.5726783968719467,39.6,37.34037145650049,-2.2596285434995096
1937,F,152.5,50.8,0.0021109001245349646,7.750000804662704e-05,85.2,94.48912512218963,9.289125122189631,78.7,82.07236070381231,3.372360703812305,92.7,95.46612903225807,2.766129032258064,56.0,57.024193548387096,1.024193548387096,33.6,36.59046920821115,2.9904692082111453,28.2,31.227321603128054,3.0273216031280548,33.0,37.34037145650049,4.340371456500492
2118,F,162.3,91.3,0.0021109001245349646,7.750000804662704e-05,112.0,94.48912512218963,-17.510874877810366,103.9,82.07236070381231,-21.827639296187698,111.5,95.46612903225807,-16.033870967741933,71.8,57.024193548387096,-14.775806451612901,45.6,36.59046920821115,-9.009530791788855,37.4,31.227321603128054,-6.1726783968719445,38.7,37.34037145650049,-1.359628543499511
298,F,167.8,60.7,0.0021109001245349646,7.750000804662704e-05,93.2,94.48912512218963,1.2891251221896312,76.5,82.07236070381231,5.572360703812308,97.7,95.46612903225807,-2.233870967741936,57.4,57.024193548387096,-0.3758064516129025,32.4,36.59046920821115,4.190469208211148,29.8,31.227321603128054,1.4273216031280533,37.8,37.34037145650049,-0.4596285434995053
68,F,165.9,60.4,0.0021109001245349646,7.750000804662704e-05,90.6,94.48912512218963,3.8891251221896397,74.6,82.07236070381231,7.472360703812313,96.5,95.46612903225807,-1.033870967741933,54.4,57.024193548387096,2.6241935483870975,36.2,36.59046920821115,0.39046920821114384,30.0,31.227321603128054,1.227321603128054,38.8,37.34037145650049,-1.4596285434995053
2945,M,175.3,71.3,0.0021109001245349646,7.750000804662704e-05,98.6,94.48912512218963,-4.11087487781036,86.5,82.07236070381231,-4.427639296187692,98.5,95.46612903225807,-3.033870967741933,59.7,57.024193548387096,-2.6758064516129068,36.6,36.59046920821115,-0.009530791788854742,33.0,31.227321603128054,-1.772678396871946,36.7,37.34037145650049,0.640371456500489
1740,M,173.5,56.4,0.0021109001245349646,7.750000804662704e-05,89.6,94.48912512218963,4.88912512218964,78.7,82.07236070381231,3.372360703812305,88.5,95.46612903225807,6.966129032258067,51.9,57.024193548387096,5.1241935483870975,34.6,36.59046920821115,1.9904692082111453,28.8,31.227321603128054,2.4273216031280533,38.2,37.34037145650049,-0.859628543499511
2549,F,159.1,45.7,0.0021109001245349646,7.750000804662704e-05,81.0,94.48912512218963,13.489125122189634,64.2,82.07236070381231,17.872360703812305,87.4,95.46612903225807,8.066129032258061,52.7,57.024193548387096,4.324193548387093,30.8,36.59046920821115,5.790469208211146,26.1,31.227321603128054,5.127321603128053,35.8,37.34037145650049,1.5403714565004947
3880,F,158.6,56.9,0.0021109001245349646,7.750000804662704e-05,86.1,94.48912512218963,8.38912512218964,82.5,82.07236070381231,-0.42763929618769225,95.3,95.46612903225807,0.16612903225806974,55.2,57.024193548387096,1.8241935483870932,33.0,36.59046920821115,3.5904692082111467,29.0,31.227321603128054,2.227321603128054,35.9,37.34037145650049,1.4403714565004933
3841,M,181.6,84.1,0.0021109001245349646,7.750000804662704e-05,104.0,94.48912512218963,-9.510874877810366,94.8,82.07236070381231,-12.72763929618769,102.5,95.46612903225807,-7.033870967741933,61.7,57.024193548387096,-4.675806451612907,39.6,36.59046920821115,-3.0095307917888547,33.8,31.227321603128054,-2.572678396871943,41.2,37.34037145650049,-3.859628543499511
1669,M,166.7,78.7,0.0021109001245349646,7.750000804662704e-05,107.0,94.48912512218963,-12.510874877810366,102.7,82.07236070381231,-20.627639296187695,99.5,95.46612903225807,-4.033870967741933,60.3,57.024193548387096,-3.275806451612901,39.9,36.59046920821115,-3.309530791788852,33.7,31.227321603128054,-2.472678396871949,39.7,37.34037145650049,-2.359628543499511
1425,F,163.5,52.7,0.0021109001245349646,7.750000804662704e-05,87.7,94.48912512218963,6.789125122189631,71.3,82.07236070381231,10.77236070381231,89.1,95.46612903225807,6.366129032258073,53.1,57.024193548387096,3.9241935483870947,35.2,36.59046920821115,1.3904692082111438,27.2,31.227321603128054,4.027321603128055,35.5,37.34037145650049,1.8403714565004918
150,F,163.5,47.6,0.0021109001245349646,7.750000804662704e-05,76.7,94.48912512218963,17.78912512218963,64.0,82.07236070381231,18.072360703812308,89.2,95.46612903225807,6.266129032258064,51.9,57.024193548387096,5.1241935483870975,32.6,36.59046920821115,3.9904692082111453,24.9,31.227321603128054,6.3273216031280555,35.4,37.34037145650049,1.9403714565004933
756,F,157.4,54.2,0.0021109001245349646,7.750000804662704e-05,86.0,94.48912512218963,8.489125122189634,68.2,82.07236070381231,13.872360703812305,91.7,95.46612903225807,3.766129032258064,54.1,57.024193548387096,2.9241935483870947,34.3,36.59046920821115,2.2904692082111495,28.7,31.227321603128054,2.5273216031280548,34.1,37.34037145650049,3.2403714565004904
4291,F,158.6,62.4,0.0021109001245349646,7.750000804662704e-05,95.8,94.48912512218963,-1.3108748778103632,84.7,82.07236070381231,-2.627639296187695,96.4,95.46612903225807,-0.9338709677419388,54.4,57.024193548387096,2.6241935483870975,36.2,36.59046920821115,0.39046920821114384,31.2,31.227321603128054,0.02732160312805476,38.7,37.34037145650049,-1.359628543499511
2570,F,144.0,43.4,0.0021109001245349646,7.750000804662704e-05,83.8,94.48912512218963,10.689125122189637,75.2,82.07236070381231,6.872360703812305,84.4,95.46612903225807,11.066129032258061,53.4,57.024193548387096,3.6241935483870975,31.5,36.59046920821115,5.090469208211147,26.4,31.227321603128054,4.8273216031280555,33.3,37.34037145650049,4.040371456500495
1158,M,170.0,79.6,0.0021109001245349646,7.750000804662704e-05,105.3,94.48912512218963,-10.810874877810363,92.5,82.07236070381231,-10.427639296187692,104.9,95.46612903225807,-9.433870967741939,64.7,57.024193548387096,-7.675806451612907,41.8,36.59046920821115,-5.2095307917888505,33.8,31.227321603128054,-2.572678396871943,40.0,37.34037145650049,-2.659628543499508
4092,M,176.5,70.2,0.0021109001245349646,7.750000804662704e-05,93.6,94.48912512218963,0.8891251221896397,80.7,82.07236070381231,1.372360703812305,94.4,95.46612903225807,1.0661290322580612,55.3,57.024193548387096,1.724193548387099,36.5,36.59046920821115,0.09046920821114668,32.4,31.227321603128054,-1.1726783968719445,39.6,37.34037145650049,-2.2596285434995096
2985,F,157.7,51.1,0.0021109001245349646,7.750000804662704e-05,81.9,94.48912512218963,12.589125122189628,75.3,82.07236070381231,6.772360703812311,90.8,95.46612903225807,4.66612903225807,53.6,57.024193548387096,3.4241935483870947,33.8,36.59046920821115,2.7904692082111495,27.8,31.227321603128054,3.4273216031280533,33.2,37.34037145650049,4.140371456500489
2018,M,170.0,60.2,0.0021109001245349646,7.750000804662704e-05,96.1,94.48912512218963,-1.6108748778103603,79.5,82.07236070381231,2.5723607038123077,91.3,95.46612903225807,4.16612903225807,49.8,57.024193548387096,7.224193548387099,36.2,36.59046920821115,0.39046920821114384,30.2,31.227321603128054,1.0273216031280548,38.3,37.34037145650049,-0.9596285434995053
1965,M,183.0,76.2,0.0021109001245349646,7.750000804662704e-05,98.2,94.48912512218963,-3.710874877810369,93.5,82.07236070381231,-11.427639296187692,97.0,95.46612903225807,-1.533870967741933,57.5,57.024193548387096,-0.4758064516129039,37.1,36.59046920821115,-0.5095307917888547,35.0,31.227321603128054,-3.772678396871946,39.5,37.34037145650049,-2.159628543499508
376,M,176.4,89.7,0.0021109001245349646,7.750000804662704e-05,108.3,94.48912512218963,-13.810874877810363,96.5,82.07236070381231,-14.427639296187692,105.9,95.46612903225807,-10.433870967741939,64.6,57.024193548387096,-7.575806451612898,41.9,36.59046920821115,-5.309530791788852,36.4,31.227321603128054,-5.1726783968719445,39.4,37.34037145650049,-2.0596285434995067
4827,M,168.9,63.4,0.0021109001245349646,7.750000804662704e-05,95.8,94.48912512218963,-1.3108748778103632,79.0,82.07236070381231,3.0723607038123077,91.4,95.46612903225807,4.066129032258061,53.6,57.024193548387096,3.4241935483870947,35.4,36.59046920821115,1.190469208211148,31.5,31.227321603128054,-0.27267839687194595,41.1,37.34037145650049,-3.7596285434995096
2512,F,161.8,56.0,0.0021109001245349646,7.750000804662704e-05,87.0,94.48912512218963,7.489125122189634,77.7,82.07236070381231,4.372360703812305,90.7,95.46612903225807,4.766129032258064,57.9,57.024193548387096,-0.8758064516129025,35.9,36.59046920821115,0.6904692082111481,30.0,31.227321603128054,1.227321603128054,35.3,37.34037145650049,2.0403714565004947
859,F,153.6,42.7,0.0021109001245349646,7.750000804662704e-05,78.0,94.48912512218963,16.489125122189634,59.8,82.07236070381231,22.27236070381231,84.2,95.46612903225807,11.266129032258064,49.4,57.024193548387096,7.6241935483870975,32.1,36.59046920821115,4.490469208211145,24.0,31.227321603128054,7.227321603128054,33.9,37.34037145650049,3.4403714565004933
4359,F,159.2,59.4,0.0021109001245349646,7.750000804662704e-05,85.2,94.48912512218963,9.289125122189631,80.0,82.07236070381231,2.0723607038123077,95.1,95.46612903225807,0.3661290322580726,53.9,57.024193548387096,3.1241935483870975,33.8,36.59046920821115,2.7904692082111495,30.7,31.227321603128054,0.5273216031280548,34.4,37.34037145650049,2.9403714565004933
1183,M,164.7,72.1,0.0021109001245349646,7.750000804662704e-05,102.1,94.48912512218963,-7.61087487781036,94.4,82.07236070381231,-12.327639296187698,96.0,95.46612903225807,-0.5338709677419331,59.1,57.024193548387096,-2.0758064516129053,37.3,36.59046920821115,-0.7095307917888505,35.2,31.227321603128054,-3.972678396871949,38.4,37.34037145650049,-1.0596285434995067
378,M,177.9,72.5,0.0021109001245349646,7.750000804662704e-05,93.4,94.48912512218963,1.0891251221896283,79.7,82.07236070381231,2.372360703812305,96.4,95.46612903225807,-0.9338709677419388,58.3,57.024193548387096,-1.275806451612901,38.6,36.59046920821115,-2.0095307917888547,32.5,31.227321603128054,-1.272678396871946,39.2,37.34037145650049,-1.859628543499511
4840,M,162.7,71.8,0.0021109001245349646,7.750000804662704e-05,98.2,94.48912512218963,-3.710874877810369,85.0,82.07236070381231,-2.9276392961876923,97.4,95.46612903225807,-1.9338709677419388,57.7,57.024193548387096,-0.6758064516129068,39.8,36.59046920821115,-3.2095307917888505,33.5,31.227321603128054,-2.272678396871946,37.8,37.34037145650049,-0.4596285434995053
4022,F,165.8,52.8,0.0021109001245349646,7.750000804662704e-05,81.6,94.48912512218963,12.88912512218964,67.3,82.07236070381231,14.77236070381231,93.2,95.46612903225807,2.266129032258064,52.9,57.024193548387096,4.1241935483870975,35.2,36.59046920821115,1.3904692082111438,24.9,31.227321603128054,6.3273216031280555,35.2,37.34037145650049,2.140371456500489
2154,F,146.0,52.2,0.0021109001245349646,7.750000804662704e-05,87.2,94.48912512218963,7.289125122189631,79.4,82.07236070381231,2.672360703812302,95.3,95.46612903225807,0.16612903225806974,53.3,57.024193548387096,3.724193548387099,33.9,36.59046920821115,2.690469208211148,28.4,31.227321603128054,2.8273216031280555,34.9,37.34037145650049,2.4403714565004933
977,M,179.3,76.7,0.0021109001245349646,7.750000804662704e-05,103.0,94.48912512218963,-8.510874877810366,88.2,82.07236070381231,-6.127639296187695,97.1,95.46612903225807,-1.6338709677419274,60.2,57.024193548387096,-3.1758064516129068,39.3,36.59046920821115,-2.7095307917888505,32.5,31.227321603128054,-1.272678396871946,39.9,37.34037145650049,-2.5596285434995067
2228,M,173.0,67.9,0.0021109001245349646,7.750000804662704e-05,96.0,94.48912512218963,-1.510874877810366,85.3,82.07236070381231,-3.2276392961876894,93.3,95.46612903225807,2.1661290322580697,53.7,57.024193548387096,3.3241935483870932,37.4,36.59046920821115,-0.8095307917888519,32.8,31.227321603128054,-1.572678396871943,39.3,37.34037145650049,-1.9596285434995053
2650,F,164.0,56.6,0.0021109001245349646,7.750000804662704e-05,90.7,94.48912512218963,3.789125122189631,78.9,82.07236070381231,3.172360703812302,94.3,95.46612903225807,1.1661290322580697,58.2,57.024193548387096,-1.1758064516129068,33.5,36.59046920821115,3.0904692082111467,30.8,31.227321603128054,0.42732160312805334,37.8,37.34037145650049,-0.4596285434995053
1777,M,164.1,69.1,0.0021109001245349646,7.750000804662704e-05,96.6,94.48912512218963,-2.1108748778103603,88.4,82.07236070381231,-6.327639296187698,91.2,95.46612903225807,4.266129032258064,54.2,57.024193548387096,2.8241935483870932,39.2,36.59046920821115,-2.609530791788856,33.8,31.227321603128054,-2.572678396871943,39.2,37.34037145650049,-1.859628543499511
4745,M,175.7,76.0,0.0021109001245349646,7.750000804662704e-05,98.0,94.48912512218963,-3.510874877810366,91.0,82.07236070381231,-8.927639296187692,95.6,95.46612903225807,-0.13387096774192742,56.0,57.024193548387096,1.024193548387096,38.9,36.59046920821115,-2.309530791788852,32.3,31.227321603128054,-1.072678396871943,40.8,37.34037145650049,-3.4596285434995053
4674,F,156.9,52.4,0.0021109001245349646,7.750000804662704e-05,81.7,94.48912512218963,12.789125122189631,68.9,82.07236070381231,13.172360703812302,89.4,95.46612903225807,6.066129032258061,56.1,57.024193548387096,0.9241935483870947,36.9,36.59046920821115,-0.3095307917888519,26.2,31.227321603128054,5.027321603128055,32.3,37.34037145650049,5.040371456500495
2342,F,160.5,57.0,0.0021109001245349646,7.750000804662704e-05,84.7,94.48912512218963,9.789125122189631,80.9,82.07236070381231,1.172360703812302,90.9,95.46612903225807,4.566129032258061,49.2,57.024193548387096,7.824193548387093,38.5,36.59046920821115,-1.9095307917888533,29.2,31.227321603128054,2.0273216031280548,35.4,37.34037145650049,1.9403714565004933
2364,F,154.5,53.4,0.0021109001245349646,7.750000804662704e-05,89.5,94.48912512218963,4.989125122189634,72.9,82.07236070381231,9.172360703812302,91.5,95.46612903225807,3.966129032258067,56.9,57.024193548387096,0.12419354838709751,35.1,36.59046920821115,1.4904692082111453,30.2,31.227321603128054,1.0273216031280548,35.2,37.34037145650049,2.140371456500489
1436,M,173.9,59.4,0.0021109001245349646,7.750000804662704e-05,94.8,94.48912512218963,-0.31087487781036316,73.9,82.07236070381231,8.172360703812302,88.9,95.46612903225807,6.566129032258061,55.4,57.024193548387096,1.6241935483870975,33.7,36.59046920821115,2.890469208211144,27.8,31.227321603128054,3.4273216031280533,42.0,37.34037145650049,-4.659628543499508
794,F,165.5,67.2,0.0021109001245349646,7.750000804662704e-05,89.9,94.48912512218963,4.589125122189628,81.4,82.07236070381231,0.6723607038123021,100.9,95.46612903225807,-5.433870967741939,61.7,57.024193548387096,-4.675806451612907,38.0,36.59046920821115,-1.4095307917888533,30.9,31.227321603128054,0.32732160312805547,34.5,37.34037145650049,2.840371456500492
2603,M,162.5,49.8,0.0021109001245349646,7.750000804662704e-05,87.1,94.48912512218963,7.38912512218964,69.0,82.07236070381231,13.072360703812308,87.3,95.46612903225807,8.16612903225807,49.0,57.024193548387096,8.024193548387096,33.0,36.59046920821115,3.5904692082111467,30.3,31.227321603128054,0.9273216031280533,37.4,37.34037145650049,-0.05962854349950675
841,M,180.4,78.5,0.0021109001245349646,7.750000804662704e-05,100.3,94.48912512218963,-5.810874877810363,92.9,82.07236070381231,-10.827639296187698,97.5,95.46612903225807,-2.033870967741933,55.7,57.024193548387096,1.3241935483870932,36.2,36.59046920821115,0.39046920821114384,34.6,31.227321603128054,-3.3726783968719474,41.6,37.34037145650049,-4.25962854349951
1743,M,164.2,62.5,0.0021109001245349646,7.750000804662704e-05,93.3,94.48912512218963,1.1891251221896368,78.9,82.07236070381231,3.172360703812302,89.8,95.46612903225807,5.66612903225807,54.5,57.024193548387096,2.524193548387096,37.2,36.59046920821115,-0.6095307917888562,31.7,31.227321603128054,-0.47267839687194524,38.0,37.34037145650049,-0.6596285434995082
2240,F,164.5,56.7,0.0021109001245349646,7.750000804662704e-05,87.3,94.48912512218963,7.189125122189637,78.9,82.07236070381231,3.172360703812302,88.8,95.46612903225807,6.66612903225807,49.8,57.024193548387096,7.224193548387099,33.6,36.59046920821115,2.9904692082111453,30.7,31.227321603128054,0.5273216031280548,35.3,37.34037145650049,2.0403714565004947
175,M,177.6,79.8,0.0021109001245349646,7.750000804662704e-05,106.0,94.48912512218963,-11.510874877810366,92.9,82.07236070381231,-10.827639296187698,98.5,95.46612903225807,-3.033870967741933,59.3,57.024193548387096,-2.275806451612901,38.9,36.59046920821115,-2.309530791788852,34.7,31.227321603128054,-3.472678396871949,39.5,37.34037145650049,-2.159628543499508
2463,M,181.7,95.4,0.0021109001245349646,7.750000804662704e-05,114.1,94.48912512218963,-19.61087487781036,99.5,82.07236070381231,-17.427639296187692,106.8,95.46612903225807,-11.33387096774193,62.2,57.024193548387096,-5.175806451612907,40.9,36.59046920821115,-4.309530791788852,39.0,31.227321603128054,-7.772678396871946,43.1,37.34037145650049,-5.75962854349951
2951,M,173.8,66.9,0.0021109001245349646,7.750000804662704e-05,94.0,94.48912512218963,0.489125122189634,79.0,82.07236070381231,3.0723607038123077,91.0,95.46612903225807,4.466129032258067,53.5,57.024193548387096,3.524193548387096,36.5,36.59046920821115,0.09046920821114668,29.7,31.227321603128054,1.5273216031280548,39.7,37.34037145650049,-2.359628543499511
2045,F,164.0,61.1,0.0021109001245349646,7.750000804662704e-05,90.3,94.48912512218963,4.189125122189637,77.4,82.07236070381231,4.672360703812302,98.8,95.46612903225807,-3.3338709677419303,53.1,57.024193548387096,3.9241935483870947,34.5,36.59046920821115,2.0904692082111467,29.9,31.227321603128054,1.3273216031280555,36.9,37.34037145650049,0.44037145650049325
45,F,156.5,45.2,0.0021109001245349646,7.750000804662704e-05,79.4,94.48912512218963,15.089125122189628,64.9,82.07236070381231,17.172360703812302,82.7,95.46612903225807,12.766129032258064,46.5,57.024193548387096,10.524193548387096,32.8,36.59046920821115,3.7904692082111495,26.5,31.227321603128054,4.727321603128054,34.9,37.34037145650049,2.4403714565004933
2867,M,183.4,100.5,0.0021109001245349646,7.750000804662704e-05,117.1,94.48912512218963,-22.61087487781036,104.9,82.07236070381231,-22.827639296187698,105.2,95.46612903225807,-9.733870967741936,64.6,57.024193548387096,-7.575806451612898,40.8,36.59046920821115,-4.2095307917888505,38.4,31.227321603128054,-7.1726783968719445,42.8,37.34037145650049,-5.459628543499505
4152,F,153.5,53.1,0.0021109001245349646,7.750000804662704e-05,87.2,94.48912512218963,7.289125122189631,76.0,82.07236070381231,6.072360703812308,94.6,95.46612903225807,0.8661290322580726,49.7,57.024193548387096,7.324193548387093,32.5,36.59046920821115,4.090469208211147,27.4,31.227321603128054,3.8273216031280555,34.5,37.34037145650049,2.840371456500492
1630,M,171.0,72.8,0.0021109001245349646,7.750000804662704e-05,100.7,94.48912512218963,-6.210874877810369,92.8,82.07236070381231,-10.72763929618769,94.9,95.46612903225807,0.5661290322580612,57.8,57.024193548387096,-0.7758064516129011,39.3,36.59046920821115,-2.7095307917888505,32.7,31.227321603128054,-1.4726783968719488,38.1,37.34037145650049,-0.7596285434995096
4424,F,158.9,61.9,0.0021109001245349646,7.750000804662704e-05,92.7,94.48912512218963,1.7891251221896312,80.4,82.07236070381231,1.672360703812302,99.7,95.46612903225807,-4.233870967741936,58.0,57.024193548387096,-0.9758064516129039,37.2,36.59046920821115,-0.6095307917888562,30.1,31.227321603128054,1.1273216031280526,38.8,37.34037145650049,-1.4596285434995053
896,F,160.8,50.3,0.0021109001245349646,7.750000804662704e-05,83.4,94.48912512218963,11.089125122189628,66.2,82.07236070381231,15.872360703812305,92.0,95.46612903225807,3.466129032258067,55.6,57.024193548387096,1.4241935483870947,33.1,36.59046920821115,3.4904692082111453,27.0,31.227321603128054,4.227321603128054,34.4,37.34037145650049,2.9403714565004933
3112,F,156.7,70.9,0.0021109001245349646,7.750000804662704e-05,95.8,94.48912512218963,-1.3108748778103632,95.1,82.07236070381231,-13.027639296187687,94.7,95.46612903225807,0.7661290322580641,56.1,57.024193548387096,0.9241935483870947,34.5,36.59046920821115,2.0904692082111467,33.1,31.227321603128054,-1.8726783968719474,33.3,37.34037145650049,4.040371456500495
1741,M,164.1,69.0,0.0021109001245349646,7.750000804662704e-05,101.1,94.48912512218963,-6.61087487781036,90.0,82.07236070381231,-7.927639296187692,91.6,95.46612903225807,3.8661290322580726,56.7,57.024193548387096,0.32419354838709324,35.8,36.59046920821115,0.7904692082111495,32.8,31.227321603128054,-1.572678396871943,41.1,37.34037145650049,-3.7596285434995096
2227,M,172.3,90.4,0.0021109001245349646,7.750000804662704e-05,107.6,94.48912512218963,-13.11087487781036,103.3,82.07236070381231,-21.22763929618769,107.3,95.46612903225807,-11.83387096774193,65.7,57.024193548387096,-8.675806451612907,44.1,36.59046920821115,-7.509530791788855,36.8,31.227321603128054,-5.572678396871943,38.8,37.34037145650049,-1.4596285434995053
4232,F,153.6,52.8,0.0021109001245349646,7.750000804662704e-05,82.8,94.48912512218963,11.689125122189637,69.5,82.07236070381231,12.572360703812308,92.9,95.46612903225807,2.566129032258061,55.6,57.024193548387096,1.4241935483870947,34.5,36.59046920821115,2.0904692082111467,28.7,31.227321603128054,2.5273216031280548,33.8,37.34037145650049,3.5403714565004947
1877,F,153.5,55.6,0.0021109001245349646,7.750000804662704e-05,90.6,94.48912512218963,3.8891251221896397,83.2,82.07236070381231,-1.127639296187695,91.7,95.46612903225807,3.766129032258064,57.9,57.024193548387096,-0.8758064516129025,34.4,36.59046920821115,2.190469208211148,29.5,31.227321603128054,1.727321603128054,35.0,37.34037145650049,2.340371456500492
3720,M,166.1,69.8,0.0021109001245349646,7.750000804662704e-05,96.4,94.48912512218963,-1.9108748778103717,91.0,82.07236070381231,-8.927639296187692,94.4,95.46612903225807,1.0661290322580612,57.4,57.024193548387096,-0.3758064516129025,39.4,36.59046920821115,-2.809530791788852,31.0,31.227321603128054,0.22732160312805405,38.8,37.34037145650049,-1.4596285434995053
4430,F,154.9,61.1,0.0021109001245349646,7.750000804662704e-05,91.2,94.48912512218963,3.289125122189631,90.7,82.07236070381231,-8.627639296187695,97.1,95.46612903225807,-1.6338709677419274,54.4,57.024193548387096,2.6241935483870975,35.3,36.59046920821115,1.2904692082111495,28.3,31.227321603128054,2.9273216031280533,33.8,37.34037145650049,3.5403714565004947
4494,M,173.5,77.0,0.0021109001245349646,7.750000804662704e-05,98.6,94.48912512218963,-4.11087487781036,87.5,82.07236070381231,-5.427639296187692,97.8,95.46612903225807,-2.3338709677419303,58.6,57.024193548387096,-1.5758064516129053,41.1,36.59046920821115,-4.509530791788855,32.4,31.227321603128054,-1.1726783968719445,38.3,37.34037145650049,-0.9596285434995053
2521,F,153.6,48.4,0.0021109001245349646,7.750000804662704e-05,90.2,94.48912512218963,4.289125122189631,74.0,82.07236070381231,8.072360703812308,87.5,95.46612903225807,7.966129032258067,53.7,57.024193548387096,3.3241935483870932,32.5,36.59046920821115,4.090469208211147,27.5,31.227321603128054,3.727321603128054,35.0,37.34037145650049,2.340371456500492
283,F,160.5,68.6,0.0021109001245349646,7.750000804662704e-05,93.4,94.48912512218963,1.0891251221896283,82.6,82.07236070381231,-0.5276392961876866,103.0,95.46612903225807,-7.533870967741933,61.2,57.024193548387096,-4.175806451612907,39.4,36.59046920821115,-2.809530791788852,34.0,31.227321603128054,-2.772678396871946,37.3,37.34037145650049,0.040371456500494673
2609,M,163.5,62.2,0.0021109001245349646,7.750000804662704e-05,95.5,94.48912512218963,-1.010874877810366,86.9,82.07236070381231,-4.827639296187698,90.3,95.46612903225807,5.16612903225807,54.0,57.024193548387096,3.024193548387096,36.6,36.59046920821115,-0.009530791788854742,32.0,31.227321603128054,-0.772678396871946,38.4,37.34037145650049,-1.0596285434995067
5066,F,143.8,35.6,0.0021109001245349646,7.750000804662704e-05,72.6,94.48912512218963,21.88912512218964,64.0,82.07236070381231,18.072360703812308,75.5,95.46612903225807,19.966129032258067,44.5,57.024193548387096,12.524193548387096,27.5,36.59046920821115,9.090469208211147,21.6,31.227321603128054,9.627321603128053,30.8,37.34037145650049,6.540371456500491
1374,M,168.8,60.7,0.0021109001245349646,7.750000804662704e-05,94.5,94.48912512218963,-0.010874877810366002,72.0,82.07236070381231,10.072360703812308,88.5,95.46612903225807,6.966129032258067,50.5,57.024193548387096,6.524193548387096,36.2,36.59046920821115,0.39046920821114384,31.6,31.227321603128054,-0.37267839687194737,40.5,37.34037145650049,-3.159628543499508
4796,F,160.7,54.3,0.0021109001245349646,7.750000804662704e-05,83.3,94.48912512218963,11.189125122189637,68.7,82.07236070381231,13.372360703812305,91.4,95.46612903225807,4.066129032258061,52.3,57.024193548387096,4.724193548387099,34.6,36.59046920821115,1.9904692082111453,28.0,31.227321603128054,3.227321603128054,36.3,37.34037145650049,1.0403714565004947
2077,M,181.0,74.8,0.0021109001245349646,7.750000804662704e-05,102.4,94.48912512218963,-7.910874877810372,86.7,82.07236070381231,-4.627639296187695,98.8,95.46612903225807,-3.3338709677419303,57.2,57.024193548387096,-0.17580645161290676,37.3,36.59046920821115,-0.7095307917888505,35.9,31.227321603128054,-4.6726783968719445,40.3,37.34037145650049,-2.9596285434995053
1480,M,163.4,52.1,0.0021109001245349646,7.750000804662704e-05,88.6,94.48912512218963,5.88912512218964,77.7,82.07236070381231,4.372360703812305,86.2,95.46612903225807,9.266129032258064,48.9,57.024193548387096,8.124193548387098,31.3,36.59046920821115,5.290469208211146,29.0,31.227321603128054,2.227321603128054,37.2,37.34037145650049,0.140371456500489
1260,F,156.3,60.1,0.0021109001245349646,7.750000804662704e-05,94.8,94.48912512218963,-0.31087487781036316,80.0,82.07236070381231,2.0723607038123077,97.0,95.46612903225807,-1.533870967741933,57.6,57.024193548387096,-0.5758064516129053,35.4,36.59046920821115,1.190469208211148,32.0,31.227321603128054,-0.772678396871946,36.5,37.34037145650049,0.8403714565004918
3393,M,170.2,69.9,0.0021109001245349646,7.750000804662704e-05,99.5,94.48912512218963,-5.010874877810366,79.3,82.07236070381231,2.7723607038123106,99.8,95.46612903225807,-4.33387096774193,59.1,57.024193548387096,-2.0758064516129053,37.2,36.59046920821115,-0.6095307917888562,32.9,31.227321603128054,-1.6726783968719445,41.1,37.34037145650049,-3.7596285434995096
4525,M,171.9,71.9,0.0021109001245349646,7.750000804662704e-05,102.0,94.48912512218963,-7.510874877810366,87.7,82.07236070381231,-5.627639296187695,96.4,95.46612903225807,-0.9338709677419388,57.0,57.024193548387096,0.024193548387096087,35.5,36.59046920821115,1.0904692082111467,32.4,31.227321603128054,-1.1726783968719445,35.9,37.34037145650049,1.4403714565004933
2726,F,157.0,62.8,0.0021109001245349646,7.750000804662704e-05,90.0,94.48912512218963,4.489125122189634,83.7,82.07236070381231,-1.627639296187695,99.1,95.46612903225807,-3.6338709677419274,61.6,57.024193548387096,-4.575806451612905,35.7,36.59046920821115,0.8904692082111438,32.8,31.227321603128054,-1.572678396871943,32.8,37.34037145650049,4.540371456500495
3682,M,171.3,83.2,0.0021109001245349646,7.750000804662704e-05,107.0,94.48912512218963,-12.510874877810366,95.4,82.07236070381231,-13.327639296187698,97.0,95.46612903225807,-1.533870967741933,58.0,57.024193548387096,-0.9758064516129039,40.8,36.59046920821115,-4.2095307917888505,33.8,31.227321603128054,-2.572678396871943,40.3,37.34037145650049,-2.9596285434995053
2655,F,162.5,69.1,0.0021109001245349646,7.750000804662704e-05,95.7,94.48912512218963,-1.2108748778103688,87.2,82.07236070381231,-5.127639296187695,97.3,95.46612903225807,-1.8338709677419303,66.1,57.024193548387096,-9.075806451612898,38.3,36.59046920821115,-1.7095307917888505,32.6,31.227321603128054,-1.3726783968719474,36.2,37.34037145650049,1.140371456500489
1789,M,170.0,63.6,0.0021109001245349646,7.750000804662704e-05,96.7,94.48912512218963,-2.210874877810369,82.5,82.07236070381231,-0.42763929618769225,89.7,95.46612903225807,5.766129032258064,52.8,57.024193548387096,4.224193548387099,35.0,36.59046920821115,1.5904692082111467,32.7,31.227321603128054,-1.4726783968719488,41.7,37.34037145650049,-4.359628543499511
2802,F,155.2,48.8,0.0021109001245349646,7.750000804662704e-05,78.6,94.48912512218963,15.88912512218964,66.5,82.07236070381231,15.572360703812308,94.0,95.46612903225807,1.466129032258067,56.2,57.024193548387096,0.8241935483870932,33.4,36.59046920821115,3.190469208211148,27.8,31.227321603128054,3.4273216031280533,30.9,37.34037145650049,6.440371456500493
1175,M,167.2,63.0,0.0021109001245349646,7.750000804662704e-05,97.5,94.48912512218963,-3.010874877810366,77.4,82.07236070381231,4.672360703812302,92.5,95.46612903225807,2.966129032258067,53.7,57.024193548387096,3.3241935483870932,36.8,36.59046920821115,-0.20953079178885048,31.5,31.227321603128054,-0.27267839687194595,37.0,37.34037145650049,0.34037145650049183
1056,F,163.1,57.6,0.0021109001245349646,7.750000804662704e-05,86.3,94.48912512218963,8.189125122189637,74.7,82.07236070381231,7.372360703812305,98.0,95.46612903225807,-2.533870967741933,59.5,57.024193548387096,-2.475806451612904,35.3,36.59046920821115,1.2904692082111495,29.0,31.227321603128054,2.227321603128054,37.0,37.34037145650049,0.34037145650049183
1832,F,155.0,57.5,0.0021109001245349646,7.750000804662704e-05,85.0,94.48912512218963,9.489125122189634,78.4,82.07236070381231,3.672360703812302,97.0,95.46612903225807,-1.533870967741933,57.1,57.024193548387096,-0.07580645161290533,36.8,36.59046920821115,-0.20953079178885048,28.4,31.227321603128054,2.8273216031280555,35.6,37.34037145650049,1.7403714565004904
1038,M,187.6,98.6,0.0021109001245349646,7.750000804662704e-05,113.7,94.48912512218963,-19.21087487781037,98.3,82.07236070381231,-16.22763929618769,106.8,95.46612903225807,-11.33387096774193,68.6,57.024193548387096,-11.575806451612898,42.8,36.59046920821115,-6.2095307917888505,37.7,31.227321603128054,-6.472678396871949,40.6,37.34037145650049,-3.2596285434995096
4645,F,159.9,50.8,0.0021109001245349646,7.750000804662704e-05,84.8,94.48912512218963,9.689125122189637,70.4,82.07236070381231,11.672360703812302,91.3,95.46612903225807,4.16612903225807,48.9,57.024193548387096,8.124193548387098,32.0,36.59046920821115,4.590469208211147,26.5,31.227321603128054,4.727321603128054,35.4,37.34037145650049,1.9403714565004933
1934,F,163.3,54.5,0.0021109001245349646,7.750000804662704e-05,89.5,94.48912512218963,4.989125122189634,79.4,82.07236070381231,2.672360703812302,90.9,95.46612903225807,4.566129032258061,53.0,57.024193548387096,4.024193548387096,32.8,36.59046920821115,3.7904692082111495,27.6,31.227321603128054,3.6273216031280526,36.1,37.34037145650049,1.2403714565004904
1874,F,158.5,52.0,0.0021109001245349646,7.750000804662704e-05,82.0,94.48912512218963,12.489125122189634,67.9,82.07236070381231,14.172360703812302,93.7,95.46612903225807,1.766129032258064,57.4,57.024193548387096,-0.3758064516129025,34.7,36.59046920821115,1.8904692082111438,27.4,31.227321603128054,3.8273216031280555,37.8,37.34037145650049,-0.4596285434995053
2910,F,159.6,67.3,0.0021109001245349646,7.750000804662704e-05,93.3,94.48912512218963,1.1891251221896368,86.5,82.07236070381231,-4.427639296187692,99.0,95.46612903225807,-3.533870967741933,61.3,57.024193548387096,-4.275806451612901,37.9,36.59046920821115,-1.309530791788852,32.0,31.227321603128054,-0.772678396871946,33.8,37.34037145650049,3.5403714565004947
99,F,160.0,55.7,0.0021109001245349646,7.750000804662704e-05,84.4,94.48912512218963,10.089125122189628,73.6,82.07236070381231,8.472360703812313,95.0,95.46612903225807,0.4661290322580669,58.7,57.024193548387096,-1.6758064516129068,35.2,36.59046920821115,1.3904692082111438,31.3,31.227321603128054,-0.07267839687194666,35.3,37.34037145650049,2.0403714565004947
3819,M,169.5,64.7,0.0021109001245349646,7.750000804662704e-05,98.4,94.48912512218963,-3.9108748778103717,80.3,82.07236070381231,1.7723607038123106,96.4,95.46612903225807,-0.9338709677419388,57.6,57.024193548387096,-0.5758064516129053,37.2,36.59046920821115,-0.6095307917888562,32.6,31.227321603128054,-1.3726783968719474,40.2,37.34037145650049,-2.859628543499511
1405,M,170.5,65.8,0.0021109001245349646,7.750000804662704e-05,90.7,94.48912512218963,3.789125122189631,77.6,82.07236070381231,4.472360703812313,92.6,95.46612903225807,2.8661290322580726,53.2,57.024193548387096,3.8241935483870932,37.6,36.59046920821115,-1.0095307917888547,31.4,31.227321603128054,-0.17267839687194453,40.0,37.34037145650049,-2.659628543499508
3127,F,153.8,50.8,0.0021109001245349646,7.750000804662704e-05,84.5,94.48912512218963,9.989125122189634,70.8,82.07236070381231,11.27236070381231,89.0,95.46612903225807,6.466129032258067,55.1,57.024193548387096,1.9241935483870947,34.3,36.59046920821115,2.2904692082111495,26.1,31.227321603128054,5.127321603128053,34.6,37.34037145650049,2.7403714565004904
3807,F,151.7,53.0,0.0021109001245349646,7.750000804662704e-05,86.8,94.48912512218963,7.689125122189637,78.2,82.07236070381231,3.872360703812305,88.5,95.46612903225807,6.966129032258067,49.0,57.024193548387096,8.024193548387096,32.4,36.59046920821115,4.190469208211148,27.9,31.227321603128054,3.3273216031280555,36.3,37.34037145650049,1.0403714565004947
351,M,175.8,78.1,0.0021109001245349646,7.750000804662704e-05,110.9,94.48912512218963,-16.41087487781037,86.7,82.07236070381231,-4.627639296187695,95.1,95.46612903225807,0.3661290322580726,57.7,57.024193548387096,-0.6758064516129068,37.5,36.59046920821115,-0.9095307917888533,37.0,31.227321603128054,-5.772678396871946,41.1,37.34037145650049,-3.7596285434995096
3185,M,174.9,64.9,0.0021109001245349646,7.750000804662704e-05,93.5,94.48912512218963,0.989125122189634,76.1,82.07236070381231,5.972360703812313,90.6,95.46612903225807,4.866129032258073,53.8,57.024193548387096,3.224193548387099,36.2,36.59046920821115,0.39046920821114384,31.5,31.227321603128054,-0.27267839687194595,40.3,37.34037145650049,-2.9596285434995053
1101,F,163.0,60.0,0.0021109001245349646,7.750000804662704e-05,90.9,94.48912512218963,3.5891251221896283,86.7,82.07236070381231,-4.627639296187695,95.2,95.46612903225807,0.26612903225806406,56.4,57.024193548387096,0.6241935483870975,34.2,36.59046920821115,2.390469208211144,30.4,31.227321603128054,0.8273216031280555,37.8,37.34037145650049,-0.4596285434995053
2287,F,150.0,54.7,0.0021109001245349646,7.750000804662704e-05,85.9,94.48912512218963,8.589125122189628,84.6,82.07236070381231,-2.5276392961876866,92.0,95.46612903225807,3.466129032258067,56.4,57.024193548387096,0.6241935483870975,35.6,36.59046920821115,0.9904692082111453,29.2,31.227321603128054,2.0273216031280548,32.6,37.34037145650049,4.74037145650049
1073,F,159.4,66.0,0.0021109001245349646,7.750000804662704e-05,90.7,94.48912512218963,3.789125122189631,78.7,82.07236070381231,3.372360703812305,102.6,95.46612903225807,-7.133870967741927,64.4,57.024193548387096,-7.37580645161291,41.0,36.59046920821115,-4.409530791788853,31.0,31.227321603128054,0.22732160312805405,36.3,37.34037145650049,1.0403714565004947
718,F,164.9,41.8,0.0021109001245349646,7.750000804662704e-05,75.9,94.48912512218963,18.58912512218963,60.1,82.07236070381231,21.972360703812306,82.6,95.46612903225807,12.866129032258073,47.7,57.024193548387096,9.324193548387093,31.4,36.59046920821115,5.190469208211148,23.7,31.227321603128054,7.527321603128055,34.3,37.34037145650049,3.0403714565004947
4538,M,175.4,80.8,0.0021109001245349646,7.750000804662704e-05,102.5,94.48912512218963,-8.010874877810366,86.7,82.07236070381231,-4.627639296187695,102.2,95.46612903225807,-6.733870967741936,59.2,57.024193548387096,-2.1758064516129068,40.2,36.59046920821115,-3.609530791788856,33.4,31.227321603128054,-2.1726783968719445,40.0,37.34037145650049,-2.659628543499508
4299,M,165.9,60.9,0.0021109001245349646,7.750000804662704e-05,90.1,94.48912512218963,4.38912512218964,80.9,82.07236070381231,1.172360703812302,94.5,95.46612903225807,0.9661290322580669,55.7,57.024193548387096,1.3241935483870932,35.6,36.59046920821115,0.9904692082111453,29.8,31.227321603128054,1.4273216031280533,39.0,37.34037145650049,-1.6596285434995082
3392,M,177.0,90.8,0.0021109001245349646,7.750000804662704e-05,109.5,94.48912512218963,-15.010874877810366,98.7,82.07236070381231,-16.627639296187695,109.3,95.46612903225807,-13.83387096774193,67.7,57.024193548387096,-10.675806451612907,41.3,36.59046920821115,-4.7095307917888505,36.2,31.227321603128054,-4.972678396871949,42.4,37.34037145650049,-5.059628543499507
4419,M,176.6,84.7,0.0021109001245349646,7.750000804662704e-05,106.1,94.48912512218963,-11.61087487781036,98.5,82.07236070381231,-16.427639296187692,104.4,95.46612903225807,-8.933870967741939,57.2,57.024193548387096,-0.17580645161290676,37.6,36.59046920821115,-1.0095307917888547,36.2,31.227321603128054,-4.972678396871949,39.8,37.34037145650049,-2.4596285434995053
308,F,162.4,52.5,0.0021109001245349646,7.750000804662704e-05,82.8,94.48912512218963,11.689125122189637,67.5,82.07236070381231,14.572360703812308,90.8,95.46612903225807,4.66612903225807,54.4,57.024193548387096,2.6241935483870975,34.6,36.59046920821115,1.9904692082111453,29.2,31.227321603128054,2.0273216031280548,36.8,37.34037145650049,0.5403714565004947
1618,M,173.5,73.9,0.0021109001245349646,7.750000804662704e-05,99.9,94.48912512218963,-5.410874877810372,90.7,82.07236070381231,-8.627639296187695,98.5,95.46612903225807,-3.033870967741933,59.9,57.024193548387096,-2.8758064516129025,38.7,36.59046920821115,-2.109530791788856,31.6,31.227321603128054,-0.37267839687194737,41.1,37.34037145650049,-3.7596285434995096
833,M,184.2,92.9,0.0021109001245349646,7.750000804662704e-05,109.9,94.48912512218963,-15.410874877810372,90.4,82.07236070381231,-8.327639296187698,107.6,95.46612903225807,-12.133870967741927,65.2,57.024193548387096,-8.175806451612907,39.0,36.59046920821115,-2.4095307917888533,37.6,31.227321603128054,-6.372678396871947,42.3,37.34037145650049,-4.959628543499505
366,M,175.8,75.2,0.0021109001245349646,7.750000804662704e-05,102.9,94.48912512218963,-8.410874877810372,84.4,82.07236070381231,-2.327639296187698,95.5,95.46612903225807,-0.0338709677419331,58.3,57.024193548387096,-1.275806451612901,38.6,36.59046920821115,-2.0095307917888547,32.9,31.227321603128054,-1.6726783968719445,41.0,37.34037145650049,-3.659628543499508
3485,M,172.4,68.6,0.0021109001245349646,7.750000804662704e-05,98.6,94.48912512218963,-4.11087487781036,82.5,82.07236070381231,-0.42763929618769225,94.4,95.46612903225807,1.0661290322580612,55.5,57.024193548387096,1.524193548387096,38.7,36.59046920821115,-2.109530791788856,30.4,31.227321603128054,0.8273216031280555,39.7,37.34037145650049,-2.359628543499511
3737,M,175.5,76.7,0.0021109001245349646,7.750000804662704e-05,104.3,94.48912512218963,-9.810874877810363,88.0,82.07236070381231,-5.927639296187692,95.3,95.46612903225807,0.16612903225806974,58.1,57.024193548387096,-1.0758064516129053,39.7,36.59046920821115,-3.109530791788856,32.0,31.227321603128054,-0.772678396871946,42.4,37.34037145650049,-5.059628543499507
1204,M,176.1,99.0,0.0021109001245349646,7.750000804662704e-05,113.5,94.48912512218963,-19.010874877810366,97.4,82.07236070381231,-15.327639296187698,111.9,95.46612903225807,-16.43387096774194,71.5,57.024193548387096,-14.475806451612904,43.1,36.59046920821115,-6.509530791788855,36.4,31.227321603128054,-5.1726783968719445,42.5,37.34037145650049,-5.159628543499508
3946,M,163.7,61.5,0.0021109001245349646,7.750000804662704e-05,92.4,94.48912512218963,2.0891251221896283,78.0,82.07236070381231,4.072360703812308,92.2,95.46612903225807,3.266129032258064,55.1,57.024193548387096,1.9241935483870947,36.4,36.59046920821115,0.1904692082111481,31.4,31.227321603128054,-0.17267839687194453,38.6,37.34037145650049,-1.2596285434995096
3858,F,160.6,64.4,0.0021109001245349646,7.750000804662704e-05,89.4,94.48912512218963,5.089125122189628,81.2,82.07236070381231,0.8723607038123049,102.1,95.46612903225807,-6.633870967741927,60.2,57.024193548387096,-3.1758064516129068,38.5,36.59046920821115,-1.9095307917888533,30.5,31.227321603128054,0.727321603128054,35.4,37.34037145650049,1.9403714565004933
949,F,155.4,61.0,0.0021109001245349646,7.750000804662704e-05,89.3,94.48912512218963,5.189125122189637,77.6,82.07236070381231,4.472360703812313,96.6,95.46612903225807,-1.1338709677419274,55.4,57.024193548387096,1.6241935483870975,39.1,36.59046920821115,-2.5095307917888547,30.5,31.227321603128054,0.727321603128054,34.7,37.34037145650049,2.640371456500489
1187,M,173.1,70.0,0.0021109001245349646,7.750000804662704e-05,101.1,94.48912512218963,-6.61087487781036,77.7,82.07236070381231,4.372360703812305,96.0,95.46612903225807,-0.5338709677419331,56.6,57.024193548387096,0.42419354838709467,38.2,36.59046920821115,-1.6095307917888562,31.4,31.227321603128054,-0.17267839687194453,40.5,37.34037145650049,-3.159628543499508
19,M,169.8,84.2,0.0021109001245349646,7.750000804662704e-05,109.9,94.48912512218963,-15.410874877810372,96.9,82.07236070381231,-14.827639296187698,102.0,95.46612903225807,-6.533870967741933,63.7,57.024193548387096,-6.675806451612907,41.7,36.59046920821115,-5.109530791788856,36.8,31.227321603128054,-5.572678396871943,40.0,37.34037145650049,-2.659628543499508
1413,F,160.4,53.3,0.0021109001245349646,7.750000804662704e-05,83.9,94.48912512218963,10.589125122189628,69.2,82.07236070381231,12.872360703812305,93.2,95.46612903225807,2.266129032258064,53.9,57.024193548387096,3.1241935483870975,35.0,36.59046920821115,1.5904692082111467,26.7,31.227321603128054,4.527321603128055,33.0,37.34037145650049,4.340371456500492
1268,F,162.5,63.0,0.0021109001245349646,7.750000804662704e-05,89.3,94.48912512218963,5.189125122189637,79.6,82.07236070381231,2.4723607038123134,101.6,95.46612903225807,-6.133870967741927,62.1,57.024193548387096,-5.075806451612905,38.0,36.59046920821115,-1.4095307917888533,30.0,31.227321603128054,1.227321603128054,36.1,37.34037145650049,1.2403714565004904
668,M,177.3,71.4,0.0021109001245349646,7.750000804662704e-05,103.2,94.48912512218963,-8.710874877810369,86.3,82.07236070381231,-4.227639296187689,93.0,95.46612903225807,2.466129032258067,55.0,57.024193548387096,2.024193548387096,34.8,36.59046920821115,1.7904692082111495,33.5,31.227321603128054,-2.272678396871946,38.5,37.34037145650049,-1.1596285434995082
218,M,175.8,66.0,0.0021109001245349646,7.750000804662704e-05,96.5,94.48912512218963,-2.010874877810366,72.0,82.07236070381231,10.072360703812308,91.8,95.46612903225807,3.6661290322580697,54.1,57.024193548387096,2.9241935483870947,36.0,36.59046920821115,0.5904692082111467,31.5,31.227321603128054,-0.27267839687194595,39.8,37.34037145650049,-2.4596285434995053
1665,M,167.3,61.3,0.0021109001245349646,7.750000804662704e-05,96.4,94.48912512218963,-1.9108748778103717,79.4,82.07236070381231,2.672360703812302,91.8,95.46612903225807,3.6661290322580697,52.2,57.024193548387096,4.824193548387093,36.5,36.59046920821115,0.09046920821114668,28.2,31.227321603128054,3.0273216031280548,37.7,37.34037145650049,-0.359628543499511
438,F,159.7,50.0,0.0021109001245349646,7.750000804662704e-05,85.3,94.48912512218963,9.189125122189637,70.3,82.07236070381231,11.77236070381231,85.5,95.46612903225807,9.966129032258067,50.9,57.024193548387096,6.1241935483870975,34.3,36.59046920821115,2.2904692082111495,27.4,31.227321603128054,3.8273216031280555,35.4,37.34037145650049,1.9403714565004933
3755,M,175.7,86.6,0.0021109001245349646,7.750000804662704e-05,104.2,94.48912512218963,-9.710874877810369,97.8,82.07236070381231,-15.72763929618769,103.0,95.46612903225807,-7.533870967741933,61.7,57.024193548387096,-4.675806451612907,38.3,36.59046920821115,-1.7095307917888505,34.9,31.227321603128054,-3.6726783968719445,40.5,37.34037145650049,-3.159628543499508
4412,M,172.3,67.3,0.0021109001245349646,7.750000804662704e-05,96.3,94.48912512218963,-1.8108748778103632,76.1,82.07236070381231,5.972360703812313,94.2,95.46612903225807,1.266129032258064,55.4,57.024193548387096,1.6241935483870975,36.7,36.59046920821115,-0.10953079178885616,33.1,31.227321603128054,-1.8726783968719474,42.1,37.34037145650049,-4.75962854349951
2642,F,160.0,58.9,0.0021109001245349646,7.750000804662704e-05,90.7,94.48912512218963,3.789125122189631,79.1,82.07236070381231,2.9723607038123134,93.8,95.46612903225807,1.6661290322580697,57.5,57.024193548387096,-0.4758064516129039,34.2,36.59046920821115,2.390469208211144,30.8,31.227321603128054,0.42732160312805334,35.1,37.34037145650049,2.2403714565004904
3427,M,162.8,63.7,0.0021109001245349646,7.750000804662704e-05,94.1,94.48912512218963,0.3891251221896397,86.0,82.07236070381231,-3.9276392961876923,94.1,95.46612903225807,1.3661290322580726,55.3,57.024193548387096,1.724193548387099,35.5,36.59046920821115,1.0904692082111467,31.3,31.227321603128054,-0.07267839687194666,37.5,37.34037145650049,-0.15962854349950817
3575,F,157.3,66.3,0.0021109001245349646,7.750000804662704e-05,92.2,94.48912512218963,2.289125122189631,89.9,82.07236070381231,-7.827639296187698,97.7,95.46612903225807,-2.233870967741936,59.0,57.024193548387096,-1.975806451612904,36.7,36.59046920821115,-0.10953079178885616,32.1,31.227321603128054,-0.8726783968719474,36.7,37.34037145650049,0.640371456500489
3483,F,160.0,73.9,0.0021109001245349646,7.750000804662704e-05,99.2,94.48912512218963,-4.710874877810369,92.4,82.07236070381231,-10.327639296187698,105.8,95.46612903225807,-10.33387096774193,65.0,57.024193548387096,-7.975806451612904,38.0,36.59046920821115,-1.4095307917888533,32.9,31.227321603128054,-1.6726783968719445,36.1,37.34037145650049,1.2403714565004904
4738,M,165.3,86.9,0.0021109001245349646,7.750000804662704e-05,113.4,94.48912512218963,-18.91087487781037,97.7,82.07236070381231,-15.627639296187695,105.1,95.46612903225807,-9.633870967741927,64.9,57.024193548387096,-7.87580645161291,41.0,36.59046920821115,-4.409530791788853,36.0,31.227321603128054,-4.772678396871946,40.9,37.34037145650049,-3.5596285434995067
4089,M,179.0,87.4,0.0021109001245349646,7.750000804662704e-05,111.3,94.48912512218963,-16.810874877810363,86.7,82.07236070381231,-4.627639296187695,103.9,95.46612903225807,-8.433870967741939,68.5,57.024193548387096,-11.475806451612904,39.5,36.59046920821115,-2.9095307917888533,39.1,31.227321603128054,-7.872678396871947,40.6,37.34037145650049,-3.2596285434995096
